"TELEPHONIC_ADDRESS_ID","SITE_NAME","3"
"100151653",BUNGOMA_HILL_2G,184
"100240586",BUNGOMA_SOUTH_ATC_2G,946
"100286002",BUNGOMA_HILL_2G,714
"100287036",BUNGOMA_TOWN_2G,254
"100304963",BUNGOMA_HILL_3G,78
"100378484",BUNGOMA_TOWN_2G,450
"100389585",BUNGOMA_HILL_2G,806
"100408370",BUNGOMA_TOWN_3G,1190
"100416263",BUNGOMA_SOUTH_ATC_2G,402
"100418897",BUNGOMA_SOUTH_ATC_4G,914
"100425383",BUNGOMA_TOWN_2G,
"100428650",BUNGOMA_HILL_2G,222
"100482649",BUNGOMA_SOUTH_ATC_2G,422
"100482748",BUNGOMA_TOWN_2G,254
"100483697",BUNGOMA_SOUTH_ATC_2G,1086
"100489674",BUNGOMA_TOWN_3G,554
"100501755",BUNGOMA_SOUTH_ATC_2G,542
"100509045",BUNGOMA_TOWN_2G,268
"100542845",BUNGOMA_SOUTH_ATC_4G,0
"100567606",BUNGOMA_TOWN_4G,4152
"100591056",BUNGOMA_SOUTH_ATC_2G,390
"100600709",BUNGOMA_SOUTH_ATC_3G,232
"100604845",BUNGOMA_TOWN_2G,564
"100613439",BUNGOMA_SIKATA_4G,
"100629955",BUNGOMA_HILL_2G,532
"100630052",BUNGOMA_HILL_2G,146
"100673553",BUNGOMA_BLUELINE_3G,1340
"100673850",BUNGOMA_TOWN_3G,1634
"100685443",BUNGOMA_SOUTH_ATC_2G,280
"100717930",BUNGOMA_TOWN_3G,848
"100767541",BUNGOMA_HILL_2G,1520
"100815179",BUNGOMA_BLUELINE_4G,1458
"100858125",BUNGOMA_SOUTH_ATC_4G,354
"100858334",BUNGOMA_HILL_3G,592
"100863060",BUNGOMA_TOWN_2G,134
"100945775",BUNGOMA_SOUTH_ATC_2G,412
"100976994",BUNGOMA_HILL_2G,810
"100983594",BUNGOMA_HILL_2G,716
"100983929",BUNGOMA_HILL_3G,1760
"100983940",BUNGOMA_TOWN_2G,222
"100984692",BUNGOMA_SOUTH_ATC_2G,1670
"100984833",BUNGOMA_SOUTH_ATC_3G,1588
"100984865",BUNGOMA_TOWN_4G,502
"101021022",BUNGOMA_SOUTH_ATC_4G,1508
"101023779",BUNGOMA_TOWN_3G,2382
"101028874",BUNGOMA_SOUTH_ATC_4G,3902
"101045587",BUNGOMA_HILL_3G,362
"101060079",BUNGOMA_TOWN_4G,48
"101100240",BUNGOMA_HILL_2G,732
"101150197",BUNGOMA_BLUELINE_2G,
"101193908",BUNGOMA_SOUTH_ATC_2G,1492
"101206199",BUNGOMA_HILL_3G,1896
"101206496",BUNGOMA_BLUELINE_4G,64
"101210313",BUNGOMA_TOWN_2G,1520
"101213819",BUNGOMA_TOWN_4G,1714
"101215150",BUNGOMA_HILL_3G,800
"101219239",BUNGOMA_TOWN_4G,36
"101227345",BUNGOMA_HILL_2G,0
"101232856",BUNGOMA_TOWN_2G,44
"101263352",BUNGOMA_SOUTH_ATC_4G,914
"101268509",BUNGOMA_SOUTH_ATC_2G,660
"101268718",BUNGOMA_HILL_2G,152
"101275486",BUNGOMA_HILL_2G,380
"101281327",BUNGOMA_SIKATA_4G,418
"101294566",BUNGOMA_TOWN_3G,4488
"101294892",BUNGOMA_HILL_2G,134
"101295245",BUNGOMA_SOUTH_ATC_4G,1926
"101296683",BUNGOMA_BLUELINE_2G,60
"101428573",BUNGOMA_SOUTH_ATC_2G,
"101469498",BUNGOMA_HILL_4G,14
"101473173",BUNGOMA_SOUTH_ATC_2G,36
"101483419",BUNGOMA_SOUTH_ATC_3G,220
"101598119",BUNGOMA_TOWN_3G,
"101632431",BUNGOMA_SIKATA_4G,3042
"101767818",BUNGOMA_SIKATA_2G,604
"101770745",BUNGOMA_TOWN_2G,2064
"101902270",BUNGOMA_TOWN_3G,210
"101934921",BUNGOMA_HILL_2G,298
"101935505",BUNGOMA_TOWN_2G,336
"101951949",BUNGOMA_HILL_3G,3962
"101971862",BUNGOMA_TOWN_3G,2616
"101979028",BUNGOMA_HILL_2G,566
"102023144",BUNGOMA_TOWN_3G,620
"102066774",BUNGOMA_TOWN_2G,258
"102066929",BUNGOMA_TOWN_4G,4612
"102321516",BUNGOMA_SOUTH_ATC_4G,1090
"102321599",BUNGOMA_HILL_4G,
"102322893",BUNGOMA_HILL_3G,854
"102323011",BUNGOMA_HILL_4G,158
"102342921",BUNGOMA_TOWN_2G,198
"102343170",BUNGOMA_SOUTH_ATC_4G,280
"102385089",BUNGOMA_BLUELINE_2G,72
"102385276",BUNGOMA_SOUTH_ATC_2G,
"102438076",BUNGOMA_SOUTH_ATC_2G,240
"102490573",BUNGOMA_SOUTH_ATC_2G,12
"102495437",BUNGOMA_TOWN_2G,68
"102502913",BUNGOMA_TOWN_2G,
"102507447",BUNGOMA_HILL_2G,296
"102507630",BUNGOMA_BLUELINE_4G,2820
"102576118",BUNGOMA_SOUTH_ATC_2G,272
"102581053",BUNGOMA_SOUTH_ATC_2G,238
"102674980",BUNGOMA_SOUTH_ATC_4G,2564
"102675969",BUNGOMA_TOWN_4G,1000
"102678546",BUNGOMA_HILL_2G,228
"102681697",BUNGOMA_BLUELINE_2G,1094
"102732973",BUNGOMA_SOUTH_ATC_2G,108
"102794515",BUNGOMA_TOWN_2G,878
"102795234",BUNGOMA_TOWN_2G,26
"102795560",BUNGOMA_BLUELINE_2G,72
"102816316",BUNGOMA_SIKATA_2G,564
"102844063",BUNGOMA_SIKATA_3G,
"103009802",BUNGOMA_TOWN_2G,20
"103062024",BUNGOMA_SOUTH_ATC_4G,4468
"103251372",BUNGOMA_SOUTH_ATC_3G,40
"103310624",BUNGOMA_SOUTH_ATC_2G,140
"103360821",BUNGOMA_TOWN_2G,648
"103420125",BUNGOMA_HILL_3G,528
"103455700",BUNGOMA_SOUTH_ATC_2G,224
"103490113",BUNGOMA_HILL_2G,98
"103507608",BUNGOMA_TOWN_4G,524
"103591739",BUNGOMA_BLUELINE_4G,670
"103615006",BUNGOMA_TOWN_4G,682
"103645293",BUNGOMA_BLUELINE_2G,62
"103704631",BUNGOMA_SOUTH_ATC_4G,5602
"103736507",BUNGOMA_TOWN_3G,76
"103800941",BUNGOMA_TOWN_2G,
"103852881",BUNGOMA_SOUTH_ATC_2G,250
"103873810",BUNGOMA_BLUELINE_4G,8544
"103946990",BUNGOMA_TOWN_2G,498
"103954163",BUNGOMA_TOWN_4G,1282
"103981261",BUNGOMA_HILL_3G,2258
"104135080",BUNGOMA_TOWN_2G,1820
"104247122",BUNGOMA_HILL_4G,622
"104251890",BUNGOMA_TOWN_4G,350
"104853076",BUNGOMA_TOWN_2G,346
"105045508",BUNGOMA_BLUELINE_2G,10
"105087707",BUNGOMA_BLUELINE_3G,452
"105109938",BUNGOMA_HILL_3G,308
"105117063",BUNGOMA_TOWN_2G,206
"105118268",BUNGOMA_SOUTH_ATC_2G,678
"105134332",BUNGOMA_BLUELINE_4G,40
"105136355",BUNGOMA_HILL_2G,706
"105206390",BUNGOMA_TOWN_2G,274
"105243617",BUNGOMA_HILL_2G,220
"105251821",BUNGOMA_TOWN_4G,3626
"105251920",BUNGOMA_TOWN_2G,1350
"105276791",BUNGOMA_SIKATA_2G,954
"105298201",BUNGOMA_TOWN_2G,58
"105300439",BUNGOMA_SOUTH_ATC_4G,2296
"105300592",BUNGOMA_TOWN_3G,146
"105492068",BUNGOMA_HILL_3G,18
"105645281",BUNGOMA_SIKATA_2G,28
"105798711",BUNGOMA_HILL_3G,
"731006400",BUNGOMA_SIKATA_2G,86
"731053828",BUNGOMA_TOWN_2G,200
"731053927",BUNGOMA_TOWN_4G,160
"731075060",BUNGOMA_SOUTH_ATC_2G,120
"731096806",BUNGOMA_TOWN_4G,1484
"731127322",BUNGOMA_SOUTH_ATC_3G,2400
"731208743",BUNGOMA_TOWN_2G,12
"731227426",BUNGOMA_SOUTH_ATC_2G,1124
"731228186",BUNGOMA_HILL_2G,62
"731243311",BUNGOMA_HILL_2G,16
"731259114",BUNGOMA_SIKATA_4G,418
"731264846",BUNGOMA_SIKATA_2G,514
"731295563",BUNGOMA_TOWN_2G,1334
"731359806",BUNGOMA_BLUELINE_2G,
"731385852",BUNGOMA_SOUTH_ATC_2G,2930
"731420993",BUNGOMA_TOWN_2G,6
"731430226",BUNGOMA_TOWN_3G,
"731450431",BUNGOMA_SOUTH_ATC_4G,900
"731455888",BUNGOMA_BLUELINE_2G,32
"731456619",BUNGOMA_TOWN_2G,6
"731464837",BUNGOMA_TOWN_3G,1496
"731473972",BUNGOMA_SOUTH_ATC_3G,160
"731475116",BUNGOMA_TOWN_4G,2228
"731478070",BUNGOMA_BLUELINE_3G,3178
"731530766",BUNGOMA_SOUTH_ATC_2G,770
"731531089",BUNGOMA_TOWN_4G,80
"731531845",BUNGOMA_SOUTH_ATC_4G,680
"731532748",BUNGOMA_TOWN_3G,110
"731566379",BUNGOMA_HILL_2G,68
"731576367",BUNGOMA_TOWN_3G,632
"731587634",BUNGOMA_BLUELINE_4G,3578
"731606187",BUNGOMA_SOUTH_ATC_4G,7232
"731621704",BUNGOMA_TOWN_3G,
"731622199",BUNGOMA_BLUELINE_2G,44
"731625411",BUNGOMA_HILL_2G,2538
"731629097",BUNGOMA_SIKATA_4G,1628
"731642039",BUNGOMA_SOUTH_ATC_4G,798
"731645988",BUNGOMA_BLUELINE_3G,156
"731652652",BUNGOMA_TOWN_4G,968
"731654925",BUNGOMA_BLUELINE_2G,16
"731654972",BUNGOMA_SIKATA_2G,28
"731678260",BUNGOMA_HILL_2G,
"731715482",BUNGOMA_TOWN_2G,326
"731728202",BUNGOMA_BLUELINE_2G,120
"731734110",BUNGOMA_HILL_2G,1496
"731767234",BUNGOMA_HILL_2G,4978
"731771406",BUNGOMA_SIKATA_2G,1774
"731779000",BUNGOMA_TOWN_3G,2726
"731785661",BUNGOMA_SIKATA_3G,172
"731792852",BUNGOMA_SOUTH_ATC_3G,676
"731793151",BUNGOMA_TOWN_2G,886
"731796441",BUNGOMA_TOWN_2G,66
"731803705",BUNGOMA_SIKATA_4G,838
"731807214",BUNGOMA_BLUELINE_2G,166
"731851510",BUNGOMA_SOUTH_ATC_3G,918
"731880512",BUNGOMA_HILL_2G,20
"731881434",BUNGOMA_SIKATA_2G,730
"731884127",BUNGOMA_HILL_3G,564
"731889182",BUNGOMA_TOWN_4G,840
"731931729",BUNGOMA_BLUELINE_2G,298
"731936413",BUNGOMA_BLUELINE_2G,3534
"731950967",BUNGOMA_TOWN_2G,86
"731955845",BUNGOMA_BLUELINE_4G,1920
"731959741",BUNGOMA_BLUELINE_2G,12
"731983404",BUNGOMA_SIKATA_4G,1136
"732012898",BUNGOMA_SOUTH_ATC_4G,438
"732020761",BUNGOMA_SIKATA_2G,698
"732021565",BUNGOMA_SOUTH_ATC_2G,100
"732022357",BUNGOMA_HILL_2G,336
"732026283",BUNGOMA_TOWN_2G,
"732058454",BUNGOMA_HILL_4G,20
"732062723",BUNGOMA_BLUELINE_2G,506
"732218043",BUNGOMA_TOWN_2G,550
"732244519",BUNGOMA_TOWN_2G,396
"732269259",BUNGOMA_SIKATA_2G,554
"732269421",BUNGOMA_HILL_2G,150
"732282804",BUNGOMA_BLUELINE_4G,4
"732326683",BUNGOMA_TOWN_2G,374
"732374343",BUNGOMA_TOWN_2G,852
"732390993",BUNGOMA_SOUTH_ATC_4G,8
"732393573",BUNGOMA_TOWN_3G,630
"732421051",BUNGOMA_HILL_4G,610
"732421400",BUNGOMA_HILL_4G,
"732426272",BUNGOMA_TOWN_3G,2062
"732427180",BUNGOMA_TOWN_3G,954
"732427895",BUNGOMA_TOWN_3G,1978
"732428712",BUNGOMA_HILL_2G,1238
"732438300",BUNGOMA_TOWN_2G,1870
"732453259",BUNGOMA_SOUTH_ATC_2G,40
"732453556",BUNGOMA_TOWN_3G,318
"732476941",BUNGOMA_TOWN_2G,6
"732480736",BUNGOMA_HILL_2G,112
"732489750",BUNGOMA_TOWN_2G,2600
"732495107",BUNGOMA_TOWN_2G,68
"732496607",BUNGOMA_TOWN_3G,930
"732499750",BUNGOMA_TOWN_4G,5482
"732505299",BUNGOMA_BLUELINE_4G,486
"732505544",BUNGOMA_TOWN_2G,932
"732506439",BUNGOMA_HILL_4G,1826
"732526101",BUNGOMA_SOUTH_ATC_2G,240
"732547726",BUNGOMA_TOWN_3G,600
"732598106",BUNGOMA_HILL_4G,1186
"732607366",BUNGOMA_SOUTH_ATC_2G,198
"732607777",BUNGOMA_TOWN_3G,182
"732611575",BUNGOMA_TOWN_3G,4440
"732615906",BUNGOMA_HILL_4G,1740
"732629191",BUNGOMA_TOWN_2G,36
"732634487",BUNGOMA_HILL_2G,184
"732636377",BUNGOMA_SOUTH_ATC_2G,200
"732639529",BUNGOMA_HILL_2G,920
"732685670",BUNGOMA_HILL_4G,6810
"732686751",BUNGOMA_SOUTH_ATC_2G,552
"732687384",BUNGOMA_TOWN_2G,98
"732689217",BUNGOMA_HILL_3G,312
"732703431",BUNGOMA_HILL_4G,544
"732719402",BUNGOMA_SIKATA_2G,2464
"732735981",BUNGOMA_SOUTH_ATC_2G,20
"732739724",BUNGOMA_BLUELINE_2G,2018
"732750084",BUNGOMA_TOWN_4G,
"732753037",BUNGOMA_BLUELINE_3G,6168
"732762633",BUNGOMA_SOUTH_ATC_2G,976
"732762655",BUNGOMA_BLUELINE_2G,352
"732768676",BUNGOMA_SOUTH_ATC_4G,194
"732769711",BUNGOMA_HILL_2G,244
"732771925",BUNGOMA_TOWN_2G,344
"732785125",BUNGOMA_TOWN_2G,390
"732797152",BUNGOMA_TOWN_4G,490
"732832213",BUNGOMA_TOWN_4G,7360
"732843503",BUNGOMA_BLUELINE_2G,8088
"732860459",BUNGOMA_TOWN_3G,480
"732883871",BUNGOMA_TOWN_2G,42
"732884771",BUNGOMA_SIKATA_2G,102
"732885720",BUNGOMA_TOWN_3G,268
"732890983",BUNGOMA_TOWN_4G,90
"732896739",BUNGOMA_SIKATA_2G,0
"732907034",BUNGOMA_SOUTH_ATC_2G,204
"732933931",BUNGOMA_SOUTH_ATC_3G,630
"732981013",BUNGOMA_TOWN_4G,1082
"733124544",BUNGOMA_BLUELINE_3G,492
"733219110",BUNGOMA_SOUTH_ATC_3G,1714
"733228709",BUNGOMA_SOUTH_ATC_4G,300
"733229598",BUNGOMA_SIKATA_2G,630
"733343086",BUNGOMA_HILL_3G,200
"733398997",BUNGOMA_HILL_4G,2534
"733458456",BUNGOMA_TOWN_4G,898
"733466028",BUNGOMA_TOWN_3G,1458
"733533736",BUNGOMA_TOWN_2G,
"733540107",BUNGOMA_TOWN_2G,72
"733566795",BUNGOMA_SOUTH_ATC_2G,126
"733613316",BUNGOMA_SOUTH_ATC_4G,6494
"733628088",BUNGOMA_SIKATA_2G,188
"733657253",BUNGOMA_TOWN_3G,440
"733657529",BUNGOMA_TOWN_4G,380
"733712051",BUNGOMA_SOUTH_ATC_2G,586
"733747396",BUNGOMA_SOUTH_ATC_3G,
"733764537",BUNGOMA_TOWN_2G,
"733819924",BUNGOMA_TOWN_3G,2146
"733841016",BUNGOMA_TOWN_2G,672
"733850285",BUNGOMA_TOWN_2G,590
"733850917",BUNGOMA_TOWN_2G,270
"733854866",BUNGOMA_SOUTH_ATC_4G,1916
"733912192",BUNGOMA_SOUTH_ATC_4G,624
"733917152",BUNGOMA_TOWN_2G,1340
"733941622",BUNGOMA_SOUTH_ATC_2G,0
"733955766",BUNGOMA_TOWN_2G,406
"733963804",BUNGOMA_HILL_2G,94
"733976889",BUNGOMA_TOWN_4G,59470
"733992191",BUNGOMA_BLUELINE_3G,52
"733994379",BUNGOMA_TOWN_3G,0
"734004956",BUNGOMA_SOUTH_ATC_2G,396
"734005797",BUNGOMA_TOWN_3G,
"734013692",BUNGOMA_TOWN_2G,706
"734028953",BUNGOMA_TOWN_2G,16
"734042432",BUNGOMA_BLUELINE_2G,108
"734044054",BUNGOMA_TOWN_2G,270
"734057242",BUNGOMA_TOWN_4G,122
"734074560",BUNGOMA_TOWN_3G,128
"734204590",BUNGOMA_HILL_2G,546
"734227571",BUNGOMA_SOUTH_ATC_3G,1736
"734229782",BUNGOMA_TOWN_3G,1366
"734240916",BUNGOMA_BLUELINE_3G,124
"734247092",BUNGOMA_TOWN_2G,68
"734250414",BUNGOMA_HILL_2G,300
"734276297",BUNGOMA_SOUTH_ATC_3G,416
"734285685",BUNGOMA_SIKATA_2G,54
"734288122",BUNGOMA_HILL_4G,
"734342600",BUNGOMA_SIKATA_2G,1534
"734353701",BUNGOMA_TOWN_2G,168
"734357905",BUNGOMA_HILL_2G,800
"734394635",BUNGOMA_BLUELINE_3G,374
"734437292",BUNGOMA_TOWN_2G,3896
"734443103",BUNGOMA_TOWN_4G,160
"734466436",BUNGOMA_HILL_2G,94
"734474556",BUNGOMA_BLUELINE_2G,136
"734477383",BUNGOMA_HILL_2G,438
"734508161",BUNGOMA_SOUTH_ATC_2G,502
"734535313",BUNGOMA_TOWN_4G,2922
"734538946",BUNGOMA_TOWN_2G,618
"734624844",BUNGOMA_SOUTH_ATC_3G,1010
"734630021",BUNGOMA_TOWN_2G,324
"734644952",BUNGOMA_BLUELINE_3G,
"734679030",BUNGOMA_BLUELINE_2G,
"734699881",BUNGOMA_TOWN_4G,2862
"734703600",BUNGOMA_SOUTH_ATC_4G,1940
"734714236",BUNGOMA_BLUELINE_2G,560
"734741545",BUNGOMA_BLUELINE_2G,530
"734750301",BUNGOMA_TOWN_3G,1506
"734797867",BUNGOMA_BLUELINE_3G,400
"734854683",BUNGOMA_BLUELINE_2G,
"734868310",BUNGOMA_SOUTH_ATC_3G,
"734884841",BUNGOMA_TOWN_3G,2108
"734906497",BUNGOMA_HILL_4G,1652
"734909425",BUNGOMA_SOUTH_ATC_2G,394
"734973462",BUNGOMA_TOWN_4G,1062
"734990676",BUNGOMA_TOWN_2G,684
"735008654",BUNGOMA_SIKATA_2G,804
"735022326",BUNGOMA_TOWN_3G,1142
"735032505",BUNGOMA_HILL_2G,612
"735059208",BUNGOMA_SIKATA_3G,1708
"735066599",BUNGOMA_TOWN_2G,122
"735079735",BUNGOMA_SIKATA_3G,442
"735088316",BUNGOMA_SOUTH_ATC_2G,2276
"735088712",BUNGOMA_SOUTH_ATC_3G,326
"735133907",BUNGOMA_TOWN_4G,1372
"735175928",BUNGOMA_TOWN_3G,44
"735196662",BUNGOMA_TOWN_4G,100
"735197736",BUNGOMA_SOUTH_ATC_2G,772
"735223424",BUNGOMA_TOWN_2G,310
"735228420",BUNGOMA_TOWN_2G,202
"735228505",BUNGOMA_HILL_2G,298
"735229211",BUNGOMA_BLUELINE_4G,310
"735275257",BUNGOMA_TOWN_2G,248
"735286870",BUNGOMA_TOWN_2G,892
"735307455",BUNGOMA_TOWN_2G,202
"735323124",BUNGOMA_TOWN_3G,1424
"735345652",BUNGOMA_BLUELINE_2G,722
"735354367",BUNGOMA_BLUELINE_2G,578
"735404737",BUNGOMA_TOWN_2G,102
"735407505",BUNGOMA_TOWN_2G,1814
"735412169",BUNGOMA_SOUTH_ATC_2G,204
"735467278",BUNGOMA_SIKATA_2G,
"735476779",BUNGOMA_SIKATA_3G,5708
"735493912",BUNGOMA_TOWN_2G,60
"735495801",BUNGOMA_TOWN_4G,3960
"735549189",BUNGOMA_TOWN_2G,260
"735568249",BUNGOMA_HILL_2G,
"735592471",BUNGOMA_SOUTH_ATC_2G,426
"735638156",BUNGOMA_TOWN_2G,580
"735643557",BUNGOMA_TOWN_2G,444
"735651050",BUNGOMA_BLUELINE_2G,190
"735652939",BUNGOMA_TOWN_4G,1948
"735692114",BUNGOMA_TOWN_2G,600
"735725701",BUNGOMA_SIKATA_2G,344
"735733434",BUNGOMA_TOWN_3G,4486
"735746829",BUNGOMA_HILL_2G,1214
"735756114",BUNGOMA_SOUTH_ATC_4G,1398
"735771320",BUNGOMA_HILL_2G,480
"735778129",BUNGOMA_TOWN_2G,68
"735780885",BUNGOMA_BLUELINE_3G,762
"735822509",BUNGOMA_SIKATA_4G,40
"735824131",BUNGOMA_TOWN_2G,920
"735824839",BUNGOMA_SOUTH_ATC_3G,260
"735866944",BUNGOMA_TOWN_4G,6198
"735874730",BUNGOMA_SOUTH_ATC_2G,10
"735875457",BUNGOMA_HILL_3G,1920
"735901964",BUNGOMA_SIKATA_2G,46
"735907963",BUNGOMA_TOWN_2G,488
"735911528",BUNGOMA_TOWN_2G,662
"736009135",BUNGOMA_TOWN_3G,9070
"736031090",BUNGOMA_SIKATA_2G,190
"736099237",BUNGOMA_TOWN_3G,1632
"736099970",BUNGOMA_HILL_4G,2828
"736107817",BUNGOMA_TOWN_2G,296
"736121551",BUNGOMA_HILL_2G,38
"736151595",BUNGOMA_TOWN_2G,184
"736163071",BUNGOMA_TOWN_3G,616
"736184336",BUNGOMA_BLUELINE_3G,4536
"736207006",BUNGOMA_HILL_2G,16
"736215019",BUNGOMA_HILL_2G,604
"736223415",BUNGOMA_BLUELINE_4G,740
"736232093",BUNGOMA_SOUTH_ATC_2G,
"736233058",BUNGOMA_BLUELINE_3G,
"736239958",BUNGOMA_SOUTH_ATC_2G,184
"736249917",BUNGOMA_BLUELINE_2G,58
"736264060",BUNGOMA_SIKATA_2G,884
"736273200",BUNGOMA_TOWN_2G,670
"736307569",BUNGOMA_SOUTH_ATC_4G,180
"736331505",BUNGOMA_TOWN_2G,590
"736350392",BUNGOMA_TOWN_2G,188
"736351912",BUNGOMA_BLUELINE_3G,810
"736357790",BUNGOMA_SOUTH_ATC_4G,
"736360226",BUNGOMA_SOUTH_ATC_4G,434
"736406046",BUNGOMA_TOWN_3G,1272
"736419158",BUNGOMA_HILL_2G,490
"736427511",BUNGOMA_SIKATA_2G,
"736450789",BUNGOMA_TOWN_2G,16
"736456885",BUNGOMA_SOUTH_ATC_2G,1374
"736462182",BUNGOMA_TOWN_2G,1964
"736492926",BUNGOMA_TOWN_4G,1326
"736494559",BUNGOMA_SIKATA_3G,816
"736526847",BUNGOMA_SIKATA_2G,4
"736530310",BUNGOMA_SOUTH_ATC_2G,368
"736579440",BUNGOMA_HILL_2G,38
"736585079",BUNGOMA_BLUELINE_4G,6866
"736597309",BUNGOMA_SIKATA_3G,176
"736605447",BUNGOMA_TOWN_2G,4
"736624859",BUNGOMA_HILL_2G,962
"736625109",BUNGOMA_SIKATA_2G,716
"736626073",BUNGOMA_TOWN_3G,140
"736626120",BUNGOMA_HILL_2G,480
"736640775",BUNGOMA_TOWN_2G,2144
"736669116",BUNGOMA_TOWN_2G,150
"736670786",BUNGOMA_SOUTH_ATC_4G,452
"736671090",BUNGOMA_SOUTH_ATC_4G,1640
"736676804",BUNGOMA_SOUTH_ATC_3G,360
"736686560",BUNGOMA_SOUTH_ATC_2G,180
"736693682",BUNGOMA_BLUELINE_3G,882
"736701946",BUNGOMA_SOUTH_ATC_3G,432
"736704844",BUNGOMA_SOUTH_ATC_2G,232
"736730352",BUNGOMA_TOWN_3G,2532
"736731494",BUNGOMA_HILL_3G,
"736733989",BUNGOMA_SIKATA_4G,376
"736736995",BUNGOMA_HILL_4G,2072
"736738665",BUNGOMA_BLUELINE_4G,424
"736743349",BUNGOMA_SIKATA_2G,216
"736745870",BUNGOMA_HILL_3G,298
"736748169",BUNGOMA_HILL_2G,108
"736750278",BUNGOMA_TOWN_4G,2258
"736758302",BUNGOMA_TOWN_2G,
"736767883",BUNGOMA_BLUELINE_2G,336
"736775659",BUNGOMA_TOWN_2G,1028
"736790821",BUNGOMA_SIKATA_4G,1846
"736795655",BUNGOMA_SIKATA_2G,240
"736797845",BUNGOMA_SOUTH_ATC_2G,728
"736820559",BUNGOMA_HILL_2G,580
"736847248",BUNGOMA_TOWN_2G,98
"736859097",BUNGOMA_SIKATA_3G,2136
"736861086",BUNGOMA_TOWN_2G,1728
"736873050",BUNGOMA_BLUELINE_2G,766
"736876934",BUNGOMA_HILL_4G,4548
"736881129",BUNGOMA_TOWN_4G,20
"736902552",BUNGOMA_SOUTH_ATC_2G,96
"736920072",BUNGOMA_BLUELINE_4G,7024
"736929559",BUNGOMA_HILL_4G,1148
"736936875",BUNGOMA_SOUTH_ATC_4G,1262
"736944375",BUNGOMA_BLUELINE_2G,1680
"736984112",BUNGOMA_TOWN_2G,0
