"TELEPHONIC_ADDRESS_ID","SITE_NAME","3"
"100138818",MACHAKOS_MUTITUNI_3G,40
"100149055",MACHAKOS_JUNCTION_2G,
"100149954",MACHAKOS_ST._VALENTINE_2G,212
"100160890",MACHAKOS_CENTRE_4G,2250
"100167534",MACHAKOS_KATHIANI_2G,28
"100189843",MACHAKOS_KATHIANI_2G,256
"100196532",MACHAKOS_MUTITUNI_4G,1220
"100202709",MACHAKOS_CENTRE_2G,20
"100214471",MACHAKOS_JUNCTION_2G,134
"100219392",MACHAKOS_CENTRE_2G,2110
"100255188",MACHAKOS_JUNCTION_3G,1520
"100257797",MACHAKOS_JUNCTION_3G,5056
"100263090",MACHAKOS_TOWN_4G,140
"100272183",MACHAKOS_ST._VALENTINE_3G,42
"100278798",MACHAKOS_JUNCTION_2G,564
"100288260",MACHAKOS_JUNCTION_2G,1816
"100379732",MACHAKOS_CENTRE_4G,2392
"100387210",MACHAKOS_KATHIANI_2G,480
"100402204",MACHAKOS_ST._VALENTINE_2G,238
"100404456",MACHAKOS_JUNCTION_2G,0
"100447677",MACHAKOS_MIWANI_ESTATE_4G,400
"100447721",MACHAKOS_MARKET_2G,278
"100447916",MACHAKOS_CENTRE_4G,9336
"100448089",MACHAKOS_ST._VALENTINE_4G,478
"100481122",MACHAKOS_KATHIANI_2G,130
"100487796",MACHAKOS_ST._VALENTINE_2G,0
"100487872",MACHAKOS_MARKET_3G,398
"100491354",MACHAKOS_JUNCTION_2G,418
"100506171",MACHAKOS_MARKET_4G,
"100507716",MACHAKOS_ST._VALENTINE_2G,818
"100536686",MACHAKOS_CENTRE_4G,190
"100536712",MACHAKOS_MARKET_4G,2720
"100568776",MACHAKOS_MUTITUNI_4G,636
"100573279",MACHAKOS_KATHIANI_3G,744
"100615469",MACHAKOS_JUNCTION_3G,
"100616087",MACHAKOS_JUNCTION_3G,2420
"100647426",MACHAKOS_MARKET_2G,300
"100652368",MACHAKOS_JUNCTION_4G,316
"100653493",MACHAKOS_MIWANI_ESTATE_3G,
"100657908",MACHAKOS_KATHIANI_3G,
"100669226",MACHAKOS_JUNCTION_2G,994
"100670153",MACHAKOS_EASTLEIGH_4G,358
"100674411",MACHAKOS_TOWN_3G,610
"100709225",MACHAKOS_KATHIANI_2G,990
"100728608",MACHAKOS_JUNCTION_2G,56
"100729642",MACHAKOS_KATHIANI_2G,18
"100744364",MACHAKOS_CENTRE_2G,40
"100747207",MACHAKOS_TOWN_2G,266
"100764291",MACHAKOS_TOWN_2G,658
"100770124",MACHAKOS_JUNCTION_2G,1262
"100797496",MACHAKOS_EASTLEIGH_3G,90
"100821348",MACHAKOS_JUNCTION_2G,1514
"100823119",MACHAKOS_EASTLEIGH_2G,544
"100829580",MACHAKOS_MUTITUNI_2G,34
"100838644",MACHAKOS_MUTITUNI_ATC_4G,2430
"100838676",MACHAKOS_TOWN_3G,180
"100862704",MACHAKOS_4G,1390
"100862807",MACHAKOS_JUNCTION_4G,4112
"100885421",MACHAKOS_EASTLEIGH_4G,674
"100885616",MACHAKOS_JUNCTION_3G,58
"100887281",MACHAKOS_MANZA_4G,3222
"100900885",MACHAKOS_3G,464
"100902014",MACHAKOS_MARKET_2G,128
"100906797",MACHAKOS_KATHIANI_2G,480
"100909708",MACHAKOS_KATHIANI_2G,222
"100932914",MACHAKOS_JUNCTION_3G,142
"100948024",MACHAKOS_CENTRE_2G,774
"100967975",MACHAKOS_ST._VALENTINE_3G,1704
"100968063",MACHAKOS_ST._VALENTINE_2G,1554
"100973066",MACHAKOS_MARKET_3G,
"100973107",MACHAKOS_TOWN_3G,802
"100973297",MACHAKOS_TOWN_2G,866
"101001153",MACHAKOS_MIWANI_ESTATE_2G,128
"101048481",MACHAKOS_JUNCTION_3G,640
"101049006",MACHAKOS_ST._VALENTINE_2G,138
"101058743",MACHAKOS_3G,
"101060610",MACHAKOS_JUNCTION_2G,1432
"101062348",MACHAKOS_MIWANI_ESTATE_4G,2216
"101079362",MACHAKOS_MIWANI_ESTATE_2G,1636
"101089170",MACHAKOS_ST._VALENTINE_4G,3010
"101089248",MACHAKOS_TOWN_2G,1930
"101096397",MACHAKOS_JUNCTION_4G,188
"101105014",MACHAKOS_TOWN_3G,
"101106626",MACHAKOS_MUTITUNI_4G,1604
"101139447",MACHAKOS_MARKET_3G,1394
"101157286",MACHAKOS_TOWN_2G,656
"101157583",MACHAKOS_TOWN_2G,1094
"101159751",MACHAKOS_KATHIANI_2G,190
"101255440",MACHAKOS_CENTRE_3G,1514
"101255441",MACHAKOS_ST._VALENTINE_2G,194
"101255481",MACHAKOS_ST._VALENTINE_4G,3144
"101267218",MACHAKOS_KATHIANI_2G,126
"101275203",MACHAKOS_MIWANI_ESTATE_2G,44
"101276569",MACHAKOS_CENTRE_2G,22
"101292490",MACHAKOS_MANZA_4G,806
"101319469",MACHAKOS_MANZA_2G,260
"101328619",MACHAKOS_MUTITUNI_3G,598
"101329233",MACHAKOS_TOWN_2G,
"101349448",MACHAKOS_KATHIANI_2G,178
"101365574",MACHAKOS_ST._VALENTINE_3G,2020
"101374632",MACHAKOS_TOWN_4G,2236
"101411097",MACHAKOS_TOWN_2G,654
"101433479",MACHAKOS_TOWN_4G,1784
"101434251",MACHAKOS_MUTITUNI_ATC_2G,3902
"101467883",MACHAKOS_JUNCTION_4G,2836
"101472295",MACHAKOS_JUNCTION_3G,2220
"101472592",MACHAKOS_JUNCTION_2G,132
"101481338",MACHAKOS_MARKET_4G,316
"101481590",MACHAKOS_MARKET_2G,1486
"101485155",MACHAKOS_CENTRE_3G,760
"101487470",MACHAKOS_MIWANI_ESTATE_4G,2614
"101516774",MACHAKOS_JUNCTION_2G,158
"101534424",MACHAKOS_ST._VALENTINE_4G,1344
"101536688",MACHAKOS_CENTRE_4G,556
"101571277",MACHAKOS_MARKET_2G,6
"101571320",MACHAKOS_MIWANI_ESTATE_4G,500
"101571325",MACHAKOS_2G,34
"101579687",MACHAKOS_JUNCTION_2G,
"101585600",MACHAKOS_JUNCTION_2G,398
"101599054",MACHAKOS_KATHIANI_2G,158
"101606506",MACHAKOS_TOWN_3G,1558
"101607220",MACHAKOS_ST._VALENTINE_3G,1414
"101618952",MACHAKOS_MARKET_3G,1310
"101627030",MACHAKOS_TOWN_4G,6336
"101646948",MACHAKOS_ST._VALENTINE_2G,454
"101669112",MACHAKOS_ST._VALENTINE_3G,200
"101669211",MACHAKOS_KATHIANI_2G,12
"101669336",MACHAKOS_KATHIANI_2G,194
"101669476",MACHAKOS_KATHIANI_4G,
"101671935",MACHAKOS_JUNCTION_4G,198
"101672374",MACHAKOS_MUTITUNI_ATC_4G,7792
"101673317",MACHAKOS_KATHIANI_2G,66
"101675367",MACHAKOS_CENTRE_3G,686
"101676955",MACHAKOS_MIWANI_ESTATE_4G,5772
"101677466",MACHAKOS_KATHIANI_2G,62
"101681134",MACHAKOS_MIWANI_ESTATE_3G,1272
"101682076",MACHAKOS_KATHIANI_2G,304
"101682131",MACHAKOS_KATHIANI_2G,90
"101682373",MACHAKOS_KATHIANI_2G,218
"101702792",MACHAKOS_MARKET_3G,240
"101715044",MACHAKOS_KATHIANI_2G,0
"101720129",MACHAKOS_KATHIANI_2G,100
"101720183",MACHAKOS_KATHIANI_2G,470
"101755325",MACHAKOS_MARKET_2G,880
"101770592",MACHAKOS_KATHIANI_2G,140
"101774140",MACHAKOS_MANZA_4G,998
"101795035",MACHAKOS_MUTITUNI_2G,196
"101817078",MACHAKOS_JUNCTION_3G,3598
"101832515",MACHAKOS_KATHIANI_2G,242
"101847736",MACHAKOS_KATHIANI_4G,1768
"101860859",MACHAKOS_KATHIANI_2G,1734
"101862090",MACHAKOS_EASTLEIGH_4G,2226
"101867315",MACHAKOS_JUNCTION_4G,1296
"101867574",MACHAKOS_MARKET_2G,140
"101917141",MACHAKOS_MIWANI_ESTATE_2G,1010
"101943442",MACHAKOS_TOWN_2G,620
"101947542",MACHAKOS_TOWN_4G,680
"101949912",MACHAKOS_CENTRE_2G,2330
"101955338",MACHAKOS_JUNCTION_4G,1506
"101977941",MACHAKOS_MARKET_4G,3654
"102021074",MACHAKOS_KATHIANI_2G,158
"102030233",MACHAKOS_MUTITUNI_2G,46
"102065156",MACHAKOS_MIWANI_ESTATE_4G,496
"102081326",MACHAKOS_KATHIANI_2G,198
"102084550",MACHAKOS_JUNCTION_4G,1348
"102088964",MACHAKOS_KATHIANI_2G,54
"102092987",MACHAKOS_CENTRE_2G,1302
"102108522",MACHAKOS_KATHIANI_2G,98
"102122772",MACHAKOS_ST._VALENTINE_2G,198
"102131789",MACHAKOS_JUNCTION_3G,280
"102135442",MACHAKOS_MANZA_4G,2268
"102139703",MACHAKOS_KATHIANI_2G,446
"102139707",MACHAKOS_KATHIANI_2G,172
"102142133",MACHAKOS_KATHIANI_4G,3620
"102148760",MACHAKOS_JUNCTION_2G,88
"102154470",MACHAKOS_JUNCTION_4G,
"102179300",MACHAKOS_MARKET_2G,1106
"102183963",MACHAKOS_KATHIANI_2G,42
"102213881",MACHAKOS_ST._VALENTINE_2G,360
"102342882",MACHAKOS_TOWN_2G,1478
"102375907",MACHAKOS_CENTRE_4G,1494
"102389408",MACHAKOS_KATHIANI_2G,1134
"102389705",MACHAKOS_KATHIANI_2G,130
"102398660",MACHAKOS_ST._VALENTINE_4G,848
"102419425",MACHAKOS_JUNCTION_2G,2238
"102419722",MACHAKOS_JUNCTION_3G,146
"102419843",MACHAKOS_JUNCTION_2G,1508
"102552310",MACHAKOS_JUNCTION_2G,448
"102552452",MACHAKOS_MIWANI_ESTATE_4G,2944
"102559017",MACHAKOS_CENTRE_4G,814
"102619081",MACHAKOS_KATHIANI_2G,64
"102628525",MACHAKOS_KATHIANI_2G,10
"102653513",MACHAKOS_4G,0
"102758723",MACHAKOS_JUNCTION_2G,162
"102759004",MACHAKOS_KATHIANI_2G,460
"102774925",MACHAKOS_MUTITUNI_2G,652
"102775121",MACHAKOS_MUTITUNI_4G,502
"102791754",MACHAKOS_JUNCTION_2G,16
"102799344",MACHAKOS_MUTITUNI_ATC_3G,2908
"102799487",MACHAKOS_MUTITUNI_ATC_2G,292
"102820077",MACHAKOS_MUTITUNI_2G,682
"102944396",MACHAKOS_KATHIANI_2G,182
"102947420",MACHAKOS_KATHIANI_2G,358
"103030456",MACHAKOS_CENTRE_4G,6138
"103067038",MACHAKOS_CENTRE_2G,1060
"103075642",MACHAKOS_TOWN_2G,512
"103108330",MACHAKOS_KATHIANI_2G,356
"103153353",MACHAKOS_EASTLEIGH_2G,88
"103156840",MACHAKOS_MUTITUNI_ATC_2G,150
"103188609",MACHAKOS_TOWN_2G,642
"103190362",MACHAKOS_KATHIANI_4G,1208
"103193962",MACHAKOS_KATHIANI_2G,124
"103290628",MACHAKOS_EASTLEIGH_2G,24
"103319533",MACHAKOS_TOWN_3G,440
"103326015",MACHAKOS_ST._VALENTINE_3G,2298
"103397374",MACHAKOS_KATHIANI_2G,670
"103410572",MACHAKOS_MIWANI_ESTATE_3G,386
"103419687",MACHAKOS_CENTRE_2G,0
"103422990",MACHAKOS_KATHIANI_2G,204
"103426073",MACHAKOS_KATHIANI_2G,1274
"103445631",MACHAKOS_EASTLEIGH_4G,5462
"103451824",MACHAKOS_JUNCTION_4G,5274
"103460181",MACHAKOS_CENTRE_2G,692
"103509713",MACHAKOS_TOWN_3G,984
"103553841",MACHAKOS_CENTRE_2G,726
"103583299",MACHAKOS_JUNCTION_2G,2210
"103588329",MACHAKOS_KATHIANI_2G,44
"103640899",MACHAKOS_KATHIANI_2G,108
"103673719",MACHAKOS_MUTITUNI_3G,1008
"103673917",MACHAKOS_KATHIANI_2G,400
"103674295",MACHAKOS_MARKET_2G,358
"103677372",MACHAKOS_MUTITUNI_4G,1090
"103703029",MACHAKOS_JUNCTION_2G,1994
"103712873",MACHAKOS_KATHIANI_4G,1454
"103742108",MACHAKOS_MUTITUNI_2G,510
"103786163",MACHAKOS_MARKET_2G,630
"103793465",MACHAKOS_MARKET_2G,736
"103841393",MACHAKOS_CENTRE_3G,
"103849479",MACHAKOS_KATHIANI_2G,1650
"103885893",MACHAKOS_TOWN_3G,728
"103935413",MACHAKOS_CENTRE_3G,1998
"103939144",MACHAKOS_JUNCTION_4G,6152
"103945508",MACHAKOS_MARKET_2G,
"103957494",MACHAKOS_CENTRE_2G,58
"103963461",MACHAKOS_CENTRE_2G,74
"104145500",MACHAKOS_CENTRE_3G,838
"104171739",MACHAKOS_ST._VALENTINE_2G,244
"104283205",MACHAKOS_JUNCTION_4G,7798
"104328782",MACHAKOS_JUNCTION_4G,1650
"104489677",MACHAKOS_JUNCTION_2G,2132
"104699810",MACHAKOS_TOWN_2G,1634
"104779511",MACHAKOS_ST._VALENTINE_4G,1340
"105006068",MACHAKOS_KATHIANI_2G,102
"105006097",MACHAKOS_KATHIANI_2G,238
"105084797",MACHAKOS_KATHIANI_2G,94
"105090919",MACHAKOS_ST._VALENTINE_2G,790
"105091123",MACHAKOS_MUTITUNI_3G,54
"105091146",MACHAKOS_4G,4166
"105096044",MACHAKOS_KATHIANI_2G,998
"105110122",MACHAKOS_KATHIANI_2G,470
"105138961",MACHAKOS_MANZA_4G,1376
"105141656",MACHAKOS_MARKET_2G,692
"105149805",MACHAKOS_JUNCTION_2G,166
"105167315",MACHAKOS_JUNCTION_2G,158
"105176198",MACHAKOS_MUTITUNI_ATC_2G,0
"105219753",MACHAKOS_CENTRE_2G,290
"105230649",MACHAKOS_MARKET_2G,996
"105234691",MACHAKOS_CENTRE_2G,268
"105279291",MACHAKOS_MARKET_4G,2474
"105287233",MACHAKOS_KATHIANI_2G,6152
"105316144",MACHAKOS_TOWN_4G,2048
"105329533",MACHAKOS_JUNCTION_3G,2902
"105330081",MACHAKOS_JUNCTION_3G,470
"105342794",MACHAKOS_TOWN_2G,194
"105406585",MACHAKOS_KATHIANI_2G,866
"105411739",MACHAKOS_KATHIANI_2G,634
"105412471",MACHAKOS_MIWANI_ESTATE_4G,542
"105451321",MACHAKOS_MUTITUNI_ATC_2G,
"105503958",MACHAKOS_TOWN_2G,34
"105504029",MACHAKOS_CENTRE_2G,166
"105540456",MACHAKOS_KATHIANI_2G,122
"105540647",MACHAKOS_KATHIANI_2G,146
"105570252",MACHAKOS_JUNCTION_4G,
"105570274",MACHAKOS_JUNCTION_2G,180
"105586949",MACHAKOS_CENTRE_2G,4
"105636541",MACHAKOS_CENTRE_2G,380
"105637350",MACHAKOS_MIWANI_ESTATE_3G,1212
"105638643",MACHAKOS_MARKET_2G,1158
"105639751",MACHAKOS_KATHIANI_2G,0
"105641583",MACHAKOS_KATHIANI_2G,1750
"105641738",MACHAKOS_MUTITUNI_3G,590
"105642162",MACHAKOS_MIWANI_ESTATE_3G,24
"105642632",MACHAKOS_MIWANI_ESTATE_3G,416
"105642775",MACHAKOS_JUNCTION_2G,344
"105642955",MACHAKOS_JUNCTION_2G,378
"105643754",MACHAKOS_ST._VALENTINE_3G,1640
"105644368",MACHAKOS_MARKET_2G,32
"105652141",MACHAKOS_MIWANI_ESTATE_4G,1420
"105698360",MACHAKOS_TOWN_4G,1000
"105726694",MACHAKOS_JUNCTION_2G,
"105830013",MACHAKOS_KATHIANI_2G,754
"105832026",MACHAKOS_MIWANI_ESTATE_2G,378
"731004779",MACHAKOS_KATHIANI_2G,150
"731016886",MACHAKOS_JUNCTION_2G,166
"731018125",MACHAKOS_ST._VALENTINE_2G,1474
"731024716",MACHAKOS_CENTRE_4G,4046
"731034223",MACHAKOS_EASTLEIGH_3G,4498
"731046736",MACHAKOS_KATHIANI_2G,1078
"731052998",MACHAKOS_TOWN_4G,620
"731064468",MACHAKOS_JUNCTION_3G,590
"731088780",MACHAKOS_ST._VALENTINE_4G,2070
"731095086",MACHAKOS_MANZA_3G,22
"731095761",MACHAKOS_TOWN_2G,684
"731122144",MACHAKOS_TOWN_2G,1938
"731137685",MACHAKOS_KATHIANI_2G,2574
"731143606",MACHAKOS_MIWANI_ESTATE_2G,90
"731176383",MACHAKOS_CENTRE_2G,1766
"731201417",MACHAKOS_TOWN_2G,522
"731204700",MACHAKOS_CENTRE_2G,1036
"731227471",MACHAKOS_JUNCTION_3G,2198
"731231080",MACHAKOS_EASTLEIGH_3G,284
"731246944",MACHAKOS_EASTLEIGH_3G,282
"731249290",MACHAKOS_MARKET_2G,232
"731266088",MACHAKOS_EASTLEIGH_3G,338
"731286684",MACHAKOS_MUTITUNI_ATC_2G,294
"731291491",MACHAKOS_JUNCTION_3G,104
"731299899",MACHAKOS_KATHIANI_2G,840
"731305993",MACHAKOS_CENTRE_3G,1416
"731306433",MACHAKOS_KATHIANI_4G,118
"731306925",MACHAKOS_KATHIANI_2G,6
"731318450",MACHAKOS_TOWN_4G,742
"731318985",MACHAKOS_JUNCTION_3G,1176
"731331940",MACHAKOS_JUNCTION_3G,2296
"731333021",MACHAKOS_JUNCTION_3G,864
"731354291",MACHAKOS_TOWN_2G,278
"731368749",MACHAKOS_KATHIANI_2G,40
"731370815",MACHAKOS_CENTRE_2G,366
"731381421",MACHAKOS_JUNCTION_3G,180
"731402573",MACHAKOS_EASTLEIGH_4G,210
"731403703",MACHAKOS_MUTITUNI_4G,6756
"731423016",MACHAKOS_MANZA_4G,4698
"731433037",MACHAKOS_MARKET_3G,3500
"731436918",MACHAKOS_MANZA_4G,828
"731437120",MACHAKOS_TOWN_3G,186
"731438534",MACHAKOS_MARKET_4G,1934
"731444928",MACHAKOS_KATHIANI_3G,396
"731448313",MACHAKOS_TOWN_2G,202
"731454965",MACHAKOS_KATHIANI_2G,194
"731467552",MACHAKOS_TOWN_4G,1080
"731497021",MACHAKOS_KATHIANI_2G,76
"731502710",MACHAKOS_JUNCTION_2G,542
"731512262",MACHAKOS_JUNCTION_2G,290
"731556764",MACHAKOS_KATHIANI_2G,
"731562748",MACHAKOS_MARKET_4G,1334
"731582901",MACHAKOS_JUNCTION_4G,3012
"731586827",MACHAKOS_KATHIANI_2G,
"731591389",MACHAKOS_KATHIANI_2G,268
"731608573",MACHAKOS_4G,1992
"731652985",MACHAKOS_EASTLEIGH_3G,1658
"731665135",MACHAKOS_MANZA_2G,440
"731668058",MACHAKOS_MANZA_4G,1262
"731674883",MACHAKOS_KATHIANI_3G,0
"731687934",MACHAKOS_CENTRE_2G,260
"731689517",MACHAKOS_ST._VALENTINE_3G,2014
"731691940",MACHAKOS_CENTRE_2G,148
"731696273",MACHAKOS_ST._VALENTINE_4G,2030
"731696923",MACHAKOS_KATHIANI_2G,
"731701469",MACHAKOS_MANZA_3G,1772
"731710724",MACHAKOS_JUNCTION_2G,1080
"731750153",MACHAKOS_JUNCTION_4G,2300
"731753778",MACHAKOS_TOWN_4G,714
"731760949",MACHAKOS_MUTITUNI_ATC_2G,288
"731763273",MACHAKOS_ST._VALENTINE_2G,582
"731763655",MACHAKOS_MANZA_3G,4552
"731763758",MACHAKOS_MIWANI_ESTATE_2G,184
"731770555",MACHAKOS_JUNCTION_3G,5350
"731780918",MACHAKOS_ST._VALENTINE_4G,18
"731784557",MACHAKOS_CENTRE_3G,894
"731792564",MACHAKOS_ST._VALENTINE_2G,400
"731792773",MACHAKOS_KATHIANI_2G,90
"731793987",MACHAKOS_MUTITUNI_ATC_4G,634
"731794083",MACHAKOS_JUNCTION_3G,932
"731795204",MACHAKOS_ST._VALENTINE_2G,688
"731808674",MACHAKOS_ST._VALENTINE_4G,3514
"731809926",MACHAKOS_TOWN_2G,520
"731839881",MACHAKOS_KATHIANI_2G,410
"731851130",MACHAKOS_MARKET_2G,926
"731864482",MACHAKOS_KATHIANI_2G,92
"731870108",MACHAKOS_MARKET_2G,144
"731876324",MACHAKOS_MARKET_3G,5778
"731898881",MACHAKOS_MIWANI_ESTATE_3G,1400
"731909102",MACHAKOS_CENTRE_3G,1800
"731909718",MACHAKOS_CENTRE_2G,80
"731910311",MACHAKOS_JUNCTION_3G,178
"731912685",MACHAKOS_MUTITUNI_2G,406
"731920127",MACHAKOS_JUNCTION_3G,2684
"731928422",MACHAKOS_ST._VALENTINE_2G,26
"731933497",MACHAKOS_KATHIANI_2G,1118
"731951965",MACHAKOS_KATHIANI_2G,30
"731986940",MACHAKOS_TOWN_3G,992
"732005905",MACHAKOS_CENTRE_3G,396
"732016797",MACHAKOS_MIWANI_ESTATE_4G,1200
"732032221",MACHAKOS_MIWANI_ESTATE_4G,2198
"732038852",MACHAKOS_ST._VALENTINE_4G,2198
"732041080",MACHAKOS_MARKET_2G,286
"732045328",MACHAKOS_TOWN_4G,300
"732045951",MACHAKOS_MUTITUNI_ATC_2G,96
"732063612",MACHAKOS_ST._VALENTINE_3G,630
"732065451",MACHAKOS_JUNCTION_2G,294
"732088100",MACHAKOS_TOWN_4G,988
"732090963",MACHAKOS_JUNCTION_2G,1508
"732220828",MACHAKOS_MANZA_4G,400
"732221389",MACHAKOS_MIWANI_ESTATE_3G,432
"732226747",MACHAKOS_4G,
"732232282",MACHAKOS_KATHIANI_2G,164
"732238747",MACHAKOS_MANZA_4G,488
"732249672",MACHAKOS_CENTRE_2G,896
"732269504",MACHAKOS_TOWN_4G,202
"732278386",MACHAKOS_ST._VALENTINE_2G,888
"732281081",MACHAKOS_ST._VALENTINE_4G,182
"732283439",MACHAKOS_TOWN_2G,460
"732283981",MACHAKOS_CENTRE_2G,38
"732294595",MACHAKOS_KATHIANI_2G,54
"732299898",MACHAKOS_EASTLEIGH_4G,3472
"732356430",MACHAKOS_MUTITUNI_3G,572
"732378662",MACHAKOS_MIWANI_ESTATE_2G,162
"732383986",MACHAKOS_MARKET_2G,12
"732403676",MACHAKOS_MUTITUNI_ATC_4G,2164
"732417316",MACHAKOS_JUNCTION_2G,480
"732422616",MACHAKOS_KATHIANI_2G,266
"732423833",MACHAKOS_MARKET_2G,188
"732424238",MACHAKOS_CENTRE_4G,
"732455456",MACHAKOS_MANZA_3G,2642
"732477693",MACHAKOS_MUTITUNI_3G,2568
"732509453",MACHAKOS_CENTRE_2G,2316
"732523357",MACHAKOS_MUTITUNI_ATC_3G,758
"732528329",MACHAKOS_JUNCTION_2G,900
"732533293",MACHAKOS_MUTITUNI_4G,1462
"732534484",MACHAKOS_CENTRE_3G,2030
"732562828",MACHAKOS_4G,738
"732568438",MACHAKOS_KATHIANI_3G,498
"732585019",MACHAKOS_MIWANI_ESTATE_2G,342
"732586331",MACHAKOS_MUTITUNI_3G,416
"732589298",MACHAKOS_MARKET_3G,
"732600746",MACHAKOS_CENTRE_3G,128
"732610638",MACHAKOS_KATHIANI_2G,162
"732617724",MACHAKOS_MANZA_4G,580
"732618628",MACHAKOS_KATHIANI_2G,16
"732640367",MACHAKOS_ST._VALENTINE_2G,184
"732651378",MACHAKOS_TOWN_3G,
"732651862",MACHAKOS_MARKET_2G,56
"732682512",MACHAKOS_ST._VALENTINE_3G,156
"732695296",MACHAKOS_MUTITUNI_ATC_2G,20
"732697663",MACHAKOS_KATHIANI_2G,
"732733971",MACHAKOS_MIWANI_ESTATE_2G,118
"732738015",MACHAKOS_MIWANI_ESTATE_2G,
"732744085",MACHAKOS_TOWN_4G,1582
"732763191",MACHAKOS_KATHIANI_2G,28
"732766129",MACHAKOS_KATHIANI_2G,216
"732776766",MACHAKOS_JUNCTION_2G,374
"732799749",MACHAKOS_JUNCTION_2G,750
"732805609",MACHAKOS_TOWN_3G,632
"732828548",MACHAKOS_MUTITUNI_4G,12398
"732832689",MACHAKOS_CENTRE_2G,2298
"732837042",MACHAKOS_ST._VALENTINE_2G,180
"732838198",MACHAKOS_MARKET_4G,4130
"732845313",MACHAKOS_MIWANI_ESTATE_3G,2214
"732845624",MACHAKOS_EASTLEIGH_4G,
"732850688",MACHAKOS_JUNCTION_2G,1572
"732850722",MACHAKOS_KATHIANI_2G,34
"732853642",MACHAKOS_MARKET_4G,1060
"732855434",MACHAKOS_MARKET_4G,2428
"732868999",MACHAKOS_ST._VALENTINE_4G,520
"732887535",MACHAKOS_MARKET_2G,632
"732912720",MACHAKOS_CENTRE_3G,1298
"732914313",MACHAKOS_MARKET_2G,1470
"732918296",MACHAKOS_CENTRE_2G,22
"732923482",MACHAKOS_KATHIANI_2G,298
"732927762",MACHAKOS_MARKET_2G,1146
"732935963",MACHAKOS_MARKET_4G,794
"732942046",MACHAKOS_TOWN_2G,988
"732944076",MACHAKOS_MARKET_3G,1200
"732949599",MACHAKOS_KATHIANI_2G,0
"732951924",MACHAKOS_MIWANI_ESTATE_4G,2864
"732957578",MACHAKOS_JUNCTION_2G,1272
"732962820",MACHAKOS_ST._VALENTINE_3G,94
"732979446",MACHAKOS_MANZA_4G,2000
"732984363",MACHAKOS_ST._VALENTINE_4G,1900
"732985525",MACHAKOS_MUTITUNI_ATC_2G,60
"733039939",MACHAKOS_MARKET_3G,4
"733124645",MACHAKOS_CENTRE_4G,198
"733204409",MACHAKOS_TOWN_2G,16
"733204929",MACHAKOS_JUNCTION_2G,272
"733206812",MACHAKOS_CENTRE_4G,530
"733206884",MACHAKOS_EASTLEIGH_4G,2220
"733222010",MACHAKOS_MANZA_3G,3102
"733255068",MACHAKOS_MUTITUNI_4G,800
"733255798",MACHAKOS_KATHIANI_2G,882
"733268805",MACHAKOS_JUNCTION_2G,0
"733273616",MACHAKOS_KATHIANI_2G,
