"TELEPHONIC_ADDRESS_ID","SITE_NAME","3"
"100482125",NAIROBI_UMOJA_II_ZONE_4G,600
"100653373",NAIROBI_UMOJA_II_ZONE_3G,3568
"100796996",NAIROBI_UMOJA_II_ZONE_4G,2000
"101076263",NAIROBI_UMOJA_II_ZONE_2G,66
"101157782",NAIROBI_UMOJA_II_ZONE_4G,
"101455260",NAIROBI_UMOJA_II_ZONE_4G,8130
"101535603",NAIROBI_UMOJA_II_ZONE_4G,562
"101565018",NAIROBI_UMOJA_II_ZONE_4G,10958
"101619661",NAIROBI_UMOJA_II_ZONE_2G,
"101655174",NAIROBI_UMOJA_II_ZONE_3G,496
"101734719",NAIROBI_UMOJA_II_ZONE_4G,82
"101839621",NAIROBI_UMOJA_II_ZONE_3G,2468
"101900731",NAIROBI_UMOJA_II_ZONE_4G,7008
"101917663",NAIROBI_UMOJA_II_ZONE_2G,456
"101942837",NAIROBI_UMOJA_II_ZONE_4G,1222
"102009068",NAIROBI_UMOJA_II_ZONE_2G,18
"102159537",NAIROBI_UMOJA_II_ZONE_4G,910
"102185837",NAIROBI_UMOJA_II_ZONE_3G,3914
"102609664",NAIROBI_UMOJA_II_ZONE_2G,88
"102783067",NAIROBI_UMOJA_II_ZONE_4G,238
"103159235",NAIROBI_UMOJA_II_ZONE_2G,
"103269137",NAIROBI_UMOJA_II_ZONE_2G,116
"103313572",NAIROBI_UMOJA_II_ZONE_4G,2676
"104214141",NAIROBI_UMOJA_II_ZONE_4G,52
"105058181",NAIROBI_UMOJA_II_ZONE_4G,808
"731078408",NAIROBI_UMOJA_II_ZONE_3G,770
"731114971",NAIROBI_UMOJA_II_ZONE_3G,1692
"731213720",NAIROBI_UMOJA_II_ZONE_2G,1212
"731329122",NAIROBI_UMOJA_II_ZONE_4G,278
"731418410",NAIROBI_UMOJA_II_ZONE_2G,432
"731445699",NAIROBI_UMOJA_II_ZONE_4G,40
"731462068",NAIROBI_UMOJA_II_ZONE_3G,5764
"731515434",NAIROBI_UMOJA_II_ZONE_4G,220
"731689051",NAIROBI_UMOJA_II_ZONE_4G,5756
"731763733",NAIROBI_UMOJA_II_ZONE_4G,186
"731801020",NAIROBI_UMOJA_II_ZONE_2G,570
"732029297",NAIROBI_UMOJA_II_ZONE_4G,2114
"732037978",NAIROBI_UMOJA_II_ZONE_4G,2000
"732304505",NAIROBI_UMOJA_II_ZONE_2G,480
"732394959",NAIROBI_UMOJA_II_ZONE_2G,530
"732543366",NAIROBI_UMOJA_II_ZONE_4G,448
"732569367",NAIROBI_UMOJA_II_ZONE_4G,1516
"732701962",NAIROBI_UMOJA_II_ZONE_3G,440
"732939408",NAIROBI_UMOJA_II_ZONE_3G,502
"733247295",NAIROBI_UMOJA_II_ZONE_2G,78
"733347780",NAIROBI_UMOJA_II_ZONE_4G,
"733417453",NAIROBI_UMOJA_II_ZONE_2G,2000
"733852375",NAIROBI_UMOJA_II_ZONE_4G,100
"734045559",NAIROBI_UMOJA_II_ZONE_2G,646
"734093436",NAIROBI_UMOJA_II_ZONE_2G,452
"734287389",NAIROBI_UMOJA_II_ZONE_3G,318
"734411635",NAIROBI_UMOJA_II_ZONE_2G,346
"734424260",NAIROBI_UMOJA_II_ZONE_3G,1002
"734561893",NAIROBI_UMOJA_II_ZONE_4G,902
"734808966",NAIROBI_UMOJA_II_ZONE_4G,1886
"735025260",NAIROBI_UMOJA_II_ZONE_4G,344
"735098074",NAIROBI_UMOJA_II_ZONE_3G,0
"735153916",NAIROBI_UMOJA_II_ZONE_4G,8902
"735329915",NAIROBI_UMOJA_II_ZONE_2G,222
"735517802",NAIROBI_UMOJA_II_ZONE_2G,0
"735561300",NAIROBI_UMOJA_II_ZONE_2G,990
"735605001",NAIROBI_UMOJA_II_ZONE_3G,
"735653957",NAIROBI_UMOJA_II_ZONE_4G,1378
"735755782",NAIROBI_UMOJA_II_ZONE_4G,100
"735762141",NAIROBI_UMOJA_II_ZONE_4G,2008
"735828600",NAIROBI_UMOJA_II_ZONE_3G,120
"735940546",NAIROBI_UMOJA_II_ZONE_4G,140
"736103926",NAIROBI_UMOJA_II_ZONE_3G,1222
"736124576",NAIROBI_UMOJA_II_ZONE_4G,
"736179388",NAIROBI_UMOJA_II_ZONE_3G,828
"736309642",NAIROBI_UMOJA_II_ZONE_4G,2066
"736473879",NAIROBI_UMOJA_II_ZONE_2G,
"736616226",NAIROBI_UMOJA_II_ZONE_4G,1798
"736697224",NAIROBI_UMOJA_II_ZONE_2G,874
"736787371",NAIROBI_UMOJA_II_ZONE_4G,580
"736801101",NAIROBI_UMOJA_II_ZONE_2G,908
"736880263",NAIROBI_UMOJA_II_ZONE_3G,110
"737090986",NAIROBI_UMOJA_II_ZONE_2G,74
"737268715",NAIROBI_UMOJA_II_ZONE_3G,1492
"737371678",NAIROBI_UMOJA_II_ZONE_4G,40
"737438052",NAIROBI_UMOJA_II_ZONE_2G,38
"737787267",NAIROBI_UMOJA_II_ZONE_3G,14
"737803940",NAIROBI_UMOJA_II_ZONE_3G,40
"737806019",NAIROBI_UMOJA_II_ZONE_4G,80
"737843837",NAIROBI_UMOJA_II_ZONE_4G,400
"737901653",NAIROBI_UMOJA_II_ZONE_2G,392
"737943589",NAIROBI_UMOJA_II_ZONE_4G,304
"738131793",NAIROBI_UMOJA_II_ZONE_2G,58
"738251905",NAIROBI_UMOJA_II_ZONE_2G,312
"738543109",NAIROBI_UMOJA_II_ZONE_4G,424
"738790769",NAIROBI_UMOJA_II_ZONE_4G,4070
"739123297",NAIROBI_UMOJA_II_ZONE_4G,686
"739234073",NAIROBI_UMOJA_II_ZONE_3G,1060
"739674707",NAIROBI_UMOJA_II_ZONE_2G,378
"750045720",NAIROBI_UMOJA_II_ZONE_2G,2318
"750116328",NAIROBI_UMOJA_II_ZONE_2G,364
"750230283",NAIROBI_UMOJA_II_ZONE_2G,182
"750250665",NAIROBI_UMOJA_II_ZONE_3G,136
"750276938",NAIROBI_UMOJA_II_ZONE_4G,888
"750286834",NAIROBI_UMOJA_II_ZONE_3G,1252
"750443570",NAIROBI_UMOJA_II_ZONE_2G,510
"750656904",NAIROBI_UMOJA_II_ZONE_4G,34
"750809055",NAIROBI_UMOJA_II_ZONE_4G,212
"750969780",NAIROBI_UMOJA_II_ZONE_2G,
"750970691",NAIROBI_UMOJA_II_ZONE_2G,140
"751265264",NAIROBI_UMOJA_II_ZONE_2G,204
"751345107",NAIROBI_UMOJA_II_ZONE_2G,104
"751607878",NAIROBI_UMOJA_II_ZONE_2G,886
"751653446",NAIROBI_UMOJA_II_ZONE_4G,412
"751722422",NAIROBI_UMOJA_II_ZONE_3G,6
"751752699",NAIROBI_UMOJA_II_ZONE_2G,178
"751880338",NAIROBI_UMOJA_II_ZONE_3G,504
"751882427",NAIROBI_UMOJA_II_ZONE_4G,400
"752207610",NAIROBI_UMOJA_II_ZONE_3G,136
"752417983",NAIROBI_UMOJA_II_ZONE_4G,
"752449567",NAIROBI_UMOJA_II_ZONE_3G,224
"752655091",NAIROBI_UMOJA_II_ZONE_4G,1446
"752698531",NAIROBI_UMOJA_II_ZONE_2G,1016
"752832938",NAIROBI_UMOJA_II_ZONE_2G,358
"752945068",NAIROBI_UMOJA_II_ZONE_4G,
"753105765",NAIROBI_UMOJA_II_ZONE_3G,
"753402759",NAIROBI_UMOJA_II_ZONE_4G,104
"753638226",NAIROBI_UMOJA_II_ZONE_3G,270
"753655498",NAIROBI_UMOJA_II_ZONE_3G,2844
"753984478",NAIROBI_UMOJA_II_ZONE_4G,320
"754031828",NAIROBI_UMOJA_II_ZONE_4G,118
"754648244",NAIROBI_UMOJA_II_ZONE_3G,218
"754747646",NAIROBI_UMOJA_II_ZONE_2G,528
"755191774",NAIROBI_UMOJA_II_ZONE_4G,1606
"755490605",NAIROBI_UMOJA_II_ZONE_4G,24
"755564213",NAIROBI_UMOJA_II_ZONE_2G,892
"755821617",NAIROBI_UMOJA_II_ZONE_3G,510
"755835017",NAIROBI_UMOJA_II_ZONE_2G,170
"755847302",NAIROBI_UMOJA_II_ZONE_4G,2560
"755870039",NAIROBI_UMOJA_II_ZONE_3G,58
"755876320",NAIROBI_UMOJA_II_ZONE_2G,726
"755946415",NAIROBI_UMOJA_II_ZONE_2G,
"755959501",NAIROBI_UMOJA_II_ZONE_4G,880
"755967789",NAIROBI_UMOJA_II_ZONE_2G,302
"756270479",NAIROBI_UMOJA_II_ZONE_2G,118
"756432295",NAIROBI_UMOJA_II_ZONE_4G,1400
"756458690",NAIROBI_UMOJA_II_ZONE_4G,1218
"756473086",NAIROBI_UMOJA_II_ZONE_2G,266
"756546006",NAIROBI_UMOJA_II_ZONE_4G,62
"756649914",NAIROBI_UMOJA_II_ZONE_4G,1180
"762072523",NAIROBI_UMOJA_II_ZONE_4G,
"762107228",NAIROBI_UMOJA_II_ZONE_2G,1166
"762196991",NAIROBI_UMOJA_II_ZONE_4G,1116
"762281318",NAIROBI_UMOJA_II_ZONE_4G,696
"762721818",NAIROBI_UMOJA_II_ZONE_2G,108
"780463347",NAIROBI_UMOJA_II_ZONE_4G,856
"780476653",NAIROBI_UMOJA_II_ZONE_3G,636
"780513192",NAIROBI_UMOJA_II_ZONE_2G,616
"780534882",NAIROBI_UMOJA_II_ZONE_2G,538
"780687857",NAIROBI_UMOJA_II_ZONE_2G,282
"780715126",NAIROBI_UMOJA_II_ZONE_4G,
"780767556",NAIROBI_UMOJA_II_ZONE_3G,196
"780960809",NAIROBI_UMOJA_II_ZONE_4G,140
"781036181",NAIROBI_UMOJA_II_ZONE_2G,80
"781177485",NAIROBI_UMOJA_II_ZONE_2G,602
"781236352",NAIROBI_UMOJA_II_ZONE_4G,1264
"781390797",NAIROBI_UMOJA_II_ZONE_4G,570
"781558393",NAIROBI_UMOJA_II_ZONE_3G,196
"782115242",NAIROBI_UMOJA_II_ZONE_3G,150
"782156906",NAIROBI_UMOJA_II_ZONE_4G,1040
"782158796",NAIROBI_UMOJA_II_ZONE_4G,166
"782214655",NAIROBI_UMOJA_II_ZONE_4G,3108
"782409256",NAIROBI_UMOJA_II_ZONE_2G,404
"782532652",NAIROBI_UMOJA_II_ZONE_4G,728
"782537885",NAIROBI_UMOJA_II_ZONE_2G,1416
"782581208",NAIROBI_UMOJA_II_ZONE_2G,992
"782604272",NAIROBI_UMOJA_II_ZONE_4G,1390
"782756195",NAIROBI_UMOJA_II_ZONE_2G,308
"782861494",NAIROBI_UMOJA_II_ZONE_3G,998
"782873950",NAIROBI_UMOJA_II_ZONE_4G,564
"782955210",NAIROBI_UMOJA_II_ZONE_2G,218
"783051454",NAIROBI_UMOJA_II_ZONE_3G,1126
"783051785",NAIROBI_UMOJA_II_ZONE_2G,670
"783113404",NAIROBI_UMOJA_II_ZONE_4G,1336
"783261309",NAIROBI_UMOJA_II_ZONE_4G,314
"783403974",NAIROBI_UMOJA_II_ZONE_4G,1002
"783422210",NAIROBI_UMOJA_II_ZONE_4G,2100
"783426813",NAIROBI_UMOJA_II_ZONE_2G,6
"783599668",NAIROBI_UMOJA_II_ZONE_3G,662
"784068593",NAIROBI_UMOJA_II_ZONE_3G,1200
"784110283",NAIROBI_UMOJA_II_ZONE_3G,586
"784257299",NAIROBI_UMOJA_II_ZONE_4G,1538
"784378081",NAIROBI_UMOJA_II_ZONE_4G,220
"784502309",NAIROBI_UMOJA_II_ZONE_4G,2918
"784650469",NAIROBI_UMOJA_II_ZONE_4G,328
"784721184",NAIROBI_UMOJA_II_ZONE_3G,586
"785088499",NAIROBI_UMOJA_II_ZONE_4G,480
"785165115",NAIROBI_UMOJA_II_ZONE_2G,640
"785342702",NAIROBI_UMOJA_II_ZONE_2G,40
"785416426",NAIROBI_UMOJA_II_ZONE_2G,808
"785454776",NAIROBI_UMOJA_II_ZONE_4G,1994
"785579088",NAIROBI_UMOJA_II_ZONE_4G,4408
"785774485",NAIROBI_UMOJA_II_ZONE_2G,700
"786126705",NAIROBI_UMOJA_II_ZONE_3G,966
"786257963",NAIROBI_UMOJA_II_ZONE_2G,456
"786488250",NAIROBI_UMOJA_II_ZONE_2G,3904
"786544817",NAIROBI_UMOJA_II_ZONE_4G,
"786734794",NAIROBI_UMOJA_II_ZONE_2G,576
"786768663",NAIROBI_UMOJA_II_ZONE_4G,
"786773304",NAIROBI_UMOJA_II_ZONE_4G,700
"786902153",NAIROBI_UMOJA_II_ZONE_4G,304
"787542471",NAIROBI_UMOJA_II_ZONE_2G,308
"787551116",NAIROBI_UMOJA_II_ZONE_3G,
"788298889",NAIROBI_UMOJA_II_ZONE_2G,26
"788383949",NAIROBI_UMOJA_II_ZONE_3G,542
"788526049",NAIROBI_UMOJA_II_ZONE_2G,200
"789067936",NAIROBI_UMOJA_II_ZONE_4G,864
"789114448",NAIROBI_UMOJA_II_ZONE_4G,754
"789255548",NAIROBI_UMOJA_II_ZONE_4G,1160
"789375672",NAIROBI_UMOJA_II_ZONE_4G,2202
"789450107",NAIROBI_UMOJA_II_ZONE_4G,470
"789517489",NAIROBI_UMOJA_II_ZONE_4G,
"789544951",NAIROBI_UMOJA_II_ZONE_4G,3082
"789605994",NAIROBI_UMOJA_II_ZONE_3G,1096
"789694598",NAIROBI_UMOJA_II_ZONE_3G,2076
"789816407",NAIROBI_UMOJA_II_ZONE_3G,220
"789992402",NAIROBI_UMOJA_II_ZONE_3G,758
"100284156",NAIROBI_UMOJA_II_ZONE_3G,1230
"100300331",NAIROBI_UMOJA_II_ZONE_2G,88
"100339275",NAIROBI_UMOJA_II_ZONE_4G,
"100393745",NAIROBI_UMOJA_II_ZONE_2G,1058
"100400310",NAIROBI_UMOJA_II_ZONE_4G,2524
"100474096",NAIROBI_UMOJA_II_ZONE_2G,3058
"100950819",NAIROBI_UMOJA_II_ZONE_2G,858
"100964007",NAIROBI_UMOJA_II_ZONE_3G,420
"101232092",NAIROBI_UMOJA_II_ZONE_4G,1486
"101301636",NAIROBI_UMOJA_II_ZONE_2G,198
"101526314",NAIROBI_UMOJA_II_ZONE_4G,4712
"101553655",NAIROBI_UMOJA_II_ZONE_2G,1328
"101596522",NAIROBI_UMOJA_II_ZONE_2G,46
"101728407",NAIROBI_UMOJA_II_ZONE_3G,176
"101914234",NAIROBI_UMOJA_II_ZONE_2G,250
"101938869",NAIROBI_UMOJA_II_ZONE_2G,426
"102062040",NAIROBI_UMOJA_II_ZONE_4G,100
"102214431",NAIROBI_UMOJA_II_ZONE_3G,816
"102332070",NAIROBI_UMOJA_II_ZONE_4G,1788
"102797690",NAIROBI_UMOJA_II_ZONE_4G,596
"102863114",NAIROBI_UMOJA_II_ZONE_4G,78
"103964718",NAIROBI_UMOJA_II_ZONE_2G,
"104183740",NAIROBI_UMOJA_II_ZONE_2G,40
"104208781",NAIROBI_UMOJA_II_ZONE_2G,2142
"104776194",NAIROBI_UMOJA_II_ZONE_4G,374
"104964114",NAIROBI_UMOJA_II_ZONE_2G,
"105287524",NAIROBI_UMOJA_II_ZONE_2G,
"105423696",NAIROBI_UMOJA_II_ZONE_4G,366
"105715066",NAIROBI_UMOJA_II_ZONE_2G,
"731046113",NAIROBI_UMOJA_II_ZONE_4G,788
"731064696",NAIROBI_UMOJA_II_ZONE_4G,542
"731278625",NAIROBI_UMOJA_II_ZONE_4G,722
"731400290",NAIROBI_UMOJA_II_ZONE_2G,1288
"731484775",NAIROBI_UMOJA_II_ZONE_4G,984
"731757747",NAIROBI_UMOJA_II_ZONE_4G,2258
"731831072",NAIROBI_UMOJA_II_ZONE_3G,2438
"731844171",NAIROBI_UMOJA_II_ZONE_3G,1426
"731980665",NAIROBI_UMOJA_II_ZONE_3G,190
"732018068",NAIROBI_UMOJA_II_ZONE_4G,96
"732042871",NAIROBI_UMOJA_II_ZONE_4G,4890
"732248556",NAIROBI_UMOJA_II_ZONE_2G,834
"732313041",NAIROBI_UMOJA_II_ZONE_2G,720
"732343937",NAIROBI_UMOJA_II_ZONE_2G,1124
"732375879",NAIROBI_UMOJA_II_ZONE_3G,458
"732408948",NAIROBI_UMOJA_II_ZONE_3G,300
"732472782",NAIROBI_UMOJA_II_ZONE_4G,178
"732561111",NAIROBI_UMOJA_II_ZONE_4G,4478
"732785247",NAIROBI_UMOJA_II_ZONE_3G,2480
"733214595",NAIROBI_UMOJA_II_ZONE_4G,2042
"733235226",NAIROBI_UMOJA_II_ZONE_4G,40
"733251684",NAIROBI_UMOJA_II_ZONE_4G,218
"733337668",NAIROBI_UMOJA_II_ZONE_2G,612
"733393247",NAIROBI_UMOJA_II_ZONE_4G,478
"733578163",NAIROBI_UMOJA_II_ZONE_4G,54
"733584851",NAIROBI_UMOJA_II_ZONE_4G,1078
"733712076",NAIROBI_UMOJA_II_ZONE_3G,1788
"733810976",NAIROBI_UMOJA_II_ZONE_3G,998
"733973012",NAIROBI_UMOJA_II_ZONE_2G,140
"734026561",NAIROBI_UMOJA_II_ZONE_4G,2274
"734278392",NAIROBI_UMOJA_II_ZONE_4G,36
"734364793",NAIROBI_UMOJA_II_ZONE_2G,184
"734416265",NAIROBI_UMOJA_II_ZONE_4G,
"734694745",NAIROBI_UMOJA_II_ZONE_4G,292
"734730423",NAIROBI_UMOJA_II_ZONE_3G,234
"734826597",NAIROBI_UMOJA_II_ZONE_3G,
"735123957",NAIROBI_UMOJA_II_ZONE_2G,858
"735351457",NAIROBI_UMOJA_II_ZONE_4G,94
"735396803",NAIROBI_UMOJA_II_ZONE_4G,946
"735418935",NAIROBI_UMOJA_II_ZONE_2G,414
"735740742",NAIROBI_UMOJA_II_ZONE_3G,6078
"735888990",NAIROBI_UMOJA_II_ZONE_4G,3976
"735974552",NAIROBI_UMOJA_II_ZONE_3G,304
"735981203",NAIROBI_UMOJA_II_ZONE_2G,248
"736055027",NAIROBI_UMOJA_II_ZONE_4G,4736
"736147783",NAIROBI_UMOJA_II_ZONE_4G,1400
"736227287",NAIROBI_UMOJA_II_ZONE_2G,170
"736279462",NAIROBI_UMOJA_II_ZONE_4G,1890
"736498092",NAIROBI_UMOJA_II_ZONE_4G,212
"736527518",NAIROBI_UMOJA_II_ZONE_2G,28
"736607001",NAIROBI_UMOJA_II_ZONE_4G,202
"736885298",NAIROBI_UMOJA_II_ZONE_4G,1446
"736935539",NAIROBI_UMOJA_II_ZONE_2G,414
"737308868",NAIROBI_UMOJA_II_ZONE_3G,202
"737340237",NAIROBI_UMOJA_II_ZONE_2G,400
"737575893",NAIROBI_UMOJA_II_ZONE_4G,38
"737649957",NAIROBI_UMOJA_II_ZONE_4G,1972
"737807125",NAIROBI_UMOJA_II_ZONE_3G,260
"737818704",NAIROBI_UMOJA_II_ZONE_2G,26
"737832785",NAIROBI_UMOJA_II_ZONE_2G,688
"737835060",NAIROBI_UMOJA_II_ZONE_4G,4854
"737840545",NAIROBI_UMOJA_II_ZONE_2G,1406
"737916861",NAIROBI_UMOJA_II_ZONE_4G,120
"738366640",NAIROBI_UMOJA_II_ZONE_3G,
"738399409",NAIROBI_UMOJA_II_ZONE_4G,4
"738432757",NAIROBI_UMOJA_II_ZONE_2G,212
"738569261",NAIROBI_UMOJA_II_ZONE_2G,440
"738775868",NAIROBI_UMOJA_II_ZONE_2G,620
"738778159",NAIROBI_UMOJA_II_ZONE_4G,2
"738799360",NAIROBI_UMOJA_II_ZONE_4G,2544
"738838394",NAIROBI_UMOJA_II_ZONE_4G,970
"738864794",NAIROBI_UMOJA_II_ZONE_2G,18
"739122674",NAIROBI_UMOJA_II_ZONE_3G,294
"739146013",NAIROBI_UMOJA_II_ZONE_2G,
"739146261",NAIROBI_UMOJA_II_ZONE_2G,74
"739308186",NAIROBI_UMOJA_II_ZONE_4G,3230
"739467711",NAIROBI_UMOJA_II_ZONE_3G,5228
"739675143",NAIROBI_UMOJA_II_ZONE_4G,1150
"739709135",NAIROBI_UMOJA_II_ZONE_3G,1114
"739989144",NAIROBI_UMOJA_II_ZONE_4G,668
"750029037",NAIROBI_UMOJA_II_ZONE_2G,118
"750095544",NAIROBI_UMOJA_II_ZONE_4G,1848
"750224258",NAIROBI_UMOJA_II_ZONE_3G,2128
"750310030",NAIROBI_UMOJA_II_ZONE_2G,134
"750329943",NAIROBI_UMOJA_II_ZONE_4G,6032
"750404008",NAIROBI_UMOJA_II_ZONE_3G,968
"750541074",NAIROBI_UMOJA_II_ZONE_2G,2606
"750583771",NAIROBI_UMOJA_II_ZONE_2G,4226
"750675725",NAIROBI_UMOJA_II_ZONE_4G,3544
"750757165",NAIROBI_UMOJA_II_ZONE_4G,60
"750794134",NAIROBI_UMOJA_II_ZONE_2G,216
"750835017",NAIROBI_UMOJA_II_ZONE_4G,932
"750892399",NAIROBI_UMOJA_II_ZONE_2G,990
"750964475",NAIROBI_UMOJA_II_ZONE_2G,354
"751023332",NAIROBI_UMOJA_II_ZONE_2G,0
"751065889",NAIROBI_UMOJA_II_ZONE_2G,1352
"751298091",NAIROBI_UMOJA_II_ZONE_4G,1948
"751510163",NAIROBI_UMOJA_II_ZONE_2G,274
"751750869",NAIROBI_UMOJA_II_ZONE_4G,4828
"751763454",NAIROBI_UMOJA_II_ZONE_4G,
"751807362",NAIROBI_UMOJA_II_ZONE_4G,528
"751959500",NAIROBI_UMOJA_II_ZONE_4G,1194
"752350695",NAIROBI_UMOJA_II_ZONE_2G,940
"752604713",NAIROBI_UMOJA_II_ZONE_4G,180
"752888119",NAIROBI_UMOJA_II_ZONE_4G,578
"753105322",NAIROBI_UMOJA_II_ZONE_2G,52
"753202451",NAIROBI_UMOJA_II_ZONE_2G,400
"753285245",NAIROBI_UMOJA_II_ZONE_3G,2340
"753309058",NAIROBI_UMOJA_II_ZONE_3G,830
"753319316",NAIROBI_UMOJA_II_ZONE_4G,1596
"753648423",NAIROBI_UMOJA_II_ZONE_4G,5908
"753942702",NAIROBI_UMOJA_II_ZONE_2G,414
"754031196",NAIROBI_UMOJA_II_ZONE_2G,2
"754061400",NAIROBI_UMOJA_II_ZONE_3G,1766
"754107048",NAIROBI_UMOJA_II_ZONE_2G,1018
"754401568",NAIROBI_UMOJA_II_ZONE_4G,568
"754469883",NAIROBI_UMOJA_II_ZONE_2G,502
"754692080",NAIROBI_UMOJA_II_ZONE_4G,
"754769457",NAIROBI_UMOJA_II_ZONE_4G,3442
"755195825",NAIROBI_UMOJA_II_ZONE_3G,316
"755660717",NAIROBI_UMOJA_II_ZONE_4G,160
"756207495",NAIROBI_UMOJA_II_ZONE_4G,2152
"756354195",NAIROBI_UMOJA_II_ZONE_2G,632
"756415994",NAIROBI_UMOJA_II_ZONE_2G,2302
"756565101",NAIROBI_UMOJA_II_ZONE_2G,640
"756608539",NAIROBI_UMOJA_II_ZONE_3G,998
"756677610",NAIROBI_UMOJA_II_ZONE_2G,1722
"756882172",NAIROBI_UMOJA_II_ZONE_4G,1314
"762005322",NAIROBI_UMOJA_II_ZONE_2G,322
"762013986",NAIROBI_UMOJA_II_ZONE_4G,36
"762044710",NAIROBI_UMOJA_II_ZONE_4G,3382
"762159354",NAIROBI_UMOJA_II_ZONE_2G,566
"762197094",NAIROBI_UMOJA_II_ZONE_4G,1398
"762290665",NAIROBI_UMOJA_II_ZONE_4G,1532
"762679059",NAIROBI_UMOJA_II_ZONE_4G,136
"762691225",NAIROBI_UMOJA_II_ZONE_4G,378
"780024627",NAIROBI_UMOJA_II_ZONE_2G,298
"780113512",NAIROBI_UMOJA_II_ZONE_4G,
"780113885",NAIROBI_UMOJA_II_ZONE_2G,1260
"780360040",NAIROBI_UMOJA_II_ZONE_4G,118
"780541614",NAIROBI_UMOJA_II_ZONE_2G,224
"780829528",NAIROBI_UMOJA_II_ZONE_3G,306
"780869772",NAIROBI_UMOJA_II_ZONE_4G,5630
"781002521",NAIROBI_UMOJA_II_ZONE_3G,876
"781035177",NAIROBI_UMOJA_II_ZONE_2G,2046
"781478719",NAIROBI_UMOJA_II_ZONE_2G,294
"781514324",NAIROBI_UMOJA_II_ZONE_2G,982
"781553838",NAIROBI_UMOJA_II_ZONE_4G,1052
"781614006",NAIROBI_UMOJA_II_ZONE_4G,1430
"781645248",NAIROBI_UMOJA_II_ZONE_3G,220
"781807616",NAIROBI_UMOJA_II_ZONE_3G,252
"781926409",NAIROBI_UMOJA_II_ZONE_2G,440
"782051415",NAIROBI_UMOJA_II_ZONE_4G,540
"782243704",NAIROBI_UMOJA_II_ZONE_4G,2132
"782366296",NAIROBI_UMOJA_II_ZONE_2G,
"782715926",NAIROBI_UMOJA_II_ZONE_2G,364
"782809326",NAIROBI_UMOJA_II_ZONE_2G,102
"782837602",NAIROBI_UMOJA_II_ZONE_2G,800
"782869207",NAIROBI_UMOJA_II_ZONE_4G,4490
"783134761",NAIROBI_UMOJA_II_ZONE_4G,1732
"783188580",NAIROBI_UMOJA_II_ZONE_3G,1156
"783207755",NAIROBI_UMOJA_II_ZONE_4G,726
"783212966",NAIROBI_UMOJA_II_ZONE_3G,840
"783360843",NAIROBI_UMOJA_II_ZONE_2G,982
"783602334",NAIROBI_UMOJA_II_ZONE_4G,5260
"783864418",NAIROBI_UMOJA_II_ZONE_2G,932
"783907332",NAIROBI_UMOJA_II_ZONE_2G,236
"784026447",NAIROBI_UMOJA_II_ZONE_3G,86
"784129629",NAIROBI_UMOJA_II_ZONE_4G,166
"784194476",NAIROBI_UMOJA_II_ZONE_4G,2126
"784491746",NAIROBI_UMOJA_II_ZONE_2G,76
"784534193",NAIROBI_UMOJA_II_ZONE_2G,1594
"784557584",NAIROBI_UMOJA_II_ZONE_3G,1510
"784847787",NAIROBI_UMOJA_II_ZONE_4G,1462
"785035992",NAIROBI_UMOJA_II_ZONE_3G,520
"785076412",NAIROBI_UMOJA_II_ZONE_3G,222
"785488562",NAIROBI_UMOJA_II_ZONE_2G,320
"785648736",NAIROBI_UMOJA_II_ZONE_4G,8912
"785733189",NAIROBI_UMOJA_II_ZONE_3G,270
"785734870",NAIROBI_UMOJA_II_ZONE_3G,
"785955234",NAIROBI_UMOJA_II_ZONE_2G,1104
"786188719",NAIROBI_UMOJA_II_ZONE_3G,3184
"786219789",NAIROBI_UMOJA_II_ZONE_2G,332
"786294770",NAIROBI_UMOJA_II_ZONE_3G,18
"786348580",NAIROBI_UMOJA_II_ZONE_4G,226
"786426876",NAIROBI_UMOJA_II_ZONE_4G,40
"786530432",NAIROBI_UMOJA_II_ZONE_2G,722
"786585686",NAIROBI_UMOJA_II_ZONE_3G,702
"786781986",NAIROBI_UMOJA_II_ZONE_2G,250
"786878152",NAIROBI_UMOJA_II_ZONE_4G,690
"786960024",NAIROBI_UMOJA_II_ZONE_2G,1706
"786985246",NAIROBI_UMOJA_II_ZONE_3G,2436
"786993492",NAIROBI_UMOJA_II_ZONE_4G,1238
"787025344",NAIROBI_UMOJA_II_ZONE_2G,560
"787141915",NAIROBI_UMOJA_II_ZONE_3G,506
"787390111",NAIROBI_UMOJA_II_ZONE_3G,600
"787407615",NAIROBI_UMOJA_II_ZONE_3G,180
"787563172",NAIROBI_UMOJA_II_ZONE_4G,
"787660234",NAIROBI_UMOJA_II_ZONE_2G,1280
"787699587",NAIROBI_UMOJA_II_ZONE_3G,22
"788104482",NAIROBI_UMOJA_II_ZONE_4G,696
"788129079",NAIROBI_UMOJA_II_ZONE_2G,280
"788132603",NAIROBI_UMOJA_II_ZONE_2G,36
"788454751",NAIROBI_UMOJA_II_ZONE_2G,334
"788558895",NAIROBI_UMOJA_II_ZONE_2G,192
"788863658",NAIROBI_UMOJA_II_ZONE_3G,2
"789629070",NAIROBI_UMOJA_II_ZONE_2G,530
"789667713",NAIROBI_UMOJA_II_ZONE_3G,1264
"789720709",NAIROBI_UMOJA_II_ZONE_3G,1006
"100515619",NAIROBI_UMOJA_II_ZONE_2G,266
"100624603",NAIROBI_UMOJA_II_ZONE_4G,494
"100712425",NAIROBI_UMOJA_II_ZONE_2G,88
"100769733",NAIROBI_UMOJA_II_ZONE_4G,3728
"100890297",NAIROBI_UMOJA_II_ZONE_4G,1238
"101306560",NAIROBI_UMOJA_II_ZONE_4G,
"101323787",NAIROBI_UMOJA_II_ZONE_3G,2876
"101360498",NAIROBI_UMOJA_II_ZONE_4G,2672
"101674183",NAIROBI_UMOJA_II_ZONE_4G,4442
"101688068",NAIROBI_UMOJA_II_ZONE_4G,202
"101756590",NAIROBI_UMOJA_II_ZONE_4G,80
"101833212",NAIROBI_UMOJA_II_ZONE_2G,1884
"101971754",NAIROBI_UMOJA_II_ZONE_2G,56
"101991954",NAIROBI_UMOJA_II_ZONE_2G,444
"102251706",NAIROBI_UMOJA_II_ZONE_4G,302
"102293436",NAIROBI_UMOJA_II_ZONE_3G,
"102342828",NAIROBI_UMOJA_II_ZONE_4G,2334
"102641958",NAIROBI_UMOJA_II_ZONE_2G,78
"102805884",NAIROBI_UMOJA_II_ZONE_4G,1968
"102917218",NAIROBI_UMOJA_II_ZONE_4G,
"103102234",NAIROBI_UMOJA_II_ZONE_4G,4948
"103588704",NAIROBI_UMOJA_II_ZONE_3G,840
"104507096",NAIROBI_UMOJA_II_ZONE_4G,562
"104765915",NAIROBI_UMOJA_II_ZONE_4G,1476
"105601795",NAIROBI_UMOJA_II_ZONE_2G,16
"105686613",NAIROBI_UMOJA_II_ZONE_2G,228
"105818063",NAIROBI_UMOJA_II_ZONE_2G,100
"731323396",NAIROBI_UMOJA_II_ZONE_4G,460
"731328710",NAIROBI_UMOJA_II_ZONE_2G,158
"731373329",NAIROBI_UMOJA_II_ZONE_4G,1214
"731508340",NAIROBI_UMOJA_II_ZONE_4G,38
"731595498",NAIROBI_UMOJA_II_ZONE_2G,506
"732001957",NAIROBI_UMOJA_II_ZONE_4G,936
"732022018",NAIROBI_UMOJA_II_ZONE_2G,
"732036968",NAIROBI_UMOJA_II_ZONE_3G,
"732095390",NAIROBI_UMOJA_II_ZONE_4G,3608
"732363424",NAIROBI_UMOJA_II_ZONE_3G,2
"732412547",NAIROBI_UMOJA_II_ZONE_3G,3464
"732521465",NAIROBI_UMOJA_II_ZONE_2G,740
"732649959",NAIROBI_UMOJA_II_ZONE_4G,8
