"TELEPHONIC_ADDRESS_ID","SITE_NAME","3"
"100151214",HOMA_BAY_UXD_4G,
"100465102",HOMA_BAY_UXD_4G,450
"100536753",HOMA_BAY_UXD_4G,5152
"100635727",HOMA_BAY_UXD_3G,698
"100919289",HOMA_BAY_UXD_2G,60
"101009366",HOMA_BAY_UXD_2G,20
"101313680",HOMA_BAY_UXD_4G,7916
"101384793",HOMA_BAY_UXD_4G,1532
"101396391",HOMA_BAY_UXD_4G,230
"101539071",HOMA_BAY_UXD_4G,208
"101893511",HOMA_BAY_UXD_2G,666
"102321416",HOMA_BAY_UXD_3G,1798
"102325571",HOMA_BAY_UXD_2G,106
"103166193",HOMA_BAY_UXD_3G,10
"103649338",HOMA_BAY_UXD_4G,40
"103689021",HOMA_BAY_UXD_4G,4
"103806657",HOMA_BAY_UXD_2G,218
"105368265",HOMA_BAY_UXD_3G,346
"105687479",HOMA_BAY_UXD_2G,36
"105853845",HOMA_BAY_UXD_3G,478
"731012875",HOMA_BAY_UXD_2G,244
"731359876",HOMA_BAY_UXD_2G,
"731762702",HOMA_BAY_UXD_3G,120
"731780183",HOMA_BAY_UXD_2G,
"732342449",HOMA_BAY_UXD_2G,18
"732631975",HOMA_BAY_UXD_2G,504
"732693690",HOMA_BAY_UXD_3G,620
"733626254",HOMA_BAY_UXD_4G,1786
"733886443",HOMA_BAY_UXD_2G,16
"734904411",HOMA_BAY_UXD_4G,2704
"735076431",HOMA_BAY_UXD_3G,640
"735162887",HOMA_BAY_UXD_2G,
"735274391",HOMA_BAY_UXD_3G,
"735632691",HOMA_BAY_UXD_3G,
"735653928",HOMA_BAY_UXD_2G,1194
"735788556",HOMA_BAY_UXD_2G,518
"736017061",HOMA_BAY_UXD_2G,756
"736091002",HOMA_BAY_UXD_3G,1122
"736397353",HOMA_BAY_UXD_3G,190
"736412767",HOMA_BAY_UXD_4G,40
"736503996",HOMA_BAY_UXD_2G,744
"736592715",HOMA_BAY_UXD_4G,1570
"736643778",HOMA_BAY_UXD_4G,1360
"736646876",HOMA_BAY_UXD_4G,896
"736688843",HOMA_BAY_UXD_2G,204
"736747378",HOMA_BAY_UXD_3G,4864
"736796236",HOMA_BAY_UXD_3G,326
"736896006",HOMA_BAY_UXD_4G,182
"736909152",HOMA_BAY_UXD_4G,0
"736994065",HOMA_BAY_UXD_3G,2020
"737258847",HOMA_BAY_UXD_4G,1214
"737260224",HOMA_BAY_UXD_4G,12
"737320674",HOMA_BAY_UXD_3G,708
"737327772",HOMA_BAY_UXD_3G,340
"737559013",HOMA_BAY_UXD_2G,
"737595179",HOMA_BAY_UXD_2G,106
"737862332",HOMA_BAY_UXD_4G,298
"737958694",HOMA_BAY_UXD_3G,364
"737989442",HOMA_BAY_UXD_3G,1318
"738224113",HOMA_BAY_UXD_3G,406
"738765691",HOMA_BAY_UXD_2G,0
"739025713",HOMA_BAY_UXD_3G,354
"739142233",HOMA_BAY_UXD_3G,326
"739158787",HOMA_BAY_UXD_3G,72
"739256630",HOMA_BAY_UXD_3G,702
"739368294",HOMA_BAY_UXD_4G,2510
"739385257",HOMA_BAY_UXD_3G,1050
"739391403",HOMA_BAY_UXD_2G,2000
"739466324",HOMA_BAY_UXD_3G,200
"739575216",HOMA_BAY_UXD_4G,2078
"739991551",HOMA_BAY_UXD_2G,124
"750304308",HOMA_BAY_UXD_2G,480
"750368337",HOMA_BAY_UXD_2G,4
"750492501",HOMA_BAY_UXD_2G,738
"750684919",HOMA_BAY_UXD_2G,816
"750752290",HOMA_BAY_UXD_2G,208
"750801740",HOMA_BAY_UXD_2G,526
"751117207",HOMA_BAY_UXD_2G,1630
"751247542",HOMA_BAY_UXD_3G,2420
"751408230",HOMA_BAY_UXD_3G,786
"751481432",HOMA_BAY_UXD_4G,2112
"751504787",HOMA_BAY_UXD_2G,1602
"751518019",HOMA_BAY_UXD_3G,5086
"751528099",HOMA_BAY_UXD_4G,1710
"751600351",HOMA_BAY_UXD_4G,12896
"751608268",HOMA_BAY_UXD_3G,1930
"751647781",HOMA_BAY_UXD_3G,584
"751655984",HOMA_BAY_UXD_4G,150
"751747492",HOMA_BAY_UXD_3G,2836
"751784198",HOMA_BAY_UXD_4G,4016
"751910523",HOMA_BAY_UXD_3G,502
"752025181",HOMA_BAY_UXD_3G,554
"752132066",HOMA_BAY_UXD_2G,278
"752244004",HOMA_BAY_UXD_3G,1808
"752252834",HOMA_BAY_UXD_3G,
"752525443",HOMA_BAY_UXD_3G,
"752631411",HOMA_BAY_UXD_2G,118
"752928058",HOMA_BAY_UXD_3G,78
"753121179",HOMA_BAY_UXD_3G,618
"753145132",HOMA_BAY_UXD_3G,80
"753238331",HOMA_BAY_UXD_2G,132
"753793397",HOMA_BAY_UXD_2G,242
"753833482",HOMA_BAY_UXD_4G,2216
"753906091",HOMA_BAY_UXD_3G,566
"754208483",HOMA_BAY_UXD_3G,174
"754230518",HOMA_BAY_UXD_3G,1982
"754734148",HOMA_BAY_UXD_2G,100
"754839366",HOMA_BAY_UXD_2G,20
"755128913",HOMA_BAY_UXD_2G,20
"755139938",HOMA_BAY_UXD_2G,338
"755410790",HOMA_BAY_UXD_2G,410
"755501848",HOMA_BAY_UXD_4G,458
"755661388",HOMA_BAY_UXD_3G,1592
"755675407",HOMA_BAY_UXD_3G,482
"755971870",HOMA_BAY_UXD_4G,856
"756119343",HOMA_BAY_UXD_3G,1978
"756129621",HOMA_BAY_UXD_2G,600
"756239112",HOMA_BAY_UXD_3G,144
"756284688",HOMA_BAY_UXD_3G,80
"756375295",HOMA_BAY_UXD_2G,736
"756518010",HOMA_BAY_UXD_4G,5264
"756521114",HOMA_BAY_UXD_3G,2940
"756859029",HOMA_BAY_UXD_2G,
"762252405",HOMA_BAY_UXD_4G,1202
"762492169",HOMA_BAY_UXD_3G,400
"762631910",HOMA_BAY_UXD_2G,454
"762823967",HOMA_BAY_UXD_2G,198
"762945006",HOMA_BAY_UXD_3G,718
"780187952",HOMA_BAY_UXD_2G,520
"780370707",HOMA_BAY_UXD_2G,336
"780478258",HOMA_BAY_UXD_4G,1906
"780613446",HOMA_BAY_UXD_3G,544
"780931694",HOMA_BAY_UXD_3G,1930
"781461693",HOMA_BAY_UXD_3G,130
"781508436",HOMA_BAY_UXD_4G,4428
"781654261",HOMA_BAY_UXD_2G,594
"781676060",HOMA_BAY_UXD_4G,1198
"781744400",HOMA_BAY_UXD_2G,20
"781880477",HOMA_BAY_UXD_3G,2272
"782312233",HOMA_BAY_UXD_3G,848
"782432122",HOMA_BAY_UXD_2G,
"782468292",HOMA_BAY_UXD_4G,2194
"782529409",HOMA_BAY_UXD_4G,2318
"782595548",HOMA_BAY_UXD_2G,432
"782595668",HOMA_BAY_UXD_2G,1380
"782749288",HOMA_BAY_UXD_2G,
"782809098",HOMA_BAY_UXD_3G,634
"783059086",HOMA_BAY_UXD_3G,812
"783245910",HOMA_BAY_UXD_4G,2114
"783344168",HOMA_BAY_UXD_4G,126
"783487306",HOMA_BAY_UXD_3G,516
"783652090",HOMA_BAY_UXD_3G,1800
"783712203",HOMA_BAY_UXD_4G,628
"783815324",HOMA_BAY_UXD_3G,2878
"783919386",HOMA_BAY_UXD_3G,2620
"784045744",HOMA_BAY_UXD_3G,1784
"784072730",HOMA_BAY_UXD_4G,2040
"784494718",HOMA_BAY_UXD_4G,2250
"784784122",HOMA_BAY_UXD_2G,18
"784784742",HOMA_BAY_UXD_4G,504
"785034798",HOMA_BAY_UXD_2G,1008
"785131058",HOMA_BAY_UXD_3G,1628
"785712319",HOMA_BAY_UXD_2G,510
"785768588",HOMA_BAY_UXD_3G,80
"786462932",HOMA_BAY_UXD_4G,426
"787421718",HOMA_BAY_UXD_2G,484
"787590217",HOMA_BAY_UXD_3G,830
"787633379",HOMA_BAY_UXD_4G,300
"788365154",HOMA_BAY_UXD_3G,
"788458615",HOMA_BAY_UXD_4G,3800
"788704999",HOMA_BAY_UXD_3G,142
"788857657",HOMA_BAY_UXD_4G,1556
"788979375",HOMA_BAY_UXD_3G,274
"789266994",HOMA_BAY_UXD_4G,1254
"789544690",HOMA_BAY_UXD_4G,522
"789650152",HOMA_BAY_UXD_2G,318
"789680510",HOMA_BAY_UXD_3G,3742
"789840758",HOMA_BAY_UXD_2G,100
"789918218",HOMA_BAY_UXD_4G,738
"100580287",HOMA_BAY_UXD_3G,272
"101010578",HOMA_BAY_UXD_2G,292
"101308719",HOMA_BAY_UXD_2G,952
"101510086",HOMA_BAY_UXD_2G,476
"101515001",HOMA_BAY_UXD_4G,1360
"101687421",HOMA_BAY_UXD_4G,4094
"101927551",HOMA_BAY_UXD_3G,2398
"102833654",HOMA_BAY_UXD_4G,1054
"102833845",HOMA_BAY_UXD_4G,636
"103224608",HOMA_BAY_UXD_4G,656
"103285859",HOMA_BAY_UXD_4G,
"103685232",HOMA_BAY_UXD_4G,
"103700667",HOMA_BAY_UXD_2G,28
"103831273",HOMA_BAY_UXD_4G,2268
"105311741",HOMA_BAY_UXD_4G,1848
"105597297",HOMA_BAY_UXD_2G,124
"105756700",HOMA_BAY_UXD_2G,412
"731200030",HOMA_BAY_UXD_4G,2706
"731432020",HOMA_BAY_UXD_4G,1228
"731452391",HOMA_BAY_UXD_3G,1210
"731456821",HOMA_BAY_UXD_3G,630
"731876823",HOMA_BAY_UXD_4G,142
"732261252",HOMA_BAY_UXD_3G,700
"732314924",HOMA_BAY_UXD_4G,1866
"732398807",HOMA_BAY_UXD_3G,210
"732524658",HOMA_BAY_UXD_3G,1348
"732731224",HOMA_BAY_UXD_3G,9500
"732734074",HOMA_BAY_UXD_3G,2356
"732743662",HOMA_BAY_UXD_3G,
"733221227",HOMA_BAY_UXD_2G,734
"733292709",HOMA_BAY_UXD_2G,522
"733423212",HOMA_BAY_UXD_3G,536
"734074848",HOMA_BAY_UXD_2G,296
"734083529",HOMA_BAY_UXD_4G,2110
"734407946",HOMA_BAY_UXD_3G,598
"734501957",HOMA_BAY_UXD_2G,98
"735077118",HOMA_BAY_UXD_3G,3682
"735093317",HOMA_BAY_UXD_2G,102
"735208646",HOMA_BAY_UXD_3G,100
"735336949",HOMA_BAY_UXD_3G,588
"735383779",HOMA_BAY_UXD_4G,686
"735393722",HOMA_BAY_UXD_3G,1228
"735460648",HOMA_BAY_UXD_3G,60
"736070840",HOMA_BAY_UXD_4G,1842
"736201569",HOMA_BAY_UXD_2G,1464
"736244594",HOMA_BAY_UXD_2G,40
"736323175",HOMA_BAY_UXD_2G,352
"736406586",HOMA_BAY_UXD_3G,740
"736497283",HOMA_BAY_UXD_3G,0
"736792905",HOMA_BAY_UXD_3G,2154
"736818549",HOMA_BAY_UXD_4G,1820
"737271901",HOMA_BAY_UXD_4G,1388
"737299687",HOMA_BAY_UXD_3G,140
"737325571",HOMA_BAY_UXD_4G,1684
"737364221",HOMA_BAY_UXD_3G,604
"737675259",HOMA_BAY_UXD_3G,2790
"737890488",HOMA_BAY_UXD_3G,64
"738023373",HOMA_BAY_UXD_4G,200
"738317038",HOMA_BAY_UXD_4G,1320
"738486280",HOMA_BAY_UXD_4G,1166
"738746185",HOMA_BAY_UXD_3G,1450
"738820509",HOMA_BAY_UXD_2G,60
"739071083",HOMA_BAY_UXD_2G,
"739216596",HOMA_BAY_UXD_4G,250
"739269677",HOMA_BAY_UXD_4G,368
"739720669",HOMA_BAY_UXD_3G,578
"739801632",HOMA_BAY_UXD_4G,916
"739862312",HOMA_BAY_UXD_2G,178
"739868043",HOMA_BAY_UXD_3G,1256
"739991581",HOMA_BAY_UXD_2G,424
"750155424",HOMA_BAY_UXD_2G,702
"750163198",HOMA_BAY_UXD_4G,1642
"750203123",HOMA_BAY_UXD_4G,2098
"750242597",HOMA_BAY_UXD_2G,252
"750265117",HOMA_BAY_UXD_4G,2628
"750327661",HOMA_BAY_UXD_2G,726
"750741822",HOMA_BAY_UXD_3G,1100
"751079897",HOMA_BAY_UXD_2G,582
"751131311",HOMA_BAY_UXD_4G,1236
"751242444",HOMA_BAY_UXD_3G,1900
"751415983",HOMA_BAY_UXD_4G,
"751422701",HOMA_BAY_UXD_2G,90
"751566539",HOMA_BAY_UXD_4G,586
"751575857",HOMA_BAY_UXD_2G,4326
"751758062",HOMA_BAY_UXD_4G,
"751804448",HOMA_BAY_UXD_4G,
"751894466",HOMA_BAY_UXD_2G,874
"751929850",HOMA_BAY_UXD_3G,1182
"752176339",HOMA_BAY_UXD_2G,1498
"752297153",HOMA_BAY_UXD_3G,2558
"752354405",HOMA_BAY_UXD_3G,1760
"752406898",HOMA_BAY_UXD_3G,238
"752419126",HOMA_BAY_UXD_4G,2332
"752548576",HOMA_BAY_UXD_2G,468
"752799888",HOMA_BAY_UXD_3G,854
"752805986",HOMA_BAY_UXD_4G,1796
"752822789",HOMA_BAY_UXD_3G,1168
"752945317",HOMA_BAY_UXD_4G,778
"753039350",HOMA_BAY_UXD_2G,286
"753042381",HOMA_BAY_UXD_2G,466
"753148301",HOMA_BAY_UXD_3G,952
"753437603",HOMA_BAY_UXD_2G,1412
"753527226",HOMA_BAY_UXD_2G,
"753600161",HOMA_BAY_UXD_4G,
"753716722",HOMA_BAY_UXD_3G,
"753726082",HOMA_BAY_UXD_3G,286
"753805052",HOMA_BAY_UXD_2G,398
"753891317",HOMA_BAY_UXD_3G,
"753994348",HOMA_BAY_UXD_2G,114
"754032527",HOMA_BAY_UXD_4G,1780
"754051909",HOMA_BAY_UXD_4G,360
"754110831",HOMA_BAY_UXD_2G,26
"754120416",HOMA_BAY_UXD_4G,1700
"754532727",HOMA_BAY_UXD_4G,1340
"754542726",HOMA_BAY_UXD_2G,1408
"754592983",HOMA_BAY_UXD_3G,750
"754872815",HOMA_BAY_UXD_3G,1020
"754965174",HOMA_BAY_UXD_2G,94
"755171725",HOMA_BAY_UXD_2G,40
"755444025",HOMA_BAY_UXD_3G,4048
"755447992",HOMA_BAY_UXD_2G,192
"755449589",HOMA_BAY_UXD_2G,170
"755642412",HOMA_BAY_UXD_2G,214
"755824048",HOMA_BAY_UXD_2G,116
"755829250",HOMA_BAY_UXD_4G,2454
"755881246",HOMA_BAY_UXD_2G,224
"756351427",HOMA_BAY_UXD_2G,560
"756370998",HOMA_BAY_UXD_2G,
"756456656",HOMA_BAY_UXD_3G,146
"756461165",HOMA_BAY_UXD_2G,278
"756777744",HOMA_BAY_UXD_3G,1276
"756788724",HOMA_BAY_UXD_2G,2134
"756803136",HOMA_BAY_UXD_3G,1554
"756866562",HOMA_BAY_UXD_4G,312
"762128263",HOMA_BAY_UXD_2G,
"762567046",HOMA_BAY_UXD_3G,1710
"762621892",HOMA_BAY_UXD_4G,2870
"762631603",HOMA_BAY_UXD_3G,2852
"762837667",HOMA_BAY_UXD_2G,450
"780272453",HOMA_BAY_UXD_2G,202
"780304127",HOMA_BAY_UXD_4G,1112
"780360819",HOMA_BAY_UXD_3G,4886
"780480681",HOMA_BAY_UXD_4G,1962
"780516973",HOMA_BAY_UXD_3G,1070
"780601602",HOMA_BAY_UXD_2G,0
"780748771",HOMA_BAY_UXD_3G,0
"781039638",HOMA_BAY_UXD_2G,2746
"781333337",HOMA_BAY_UXD_4G,6
"781393304",HOMA_BAY_UXD_2G,444
"781605302",HOMA_BAY_UXD_4G,286
"781752233",HOMA_BAY_UXD_4G,300
"781798555",HOMA_BAY_UXD_3G,540
"781809540",HOMA_BAY_UXD_4G,84
"781986189",HOMA_BAY_UXD_3G,1590
"782049892",HOMA_BAY_UXD_2G,536
"782065076",HOMA_BAY_UXD_3G,200
"782069500",HOMA_BAY_UXD_3G,2576
"782142485",HOMA_BAY_UXD_4G,250
"782417652",HOMA_BAY_UXD_2G,62
"782801927",HOMA_BAY_UXD_2G,0
"783019737",HOMA_BAY_UXD_3G,528
"783027683",HOMA_BAY_UXD_3G,194
"783050701",HOMA_BAY_UXD_2G,3644
"783208092",HOMA_BAY_UXD_3G,2436
"783555081",HOMA_BAY_UXD_4G,200
"783633193",HOMA_BAY_UXD_2G,
"784367431",HOMA_BAY_UXD_2G,636
"784426570",HOMA_BAY_UXD_2G,328
"784723729",HOMA_BAY_UXD_2G,100
"784995200",HOMA_BAY_UXD_2G,30
"785156363",HOMA_BAY_UXD_3G,1356
"785293783",HOMA_BAY_UXD_3G,90
"785668057",HOMA_BAY_UXD_3G,202
"785873911",HOMA_BAY_UXD_4G,4090
"785883044",HOMA_BAY_UXD_2G,50
"786570844",HOMA_BAY_UXD_3G,
"786764077",HOMA_BAY_UXD_3G,38
"786823542",HOMA_BAY_UXD_3G,1802
"786900858",HOMA_BAY_UXD_2G,536
"787065636",HOMA_BAY_UXD_3G,982
"787069786",HOMA_BAY_UXD_4G,268
"787165846",HOMA_BAY_UXD_4G,1322
"787507950",HOMA_BAY_UXD_3G,1328
"787508859",HOMA_BAY_UXD_2G,268
"787685284",HOMA_BAY_UXD_3G,368
"787783810",HOMA_BAY_UXD_3G,500
"787843483",HOMA_BAY_UXD_2G,690
"787967652",HOMA_BAY_UXD_2G,368
"788218702",HOMA_BAY_UXD_3G,88
"788361305",HOMA_BAY_UXD_2G,120
"789153383",HOMA_BAY_UXD_4G,
"789254123",HOMA_BAY_UXD_3G,196
"789442380",HOMA_BAY_UXD_2G,4214
"789457037",HOMA_BAY_UXD_4G,522
"789709725",HOMA_BAY_UXD_3G,832
"789739256",HOMA_BAY_UXD_3G,
"100149725",HOMA_BAY_UXD_4G,162
"100161534",HOMA_BAY_UXD_3G,178
"100213353",HOMA_BAY_UXD_3G,640
"100229306",HOMA_BAY_UXD_3G,1012
"100308028",HOMA_BAY_UXD_3G,990
"100511200",HOMA_BAY_UXD_4G,8238
"101285669",HOMA_BAY_UXD_3G,588
"101287767",HOMA_BAY_UXD_2G,340
"101458010",HOMA_BAY_UXD_4G,854
"101518854",HOMA_BAY_UXD_3G,784
"101552297",HOMA_BAY_UXD_4G,236
"101692757",HOMA_BAY_UXD_3G,118
"101795411",HOMA_BAY_UXD_3G,354
"101994804",HOMA_BAY_UXD_3G,366
"102440228",HOMA_BAY_UXD_2G,
"102533789",HOMA_BAY_UXD_2G,952
"102724909",HOMA_BAY_UXD_3G,1330
"103290688",HOMA_BAY_UXD_3G,2262
"103667290",HOMA_BAY_UXD_4G,1994
"105249781",HOMA_BAY_UXD_2G,686
"105252884",HOMA_BAY_UXD_2G,242
"105403035",HOMA_BAY_UXD_3G,116
"105858583",HOMA_BAY_UXD_4G,2560
"731076118",HOMA_BAY_UXD_3G,224
"731210482",HOMA_BAY_UXD_4G,776
"731222800",HOMA_BAY_UXD_2G,152
"731461539",HOMA_BAY_UXD_4G,3088
"731474799",HOMA_BAY_UXD_3G,5898
"732232394",HOMA_BAY_UXD_3G,
"732400911",HOMA_BAY_UXD_3G,38
"732587860",HOMA_BAY_UXD_3G,1262
"732723394",HOMA_BAY_UXD_3G,1084
"732731836",HOMA_BAY_UXD_2G,72
"733159992",HOMA_BAY_UXD_2G,648
"733332332",HOMA_BAY_UXD_3G,644
"733753590",HOMA_BAY_UXD_2G,2468
"733891090",HOMA_BAY_UXD_2G,234
"733896774",HOMA_BAY_UXD_2G,1092
"734551312",HOMA_BAY_UXD_3G,6200
"734551519",HOMA_BAY_UXD_3G,1628
"735078537",HOMA_BAY_UXD_2G,640
"735080769",HOMA_BAY_UXD_2G,1296
"735150097",HOMA_BAY_UXD_3G,620
"735381206",HOMA_BAY_UXD_3G,754
"735495412",HOMA_BAY_UXD_2G,78
"735663349",HOMA_BAY_UXD_3G,64
"735763533",HOMA_BAY_UXD_4G,310
"735830119",HOMA_BAY_UXD_3G,5320
"736153402",HOMA_BAY_UXD_4G,734
"736370398",HOMA_BAY_UXD_2G,454
"736442565",HOMA_BAY_UXD_2G,856
"736487011",HOMA_BAY_UXD_2G,16
"736565014",HOMA_BAY_UXD_4G,1732
"736698876",HOMA_BAY_UXD_2G,1162
"736708130",HOMA_BAY_UXD_3G,1980
"736790490",HOMA_BAY_UXD_4G,1886
"737035636",HOMA_BAY_UXD_4G,808
"737206339",HOMA_BAY_UXD_2G,10
"737210038",HOMA_BAY_UXD_4G,2260
"737226804",HOMA_BAY_UXD_3G,54
"737238034",HOMA_BAY_UXD_2G,90
"737320769",HOMA_BAY_UXD_2G,136
"737534860",HOMA_BAY_UXD_3G,2390
"737623321",HOMA_BAY_UXD_2G,58
"737771857",HOMA_BAY_UXD_2G,118
"737972607",HOMA_BAY_UXD_2G,58
"738785976",HOMA_BAY_UXD_2G,
"738922815",HOMA_BAY_UXD_2G,930
"739010732",HOMA_BAY_UXD_3G,342
"739128733",HOMA_BAY_UXD_3G,326
"739259924",HOMA_BAY_UXD_4G,1454
"739611843",HOMA_BAY_UXD_4G,560
"739791685",HOMA_BAY_UXD_3G,102
"739873141",HOMA_BAY_UXD_3G,2252
"750172227",HOMA_BAY_UXD_3G,32
"750492173",HOMA_BAY_UXD_4G,5912
"750522677",HOMA_BAY_UXD_4G,234
"750595908",HOMA_BAY_UXD_4G,6
"750908525",HOMA_BAY_UXD_4G,80
"751224473",HOMA_BAY_UXD_2G,6486
"751382889",HOMA_BAY_UXD_4G,154
"751604474",HOMA_BAY_UXD_2G,382
"751717618",HOMA_BAY_UXD_3G,80
"752142404",HOMA_BAY_UXD_4G,472
"752223125",HOMA_BAY_UXD_3G,280
"752225807",HOMA_BAY_UXD_4G,
"752232464",HOMA_BAY_UXD_4G,400
"752361474",HOMA_BAY_UXD_3G,1624
"752539917",HOMA_BAY_UXD_3G,
"752668734",HOMA_BAY_UXD_3G,672
"753435893",HOMA_BAY_UXD_2G,298
"753554371",HOMA_BAY_UXD_3G,116
"753586416",HOMA_BAY_UXD_2G,
"753709286",HOMA_BAY_UXD_2G,318
"753715058",HOMA_BAY_UXD_3G,604
"753733088",HOMA_BAY_UXD_2G,34
"754036000",HOMA_BAY_UXD_4G,1830
"754036717",HOMA_BAY_UXD_4G,2702
"754280293",HOMA_BAY_UXD_2G,674
"754291736",HOMA_BAY_UXD_2G,612
"754312353",HOMA_BAY_UXD_2G,520
"754403351",HOMA_BAY_UXD_4G,818
"754455227",HOMA_BAY_UXD_2G,0
"754481994",HOMA_BAY_UXD_3G,1712
"754513658",HOMA_BAY_UXD_2G,0
"754625300",HOMA_BAY_UXD_4G,16
"754690563",HOMA_BAY_UXD_4G,976
"755132879",HOMA_BAY_UXD_4G,296
"755447819",HOMA_BAY_UXD_3G,3506
"755475230",HOMA_BAY_UXD_4G,298
"755787858",HOMA_BAY_UXD_2G,3532
"755955968",HOMA_BAY_UXD_2G,252
"756199351",HOMA_BAY_UXD_2G,118
"756352770",HOMA_BAY_UXD_4G,8086
"756533506",HOMA_BAY_UXD_4G,4516
"756735600",HOMA_BAY_UXD_2G,2064
"756748766",HOMA_BAY_UXD_2G,26
"756860779",HOMA_BAY_UXD_3G,1370
"756972003",HOMA_BAY_UXD_4G,2308
"762108768",HOMA_BAY_UXD_2G,1398
"762303766",HOMA_BAY_UXD_4G,
"762872499",HOMA_BAY_UXD_4G,98
"780278886",HOMA_BAY_UXD_4G,1546
"780415812",HOMA_BAY_UXD_4G,1830
"780479413",HOMA_BAY_UXD_3G,6236
