"TELEPHONIC_ADDRESS_ID","SITE_NAME","3"
"100116243",KAKAMEGA_SOUTH_3G,494
"100140774",KAKAMEGA_SOUTH_4G,20
"100141729",KAKAMEGA_CANNON_AWORI_STREET_3G,150
"100147645",KAKAMEGA_WEST_2G,
"100170724",KAKAMEGA_CANNON_AWORI_STREET_3G,100
"100187356",KAKAMEGA_LURAMBI_4G,2044
"100219907",KAKAMEGA_SOUTH_4G,1200
"100261756",KAKAMEGA_SOUTH_2G,
"100262303",KAKAMEGA_KENFICO_ESTATE_3G,362
"100265139",KAKAMEGA_KENFICO_ESTATE_4G,350
"100320173",KAKAMEGA_LURAMBI_4G,
"100341344",KAKAMEGA_SOUTH_4G,
"100380803",KAKAMEGA_LURAMBI_3G,1180
"100426884",KAKAMEGA_KENFICO_ESTATE_4G,152
"100438714",KAKAMEGA_SOUTH_2G,
"100447079",KAKAMEGA_MASINDE_4G,3196
"100447251",KAKAMEGA_CANNON_AWORI_STREET_3G,236
"100448258",KAKAMEGA_KENFICO_ESTATE_2G,286
"100450745",KAKAMEGA_WEST_3G,160
"100450844",KAKAMEGA_WEST_4G,1558
"100465331",KAKAMEGA_KENFICO_ESTATE_4G,380
"100475532",KAKAMEGA_LURAMBI_3G,2326
"100478751",KAKAMEGA_CANNON_AWORI_STREET_4G,2094
"100530930",KAKAMEGA_LURAMBI_4G,3416
"100536356",KAKAMEGA_SOUTH_3G,388
"100566576",KAKAMEGA_LURAMBI_2G,298
"100609925",KAKAMEGA_WEST_4G,840
"100610668",KAKAMEGA_TOWN_4G,4028
"100641447",KAKAMEGA_LURAMBI_2G,174
"100642037",KAKAMEGA_WEST_3G,198
"100729716",KAKAMEGA_WEST_2G,84
"100735244",KAKAMEGA_KENFICO_ESTATE_3G,158
"100751959",KAKAMEGA_LURAMBI_4G,556
"100759285",KAKAMEGA_LURAMBI_4G,580
"100795577",KAKAMEGA_SOUTH_3G,3674
"100799198",KAKAMEGA_WEST_3G,394
"100799326",KAKAMEGA_LURAMBI_2G,468
"100829522",KAKAMEGA_SOUTH_4G,1766
"100834987",KAKAMEGA_SOUTH_4G,482
"100839301",KAKAMEGA_KENFICO_ESTATE_2G,278
"100842952",KAKAMEGA_LURAMBI_3G,1286
"100865133",KAKAMEGA_KENFICO_ESTATE_2G,2616
"100873098",KAKAMEGA_LURAMBI_2G,0
"100956172",KAKAMEGA_MASINDE_4G,5504
"100996246",KAKAMEGA_TOWN_4G,514
"101003578",KAKAMEGA_CANNON_AWORI_STREET_4G,2194
"101010496",KAKAMEGA_LURAMBI_4G,380
"101038680",KAKAMEGA_KENFICO_ESTATE_2G,18
"101067069",KAKAMEGA_KENFICO_ESTATE_4G,
"101072038",KAKAMEGA_MASINDE_4G,498
"101140708",KAKAMEGA_CANNON_AWORI_STREET_2G,564
"101160874",KAKAMEGA_LURAMBI_2G,632
"101166340",KAKAMEGA_SOUTH_2G,20
"101183054",KAKAMEGA_KENFICO_ESTATE_3G,1862
"101190371",KAKAMEGA_KENFICO_ESTATE_2G,554
"101194093",KAKAMEGA_LURAMBI_3G,278
"101210848",KAKAMEGA_KENFICO_ESTATE_3G,1890
"101213956",KAKAMEGA_LURAMBI_4G,908
"101214683",KAKAMEGA_KENFICO_ESTATE_4G,3048
"101294301",KAKAMEGA_LURAMBI_2G,
"101301979",KAKAMEGA_LURAMBI_4G,220
"101317385",KAKAMEGA_CANNON_AWORI_STREET_3G,120
"101362900",KAKAMEGA_LURAMBI_4G,3388
"101370201",KAKAMEGA_KENFICO_ESTATE_4G,
"101374110",KAKAMEGA_KENFICO_ESTATE_4G,4572
"101377405",KAKAMEGA_LURAMBI_2G,132
"101386253",KAKAMEGA_LURAMBI_2G,
"101388483",KAKAMEGA_KENFICO_ESTATE_4G,300
"101388663",KAKAMEGA_KENFICO_ESTATE_2G,1188
"101430965",KAKAMEGA_WEST_3G,114
"101470296",KAKAMEGA_CANNON_AWORI_STREET_3G,2570
"101492973",KAKAMEGA_TOWN_4G,936
"101493453",KAKAMEGA_CANNON_AWORI_STREET_2G,302
"101493460",KAKAMEGA_LURAMBI_4G,260
"101496188",KAKAMEGA_LURAMBI_4G,564
"101508742",KAKAMEGA_TOWN_3G,3572
"101545575",KAKAMEGA_TOWN_2G,1006
"101566889",KAKAMEGA_SOUTH_4G,528
"101567143",KAKAMEGA_LURAMBI_2G,138
"101592505",KAKAMEGA_LURAMBI_4G,422
"101592703",KAKAMEGA_CANNON_AWORI_STREET_2G,38
"101620130",KAKAMEGA_KENFICO_ESTATE_3G,144
"101632274",KAKAMEGA_KENFICO_ESTATE_3G,972
"101648058",KAKAMEGA_LURAMBI_2G,200
"101658529",KAKAMEGA_LURAMBI_3G,532
"101661026",KAKAMEGA_KENFICO_ESTATE_2G,
"101689019",KAKAMEGA_CANNON_AWORI_STREET_4G,4298
"101691966",KAKAMEGA_LURAMBI_4G,1696
"101700226",KAKAMEGA_KENFICO_ESTATE_4G,1890
"101707689",KAKAMEGA_TOWN_3G,1780
"101723736",KAKAMEGA_SOUTH_4G,500
"101747023",KAKAMEGA_KENFICO_ESTATE_4G,1270
"101757795",KAKAMEGA_TOWN_4G,
"101764501",KAKAMEGA_SOUTH_4G,1498
"101765963",KAKAMEGA_KENFICO_ESTATE_2G,1786
"101766975",KAKAMEGA_KENFICO_ESTATE_3G,804
"101768466",KAKAMEGA_LURAMBI_4G,1448
"101795262",KAKAMEGA_SOUTH_3G,864
"101830264",KAKAMEGA_KENFICO_ESTATE_4G,1376
"101848412",KAKAMEGA_CANNON_AWORI_STREET_2G,102
"101855168",KAKAMEGA_TOWN_3G,692
"101872006",KAKAMEGA_LURAMBI_3G,1392
"101874060",KAKAMEGA_LURAMBI_4G,
"101876865",KAKAMEGA_CANNON_AWORI_STREET_2G,48
"101886353",KAKAMEGA_TOWN_2G,882
"101897090",KAKAMEGA_CANNON_AWORI_STREET_4G,2076
"101918423",KAKAMEGA_KENFICO_ESTATE_4G,372
"101921615",KAKAMEGA_KENFICO_ESTATE_2G,404
"101926171",KAKAMEGA_WEST_2G,184
"101947373",KAKAMEGA_LURAMBI_2G,454
"101948406",KAKAMEGA_WEST_2G,244
"101949134",KAKAMEGA_KENFICO_ESTATE_3G,166
"101949240",KAKAMEGA_KENFICO_ESTATE_2G,32
"101982923",KAKAMEGA_SOUTH_4G,40
"102012744",KAKAMEGA_SOUTH_2G,800
"102013066",KAKAMEGA_KENFICO_ESTATE_3G,620
"102013110",KAKAMEGA_LURAMBI_4G,40
"102013165",KAKAMEGA_CANNON_AWORI_STREET_2G,644
"102018821",KAKAMEGA_LURAMBI_2G,16
"102089607",KAKAMEGA_LURAMBI_4G,20
"102177640",KAKAMEGA_TOWN_2G,
"102190363",KAKAMEGA_TOWN_4G,598
"102197090",KAKAMEGA_SOUTH_4G,1924
"102428156",KAKAMEGA_LURAMBI_3G,1362
"102429581",KAKAMEGA_CANNON_AWORI_STREET_2G,1070
"102438155",KAKAMEGA_SOUTH_2G,174
"102452154",KAKAMEGA_CANNON_AWORI_STREET_4G,
"102469670",KAKAMEGA_KENFICO_ESTATE_3G,1514
"102469744",KAKAMEGA_CANNON_AWORI_STREET_3G,240
"102470640",KAKAMEGA_MASINDE_2G,2
"102470714",KAKAMEGA_TOWN_2G,360
"102471734",KAKAMEGA_CANNON_AWORI_STREET_2G,380
"102471770",KAKAMEGA_CANNON_AWORI_STREET_4G,354
"102518507",KAKAMEGA_WEST_4G,
"102527396",KAKAMEGA_SOUTH_2G,284
"102527602",KAKAMEGA_WEST_4G,4200
"102527639",KAKAMEGA_KENFICO_ESTATE_2G,826
"102543346",KAKAMEGA_KENFICO_ESTATE_2G,524
"102571919",KAKAMEGA_WEST_2G,190
"102659295",KAKAMEGA_CANNON_AWORI_STREET_3G,106
"102659605",KAKAMEGA_KENFICO_ESTATE_2G,496
"102664730",KAKAMEGA_SOUTH_2G,870
"102665019",KAKAMEGA_LURAMBI_2G,1368
"102719417",KAKAMEGA_SOUTH_3G,178
"102767456",KAKAMEGA_CANNON_AWORI_STREET_3G,5590
"102829262",KAKAMEGA_SOUTH_2G,228
"102831414",KAKAMEGA_KENFICO_ESTATE_2G,638
"102842179",KAKAMEGA_TOWN_4G,3580
"102882550",KAKAMEGA_LURAMBI_2G,880
"102973958",KAKAMEGA_SOUTH_4G,198
"102973965",KAKAMEGA_KENFICO_ESTATE_2G,2
"103013574",KAKAMEGA_SOUTH_4G,460
"103109702",KAKAMEGA_SOUTH_2G,340
"103115709",KAKAMEGA_LURAMBI_2G,4
"103161440",KAKAMEGA_MASINDE_4G,1252
"103201954",KAKAMEGA_KENFICO_ESTATE_3G,18
"103214384",KAKAMEGA_LURAMBI_4G,830
"103370653",KAKAMEGA_KENFICO_ESTATE_2G,502
"103378651",KAKAMEGA_CANNON_AWORI_STREET_2G,468
"103459462",KAKAMEGA_CANNON_AWORI_STREET_4G,
"103479067",KAKAMEGA_SOUTH_4G,1054
"103484681",KAKAMEGA_CANNON_AWORI_STREET_3G,60
"103568544",KAKAMEGA_LURAMBI_4G,1698
"103634173",KAKAMEGA_WEST_2G,
"103685576",KAKAMEGA_KENFICO_ESTATE_3G,800
"103733748",KAKAMEGA_TOWN_3G,1774
"103764158",KAKAMEGA_KENFICO_ESTATE_2G,352
"103800232",KAKAMEGA_SOUTH_4G,
"103800587",KAKAMEGA_SOUTH_2G,
"103826271",KAKAMEGA_LURAMBI_2G,326
"103836142",KAKAMEGA_LURAMBI_3G,728
"103839091",KAKAMEGA_CANNON_AWORI_STREET_2G,58
"103842736",KAKAMEGA_LURAMBI_3G,902
"103883451",KAKAMEGA_LURAMBI_2G,2140
"103906419",KAKAMEGA_LURAMBI_2G,330
"103919981",KAKAMEGA_LURAMBI_4G,3362
"103945702",KAKAMEGA_KENFICO_ESTATE_2G,38
"103979939",KAKAMEGA_KENFICO_ESTATE_4G,
"103985202",KAKAMEGA_LURAMBI_4G,1468
"103996791",KAKAMEGA_SOUTH_3G,3160
"104002918",KAKAMEGA_LURAMBI_2G,506
"104004164",KAKAMEGA_KENFICO_ESTATE_2G,38
"104946384",KAKAMEGA_SOUTH_2G,428
"105044711",KAKAMEGA_SOUTH_2G,88
"105051971",KAKAMEGA_CANNON_AWORI_STREET_2G,258
"105056172",KAKAMEGA_KENFICO_ESTATE_2G,560
"105056779",KAKAMEGA_TOWN_2G,0
"105056851",KAKAMEGA_SOUTH_2G,26
"105058528",KAKAMEGA_KENFICO_ESTATE_2G,50
"105076388",KAKAMEGA_LURAMBI_3G,12
"105080114",KAKAMEGA_CANNON_AWORI_STREET_3G,7308
"105092286",KAKAMEGA_MASINDE_3G,340
"105118633",KAKAMEGA_WEST_2G,934
"105135024",KAKAMEGA_LURAMBI_4G,
"105269567",KAKAMEGA_LURAMBI_4G,1344
"105270084",KAKAMEGA_LURAMBI_4G,
"105306687",KAKAMEGA_KENFICO_ESTATE_2G,80
"105325293",KAKAMEGA_SOUTH_4G,
"105377073",KAKAMEGA_CANNON_AWORI_STREET_4G,
"105438715",KAKAMEGA_WEST_2G,74
"105439001",KAKAMEGA_KENFICO_ESTATE_4G,80
"105439009",KAKAMEGA_LURAMBI_2G,766
"105442575",KAKAMEGA_CANNON_AWORI_STREET_4G,60
"105443032",KAKAMEGA_SOUTH_4G,194
"105493207",KAKAMEGA_MASINDE_2G,194
"105518075",KAKAMEGA_SOUTH_4G,1398
"105536659",KAKAMEGA_LURAMBI_2G,44
"105651996",KAKAMEGA_TOWN_4G,
"105811328",KAKAMEGA_SOUTH_2G,326
"105869752",KAKAMEGA_LURAMBI_2G,220
"105937371",KAKAMEGA_LURAMBI_2G,398
"105937434",KAKAMEGA_KENFICO_ESTATE_4G,1160
"105942305",KAKAMEGA_WEST_2G,682
"105949401",KAKAMEGA_LURAMBI_2G,296
"105949453",KAKAMEGA_KENFICO_ESTATE_4G,2244
"731082610",KAKAMEGA_LURAMBI_4G,2596
"731086275",KAKAMEGA_KENFICO_ESTATE_4G,2112
"731105062",KAKAMEGA_MASINDE_3G,20
"731190188",KAKAMEGA_SOUTH_4G,6504
"731230299",KAKAMEGA_SOUTH_2G,924
"731234236",KAKAMEGA_LURAMBI_3G,1598
"731265175",KAKAMEGA_KENFICO_ESTATE_2G,470
"731307424",KAKAMEGA_LURAMBI_2G,80
"731328211",KAKAMEGA_LURAMBI_2G,190
"731345265",KAKAMEGA_CANNON_AWORI_STREET_3G,1510
"731346067",KAKAMEGA_KENFICO_ESTATE_2G,272
"731384154",KAKAMEGA_WEST_2G,1484
"731409753",KAKAMEGA_LURAMBI_4G,20
"731410772",KAKAMEGA_SOUTH_2G,324
"731420353",KAKAMEGA_KENFICO_ESTATE_2G,46
"731458515",KAKAMEGA_SOUTH_4G,722
"731464021",KAKAMEGA_KENFICO_ESTATE_4G,2880
"731532397",KAKAMEGA_LURAMBI_2G,676
"731533533",KAKAMEGA_SOUTH_4G,2954
"731535494",KAKAMEGA_TOWN_3G,1078
"731543712",KAKAMEGA_KENFICO_ESTATE_2G,440
"731550092",KAKAMEGA_KENFICO_ESTATE_2G,228
"731554892",KAKAMEGA_SOUTH_2G,70
"731557712",KAKAMEGA_CANNON_AWORI_STREET_4G,1432
"731573795",KAKAMEGA_CANNON_AWORI_STREET_4G,820
"731593030",KAKAMEGA_WEST_2G,264
"731636812",KAKAMEGA_LURAMBI_4G,412
"731640371",KAKAMEGA_WEST_4G,600
"731643104",KAKAMEGA_LURAMBI_4G,1522
"731645143",KAKAMEGA_KENFICO_ESTATE_4G,18
"731648893",KAKAMEGA_KENFICO_ESTATE_2G,112
"731665525",KAKAMEGA_CANNON_AWORI_STREET_4G,11480
"731674490",KAKAMEGA_LURAMBI_2G,900
"731678981",KAKAMEGA_SOUTH_2G,58
"731689670",KAKAMEGA_LURAMBI_2G,38
"731703771",KAKAMEGA_LURAMBI_2G,512
"731734829",KAKAMEGA_LURAMBI_2G,406
"731801964",KAKAMEGA_LURAMBI_3G,200
"731816585",KAKAMEGA_KENFICO_ESTATE_2G,236
"731838180",KAKAMEGA_SOUTH_3G,5054
"731870603",KAKAMEGA_LURAMBI_4G,
"731932741",KAKAMEGA_KENFICO_ESTATE_2G,106
"731940617",KAKAMEGA_LURAMBI_2G,680
"731959417",KAKAMEGA_SOUTH_2G,1508
"731962469",KAKAMEGA_KENFICO_ESTATE_2G,98
"732023091",KAKAMEGA_LURAMBI_2G,334
"732050344",KAKAMEGA_LURAMBI_3G,56
"732212255",KAKAMEGA_TOWN_2G,530
"732217390",KAKAMEGA_SOUTH_4G,558
"732232003",KAKAMEGA_WEST_2G,3554
"732232653",KAKAMEGA_KENFICO_ESTATE_2G,380
"732256800",KAKAMEGA_CANNON_AWORI_STREET_2G,72
"732281519",KAKAMEGA_WEST_2G,202
"732354661",KAKAMEGA_KENFICO_ESTATE_2G,34
"732404734",KAKAMEGA_SOUTH_4G,1198
"732413342",KAKAMEGA_SOUTH_2G,186
"732511792",KAKAMEGA_WEST_2G,34
"732559591",KAKAMEGA_LURAMBI_3G,2
"732565846",KAKAMEGA_WEST_4G,1188
"732571929",KAKAMEGA_CANNON_AWORI_STREET_3G,60
"732580712",KAKAMEGA_KENFICO_ESTATE_2G,318
"732620174",KAKAMEGA_KENFICO_ESTATE_2G,660
"732621338",KAKAMEGA_LURAMBI_2G,118
"732622798",KAKAMEGA_CANNON_AWORI_STREET_3G,20
"732686474",KAKAMEGA_WEST_2G,198
"732690880",KAKAMEGA_SOUTH_2G,88
"732691279",KAKAMEGA_LURAMBI_2G,2008
"732701031",KAKAMEGA_KENFICO_ESTATE_2G,0
"732702868",KAKAMEGA_MASINDE_4G,662
"732715124",KAKAMEGA_SOUTH_2G,
"732734394",KAKAMEGA_KENFICO_ESTATE_3G,2614
"732742988",KAKAMEGA_TOWN_4G,7170
"732748596",KAKAMEGA_KENFICO_ESTATE_4G,3678
"732782189",KAKAMEGA_WEST_2G,1736
"732790200",KAKAMEGA_KENFICO_ESTATE_2G,4692
"732793902",KAKAMEGA_LURAMBI_2G,20
"732798274",KAKAMEGA_KENFICO_ESTATE_2G,
"732815726",KAKAMEGA_KENFICO_ESTATE_2G,278
"732827453",KAKAMEGA_WEST_2G,1256
"732828240",KAKAMEGA_WEST_4G,1452
"732832020",KAKAMEGA_LURAMBI_4G,2824
"732865353",KAKAMEGA_LURAMBI_3G,730
"732873251",KAKAMEGA_LURAMBI_3G,452
"732878292",KAKAMEGA_MASINDE_4G,
"732889631",KAKAMEGA_WEST_2G,720
"732903984",KAKAMEGA_LURAMBI_2G,18
"732904229",KAKAMEGA_CANNON_AWORI_STREET_2G,3192
"732904594",KAKAMEGA_TOWN_4G,122
"732908740",KAKAMEGA_LURAMBI_2G,184
"732911327",KAKAMEGA_CANNON_AWORI_STREET_4G,6068
"732918380",KAKAMEGA_CANNON_AWORI_STREET_4G,1934
"732932239",KAKAMEGA_SOUTH_3G,360
"732945757",KAKAMEGA_CANNON_AWORI_STREET_4G,1400
"732948008",KAKAMEGA_KENFICO_ESTATE_3G,1018
"732955299",KAKAMEGA_LURAMBI_4G,2614
"732962981",KAKAMEGA_SOUTH_4G,2040
"732963612",KAKAMEGA_WEST_4G,1274
"732971840",KAKAMEGA_LURAMBI_4G,482
"732980096",KAKAMEGA_LURAMBI_4G,60
"732995984",KAKAMEGA_CANNON_AWORI_STREET_2G,2070
"732996183",KAKAMEGA_KENFICO_ESTATE_4G,3280
"733143894",KAKAMEGA_TOWN_2G,
"733252389",KAKAMEGA_SOUTH_3G,2020
"733265155",KAKAMEGA_TOWN_2G,780
"733275643",KAKAMEGA_LURAMBI_3G,1334
"733276434",KAKAMEGA_KENFICO_ESTATE_2G,610
"733278565",KAKAMEGA_KENFICO_ESTATE_2G,970
"733283226",KAKAMEGA_WEST_2G,118
"733316939",KAKAMEGA_LURAMBI_4G,276
"733335546",KAKAMEGA_WEST_2G,898
"733338086",KAKAMEGA_LURAMBI_2G,98
"733363286",KAKAMEGA_SOUTH_3G,4000
"733441389",KAKAMEGA_CANNON_AWORI_STREET_3G,3002
"733483678",KAKAMEGA_LURAMBI_4G,3448
"733498949",KAKAMEGA_WEST_4G,
"733512583",KAKAMEGA_LURAMBI_4G,24
"733518798",KAKAMEGA_TOWN_4G,3906
"733544236",KAKAMEGA_LURAMBI_2G,292
"733675353",KAKAMEGA_LURAMBI_3G,1156
"733675900",KAKAMEGA_WEST_3G,656
"733699401",KAKAMEGA_LURAMBI_3G,1280
"733724900",KAKAMEGA_KENFICO_ESTATE_2G,14
"733820578",KAKAMEGA_MASINDE_4G,282
"733834005",KAKAMEGA_TOWN_4G,1298
"733842823",KAKAMEGA_CANNON_AWORI_STREET_2G,360
"733874308",KAKAMEGA_LURAMBI_4G,520
"733887130",KAKAMEGA_LURAMBI_4G,48
"733910925",KAKAMEGA_SOUTH_4G,0
"733921678",KAKAMEGA_LURAMBI_2G,292
"733996061",KAKAMEGA_CANNON_AWORI_STREET_4G,6000
"734018348",KAKAMEGA_LURAMBI_2G,4
"734054028",KAKAMEGA_WEST_2G,1812
"734063794",KAKAMEGA_LURAMBI_3G,2588
"734239680",KAKAMEGA_KENFICO_ESTATE_2G,1564
"734257755",KAKAMEGA_TOWN_4G,88
"734313617",KAKAMEGA_LURAMBI_3G,3278
"734343052",KAKAMEGA_LURAMBI_4G,1058
"734358418",KAKAMEGA_WEST_4G,8074
"734413729",KAKAMEGA_SOUTH_3G,2482
"734434876",KAKAMEGA_WEST_3G,928
"734437713",KAKAMEGA_KENFICO_ESTATE_2G,342
"734479085",KAKAMEGA_LURAMBI_3G,100
"734510988",KAKAMEGA_WEST_4G,366
"734549561",KAKAMEGA_KENFICO_ESTATE_4G,120
"734557619",KAKAMEGA_CANNON_AWORI_STREET_3G,232
"734567799",KAKAMEGA_LURAMBI_4G,180
"734590249",KAKAMEGA_LURAMBI_2G,204
"734605809",KAKAMEGA_CANNON_AWORI_STREET_2G,0
"734626354",KAKAMEGA_LURAMBI_3G,
"734633398",KAKAMEGA_WEST_2G,2392
"734645369",KAKAMEGA_LURAMBI_2G,260
"734650430",KAKAMEGA_CANNON_AWORI_STREET_3G,
"734669770",KAKAMEGA_CANNON_AWORI_STREET_4G,1298
"734704893",KAKAMEGA_KENFICO_ESTATE_3G,516
"734715102",KAKAMEGA_WEST_3G,314
"734738674",KAKAMEGA_SOUTH_2G,880
"734745887",KAKAMEGA_CANNON_AWORI_STREET_3G,712
"734754376",KAKAMEGA_WEST_4G,628
"734758326",KAKAMEGA_KENFICO_ESTATE_2G,106
"734763339",KAKAMEGA_LURAMBI_4G,86
"734771192",KAKAMEGA_KENFICO_ESTATE_2G,282
"734796163",KAKAMEGA_KENFICO_ESTATE_4G,
"734797880",KAKAMEGA_KENFICO_ESTATE_3G,442
"734797894",KAKAMEGA_WEST_4G,214
"734798267",KAKAMEGA_LURAMBI_2G,1074
"734810221",KAKAMEGA_TOWN_4G,82
"734811961",KAKAMEGA_KENFICO_ESTATE_3G,
"734818039",KAKAMEGA_WEST_4G,596
"734833999",KAKAMEGA_SOUTH_4G,4846
"734846464",KAKAMEGA_LURAMBI_4G,2972
"734863644",KAKAMEGA_TOWN_3G,1740
"734866991",KAKAMEGA_SOUTH_4G,866
"734884355",KAKAMEGA_KENFICO_ESTATE_2G,2468
"734903273",KAKAMEGA_WEST_3G,176
"734916291",KAKAMEGA_LURAMBI_2G,1252
"734916688",KAKAMEGA_LURAMBI_2G,332
"734919612",KAKAMEGA_WEST_4G,664
"734926261",KAKAMEGA_LURAMBI_2G,776
"734932032",KAKAMEGA_LURAMBI_4G,7816
"734933989",KAKAMEGA_KENFICO_ESTATE_2G,78
"734935241",KAKAMEGA_MASINDE_3G,560
"734935725",KAKAMEGA_KENFICO_ESTATE_4G,752
"734940684",KAKAMEGA_KENFICO_ESTATE_2G,1388
"734945650",KAKAMEGA_CANNON_AWORI_STREET_4G,4980
"734961123",KAKAMEGA_KENFICO_ESTATE_3G,662
"735021826",KAKAMEGA_CANNON_AWORI_STREET_2G,534
"735024126",KAKAMEGA_LURAMBI_3G,626
"735029831",KAKAMEGA_SOUTH_4G,1092
"735075104",KAKAMEGA_LURAMBI_3G,1356
"735139690",KAKAMEGA_LURAMBI_4G,2570
"735148291",KAKAMEGA_CANNON_AWORI_STREET_3G,2102
"735151957",KAKAMEGA_KENFICO_ESTATE_4G,
"735160268",KAKAMEGA_CANNON_AWORI_STREET_3G,312
"735180516",KAKAMEGA_LURAMBI_3G,6252
"735196001",KAKAMEGA_LURAMBI_4G,1768
"735199364",KAKAMEGA_KENFICO_ESTATE_2G,1004
"735203670",KAKAMEGA_WEST_4G,4064
"735205361",KAKAMEGA_WEST_3G,568
"735290299",KAKAMEGA_TOWN_4G,3762
"735309760",KAKAMEGA_LURAMBI_4G,2006
"735330365",KAKAMEGA_KENFICO_ESTATE_4G,250
"735335122",KAKAMEGA_SOUTH_4G,4198
"735367198",KAKAMEGA_WEST_3G,1960
"735368098",KAKAMEGA_LURAMBI_4G,120
"735393411",KAKAMEGA_LURAMBI_4G,40
"735420815",KAKAMEGA_KENFICO_ESTATE_3G,80
"735442263",KAKAMEGA_LURAMBI_2G,548
"735467760",KAKAMEGA_CANNON_AWORI_STREET_2G,244
"735470208",KAKAMEGA_SOUTH_3G,1484
"735474860",KAKAMEGA_TOWN_2G,1108
"735482922",KAKAMEGA_LURAMBI_2G,282
"735503013",KAKAMEGA_SOUTH_4G,12
"735524991",KAKAMEGA_LURAMBI_3G,240
"735536286",KAKAMEGA_WEST_3G,
"735536844",KAKAMEGA_KENFICO_ESTATE_2G,
"735585378",KAKAMEGA_KENFICO_ESTATE_4G,
"735588942",KAKAMEGA_SOUTH_3G,5826
"735596103",KAKAMEGA_KENFICO_ESTATE_2G,448
"735598072",KAKAMEGA_KENFICO_ESTATE_2G,772
"735600003",KAKAMEGA_WEST_2G,
"735606469",KAKAMEGA_WEST_3G,1450
"735617175",KAKAMEGA_LURAMBI_2G,444
"735617209",KAKAMEGA_LURAMBI_2G,320
"735621577",KAKAMEGA_CANNON_AWORI_STREET_3G,512
"735633479",KAKAMEGA_TOWN_3G,686
"735649427",KAKAMEGA_KENFICO_ESTATE_2G,1648
"735660100",KAKAMEGA_LURAMBI_4G,678
"735752516",KAKAMEGA_LURAMBI_2G,74
"735785817",KAKAMEGA_SOUTH_2G,448
"735807425",KAKAMEGA_MASINDE_2G,604
"735811873",KAKAMEGA_KENFICO_ESTATE_2G,94
"735857520",KAKAMEGA_CANNON_AWORI_STREET_4G,2412
"735857983",KAKAMEGA_LURAMBI_3G,3454
"735897087",KAKAMEGA_WEST_2G,
"735898442",KAKAMEGA_SOUTH_4G,994
"735900703",KAKAMEGA_KENFICO_ESTATE_4G,140
"735914273",KAKAMEGA_LURAMBI_3G,642
"735943859",KAKAMEGA_CANNON_AWORI_STREET_4G,158
"736005100",KAKAMEGA_WEST_3G,836
"736013148",KAKAMEGA_KENFICO_ESTATE_2G,0
"736014536",KAKAMEGA_CANNON_AWORI_STREET_3G,300
"736027913",KAKAMEGA_KENFICO_ESTATE_4G,1132
"736040354",KAKAMEGA_WEST_2G,422
"736042254",KAKAMEGA_KENFICO_ESTATE_2G,62
"736052399",KAKAMEGA_LURAMBI_2G,472
"736059808",KAKAMEGA_LURAMBI_4G,1472
"736064643",KAKAMEGA_LURAMBI_3G,1566
"736077947",KAKAMEGA_LURAMBI_2G,230
"736079621",KAKAMEGA_TOWN_3G,204
"736080520",KAKAMEGA_WEST_3G,906
"736082521",KAKAMEGA_SOUTH_3G,
"736083363",KAKAMEGA_CANNON_AWORI_STREET_3G,24
"736089448",KAKAMEGA_KENFICO_ESTATE_4G,6000
"736103237",KAKAMEGA_LURAMBI_4G,2132
"736104438",KAKAMEGA_TOWN_2G,
"736111779",KAKAMEGA_KENFICO_ESTATE_4G,940
"736117279",KAKAMEGA_SOUTH_4G,2008
"736126921",KAKAMEGA_CANNON_AWORI_STREET_4G,440
"736135553",KAKAMEGA_CANNON_AWORI_STREET_3G,1562
"736177926",KAKAMEGA_SOUTH_2G,180
"736180840",KAKAMEGA_CANNON_AWORI_STREET_4G,790
"736183703",KAKAMEGA_LURAMBI_2G,1196
"736190476",KAKAMEGA_KENFICO_ESTATE_4G,
"736190917",KAKAMEGA_KENFICO_ESTATE_3G,442
"736236602",KAKAMEGA_KENFICO_ESTATE_3G,418
"736311905",KAKAMEGA_KENFICO_ESTATE_2G,1620
"736320645",KAKAMEGA_KENFICO_ESTATE_4G,504
"736342629",KAKAMEGA_KENFICO_ESTATE_2G,0
"736375101",KAKAMEGA_KENFICO_ESTATE_2G,18
"736379194",KAKAMEGA_KENFICO_ESTATE_2G,68
"736385835",KAKAMEGA_TOWN_2G,576
"736410089",KAKAMEGA_WEST_4G,1576
"736415642",KAKAMEGA_KENFICO_ESTATE_2G,1236
"736417285",KAKAMEGA_WEST_4G,30
"736440413",KAKAMEGA_MASINDE_4G,0
"736440813",KAKAMEGA_SOUTH_2G,142
"736462028",KAKAMEGA_KENFICO_ESTATE_2G,1662
"736469365",KAKAMEGA_CANNON_AWORI_STREET_3G,1066
"736476565",KAKAMEGA_MASINDE_3G,686
"736478153",KAKAMEGA_LURAMBI_2G,138
"736501091",KAKAMEGA_TOWN_3G,2562
"736514313",KAKAMEGA_SOUTH_2G,320
"736552462",KAKAMEGA_MASINDE_4G,600
"736578995",KAKAMEGA_TOWN_2G,204
"736586774",KAKAMEGA_LURAMBI_4G,350
