"TELEPHONIC_ADDRESS_ID","SITE_NAME","3"
"100134500",KISII_TOWN_3G,2346
"100200859",KISII_NYAMATARO_4G,3440
"100202307",KISII_NYAMATARO_4G,3266
"100449151",KISII_TOWN_4G,6930
"100470692",KISII_HILL_4G,8504
"100578109",KISII_GESONSO_3G,2596
"100922513",KISII_TOWN_3G,2734
"100982433",KISII_MILIMANI_4G,4012
"100990780",KISII_HILL_4G,2630
"101305560",KISII_MASJID_4G,8516
"101315390",KISII_MILIMANI_ATC_4G,4760
"101321623",KISII_NYAMATARO_3G,3378
"101748993",KISII_MILIMANI_4G,5284
"102448105",KISII_NYAMATARO_3G,2816
"102600523",KISII_NYAMATARO_3G,4848
"103313150",KISII_MILIMANI_2G,4276
"103377551",KISII_NYAKONGO_2G,3038
"103514183",KISII_MILIMANI_3G,2354
"103780782",KISII_MILIMANI_2G,3186
"103993252",KISII_NYAMATARO_3G,3524
"104896314",KISII_NYAMATARO_2G,2082
"105018319",KISII_MILIMANI_3G,3276
"105295264",KISII_NYAKONGO_4G,5176
"105430348",KISII_HILL_2G,3794
"105580738",KISII_MILIMANI_2G,2148
"731502345",KISII_MILIMANI_ATC_4G,2268
"731512532",KISII_NYAKONGO_4G,3946
"731537354",KISII_UNIVERSITY_4G,2396
"731606477",KISII_GESONSO_3G,4176
"731707489",KISII_HILL_2G,2144
"731988666",KISII_TOWN_3G,4910
"732296931",KISII_MASJID_2G,2110
"732440579",KISII_NYAKONGO_3G,4276
"732476414",KISII_NYAMATARO_4G,2264
"732518028",KISII_MILIMANI_4G,7662
"732572040",KISII_EXCHANGE_2G,3446
"732602741",KISII_UNIVERSITY_2G,2038
"732975612",KISII_MILIMANI_ATC_4G,4424
"733273526",KISII_MILIMANI_4G,3496
"733362226",KISII_NYAKONGO_3G,5140
"733500324",KISII_MILIMANI_2G,3100
"733503483",KISII_EXCHANGE_3G,4710
"733529355",KISII_GESONSO_3G,6136
"733606828",KISII_EXCHANGE_3G,4478
"733727432",KISII_NYAMATARO_2G,3080
"733913495",KISII_GESONSO_3G,4140
"733915006",KISII_GESONSO_3G,2200
"734032253",KISII_NYAMATARO_4G,3642
"734093086",KISII_MILIMANI_ATC_3G,4976
"734232244",KISII_NYAMATARO_4G,2438
"734317191",KISII_TOWN_2G,2170
"734424949",KISII_TOWN_3G,7698
"734435480",KISII_UNIVERSITY_4G,4636
"734459783",KISII_NYAMATARO_4G,2108
"734525453",KISII_MILIMANI_ATC_4G,2604
"734606193",KISII_TOWN_2G,2348
"734803506",KISII_HILL_4G,3560
"734835450",KISII_NYAKONGO_2G,4426
"734871710",KISII_MASJID_4G,4234
"735109988",KISII_NYAMATARO_3G,2466
"735359173",KISII_MILIMANI_3G,3842
"735376060",KISII_NYAKONGO_2G,2920
"735538948",KISII_TOWN_2G,2116
"735541041",KISII_NYAKONGO_2G,3138
"735546801",KISII_NYAKONGO_4G,3028
"735671224",KISII_TOWN_3G,2522
"735723673",KISII_NYAKONGO_3G,2608
"735759548",KISII_MILIMANI_ATC_3G,2934
"735835306",KISII_MILIMANI_3G,3276
"735849488",KISII_NYAKONGO_4G,3232
"735900190",KISII_GESONSO_2G,2158
"735971576",KISII_TOWN_2G,2024
"735974229",KISII_GESONSO_3G,4130
"736004739",KISII_TOWN_3G,2192
"736224099",KISII_MILIMANI_3G,3652
"736327004",KISII_NYAKONGO_2G,2714
"736423494",KISII_UNIVERSITY_2G,2166
"736496533",KISII_NYAMATARO_3G,2422
"736587185",KISII_NYAMATARO_3G,2870
"736633230",KISII_EXCHANGE_3G,5370
"736972121",KISII_MILIMANI_2G,2572
"736978597",KISII_EXCHANGE_2G,2150
"737027659",KISII_TOWN_3G,4118
"737072866",KISII_MASJID_4G,2670
"737092694",KISII_TOWN_3G,3878
"737140533",KISII_NYAMATARO_4G,3810
"737141756",KISII_UNIVERSITY_4G,10024
"737149354",KISII_NYAKONGO_4G,8188
"737159586",KISII_TOWN_3G,3444
"737184421",KISII_NYAMATARO_4G,2440
"737232264",KISII_MILIMANI_ATC_4G,2020
"737233371",KISII_NYAKONGO_3G,2176
"737234546",KISII_EXCHANGE_3G,2164
"737246014",KISII_UNIVERSITY_4G,2184
"737613864",KISII_MASJID_3G,3368
"737635696",KISII_NYAKONGO_4G,4856
"737676718",KISII_MASJID_4G,2980
"737995626",KISII_MILIMANI_2G,2862
"738114420",KISII_TOWN_3G,2520
"738192917",KISII_NYAMATARO_4G,2104
"738209256",KISII_UNIVERSITY_2G,3158
"738323532",KISII_NYAKONGO_4G,6396
"738334184",KISII_MASJID_4G,4150
"738346646",KISII_MILIMANI_ATC_4G,3006
"738457939",KISII_UNIVERSITY_3G,3412
"738464567",KISII_UNIVERSITY_3G,4034
"738538468",KISII_NYAKONGO_4G,3362
"738644344",KISII_NYAKONGO_4G,2592
"738680002",KISII_NYAKONGO_3G,8344
"738845908",KISII_GESONSO_4G,4358
"738913156",KISII_HILL_4G,4828
"739039702",KISII_GESONSO_3G,4742
"739113432",KISII_EXCHANGE_4G,8998
"739222273",KISII_UNIVERSITY_4G,4650
"739232196",KISII_TOWN_3G,4498
"739428014",KISII_EXCHANGE_4G,2698
"739578474",KISII_MILIMANI_ATC_4G,7698
"739691839",KISII_GESONSO_3G,5486
"739757742",KISII_MILIMANI_4G,2908
"739786652",KISII_MILIMANI_2G,5040
"739818139",KISII_NYAKONGO_4G,4214
"750018408",KISII_GESONSO_3G,3522
"750079590",KISII_NYAMATARO_3G,4466
"750093768",KISII_MASJID_3G,3486
"750141712",KISII_NYAKONGO_4G,3678
"750406081",KISII_MILIMANI_3G,2918
"750897356",KISII_MASJID_2G,2366
"751183396",KISII_MASJID_3G,5282
"751484354",KISII_NYAKONGO_3G,2500
"751607752",KISII_NYAKONGO_4G,4300
"751665457",KISII_TOWN_3G,8408
"751694260",KISII_NYAKONGO_3G,2770
"751702764",KISII_NYAKONGO_3G,3132
"751770600",KISII_MASJID_2G,2890
"751814767",KISII_GESONSO_4G,4018
"751862833",KISII_NYAMATARO_4G,2070
"751945631",KISII_MILIMANI_3G,2010
"752390125",KISII_UNIVERSITY_3G,2866
"752443764",KISII_UNIVERSITY_2G,2258
"752887243",KISII_UNIVERSITY_4G,2588
"752928140",KISII_NYAKONGO_3G,3162
"752944287",KISII_NYAMATARO_3G,3518
"752962576",KISII_NYAKONGO_4G,3394
"753043340",KISII_TOWN_3G,4336
"753081617",KISII_MILIMANI_3G,2480
"753084027",KISII_TOWN_3G,5220
"753267021",KISII_TOWN_4G,2798
"753280906",KISII_UNIVERSITY_3G,4688
"753297624",KISII_NYAKONGO_4G,2744
"753468434",KISII_HILL_3G,2154
"753563983",KISII_NYAMATARO_4G,2674
"753614230",KISII_NYAMATARO_3G,2138
"753730589",KISII_NYAMATARO_3G,4246
"754514796",KISII_MILIMANI_2G,2412
"754579077",KISII_NYAKONGO_4G,3188
"754615094",KISII_NYAMATARO_4G,4654
"754644505",KISII_UNIVERSITY_4G,2232
"754787653",KISII_NYAKONGO_3G,2438
"755101170",KISII_UNIVERSITY_4G,3240
"755151339",KISII_NYAMATARO_4G,2942
"755374069",KISII_UNIVERSITY_3G,3740
"755503400",KISII_MILIMANI_4G,6758
"755515587",KISII_NYAMATARO_4G,2640
"755588122",KISII_MASJID_4G,2118
"756028850",KISII_EXCHANGE_3G,2196
"756109447",KISII_NYAMATARO_2G,3258
"756188915",KISII_NYAKONGO_2G,2676
"756338870",KISII_NYAKONGO_4G,3752
"756342777",KISII_MILIMANI_4G,5150
"756415760",KISII_MASJID_4G,3250
"756519588",KISII_MILIMANI_ATC_3G,3592
"756727946",KISII_NYAKONGO_4G,3172
"756840975",KISII_MILIMANI_3G,2446
"756852027",KISII_MILIMANI_3G,4036
"756903773",KISII_NYAMATARO_4G,6822
"756922175",KISII_HILL_4G,5294
"762244684",KISII_MILIMANI_3G,2332
"762332866",KISII_MILIMANI_ATC_3G,3230
"762342118",KISII_NYAKONGO_4G,6022
"762587192",KISII_NYAMATARO_3G,2912
"762596079",KISII_MILIMANI_3G,3314
"762746391",KISII_UNIVERSITY_4G,2202
"762902873",KISII_NYAMATARO_4G,2124
"780000693",KISII_NYAKONGO_4G,3908
"780030473",KISII_UNIVERSITY_2G,2130
"780035106",KISII_NYAKONGO_4G,4824
"780164825",KISII_MILIMANI_3G,2150
"780197520",KISII_GESONSO_3G,2272
"780329809",KISII_UNIVERSITY_4G,5154
"780684934",KISII_EXCHANGE_2G,2706
"780727421",KISII_MILIMANI_4G,4372
"780772378",KISII_TOWN_2G,4038
"780818216",KISII_GESONSO_4G,6910
"781525063",KISII_MASJID_3G,3098
"781599222",KISII_MILIMANI_ATC_4G,5620
"781625314",KISII_GESONSO_2G,4744
"781842865",KISII_TOWN_3G,4304
"781866440",KISII_MILIMANI_ATC_3G,2292
"781998643",KISII_MILIMANI_ATC_4G,2658
"782077037",KISII_NYAKONGO_4G,4658
"782129802",KISII_MILIMANI_ATC_4G,3772
"782199375",KISII_MILIMANI_3G,4228
"782670620",KISII_MASJID_4G,2040
"782889968",KISII_GESONSO_3G,5054
"783166083",KISII_TOWN_3G,2994
"783193246",KISII_MILIMANI_4G,2144
"783238240",KISII_NYAKONGO_4G,2574
"783238362",KISII_NYAMATARO_4G,2726
"783422741",KISII_GESONSO_2G,2048
"783499605",KISII_HILL_3G,2122
"783528818",KISII_NYAKONGO_4G,2362
"783818535",KISII_GESONSO_2G,3104
"783878739",KISII_NYAKONGO_2G,6264
"784462443",KISII_NYAKONGO_4G,4176
"784574542",KISII_EXCHANGE_4G,5440
"784674392",KISII_UNIVERSITY_4G,2064
"784742375",KISII_HILL_3G,4356
"784934543",KISII_MASJID_4G,2344
"784943055",KISII_NYAKONGO_4G,2010
"784956213",KISII_UNIVERSITY_2G,6028
"785088855",KISII_NYAKONGO_4G,3756
"785155349",KISII_MILIMANI_4G,4756
"785308270",KISII_HILL_3G,3188
"785376339",KISII_MILIMANI_3G,3998
"785425037",KISII_GESONSO_2G,2460
"785459215",KISII_HILL_2G,3520
"785933216",KISII_EXCHANGE_3G,2486
"785936512",KISII_TOWN_3G,5268
"786277277",KISII_NYAKONGO_4G,6218
"786363601",KISII_MILIMANI_3G,7962
"786426914",KISII_UNIVERSITY_3G,5922
"786434362",KISII_EXCHANGE_4G,4648
"786486140",KISII_MILIMANI_2G,2170
"786505907",KISII_NYAMATARO_3G,2216
"786895958",KISII_HILL_2G,4274
"787155646",KISII_TOWN_3G,6126
"787173606",KISII_GESONSO_3G,8490
"787306151",KISII_NYAMATARO_2G,2768
"787471690",KISII_NYAMATARO_3G,4600
"787582035",KISII_NYAKONGO_3G,2464
"787671128",KISII_NYAKONGO_2G,3298
"787851147",KISII_NYAMATARO_2G,3468
"788064781",KISII_TOWN_2G,3160
"788591651",KISII_MILIMANI_2G,2376
"788696730",KISII_UNIVERSITY_4G,2556
"788706845",KISII_NYAMATARO_4G,2376
"789202882",KISII_TOWN_3G,2586
"789350181",KISII_MILIMANI_4G,5150
"789728457",KISII_MILIMANI_3G,2046
"100413887",KISII_NYAKONGO_3G,4976
"100626476",KISII_TOWN_3G,3686
"100766232",KISII_HILL_3G,2004
"100773629",KISII_NYAMATARO_3G,3044
"100781123",KISII_UNIVERSITY_2G,3170
"101092990",KISII_NYAKONGO_2G,2568
"101380201",KISII_GESONSO_4G,3322
"101659157",KISII_NYAMATARO_4G,2036
"101902667",KISII_GESONSO_2G,2136
"102572928",KISII_EXCHANGE_4G,6676
"102631095",KISII_HILL_3G,7666
"102894837",KISII_NYAMATARO_3G,3428
"103166175",KISII_MILIMANI_3G,2610
"103260715",KISII_GESONSO_4G,4110
"103547783",KISII_HILL_3G,2204
"103738597",KISII_EXCHANGE_4G,2076
"103803405",KISII_MILIMANI_3G,2060
"103891567",KISII_NYAKONGO_4G,4892
"104959655",KISII_MILIMANI_ATC_3G,3294
"105145436",KISII_NYAKONGO_4G,2630
"105295236",KISII_TOWN_3G,3534
"105487749",KISII_MILIMANI_4G,3948
"731177710",KISII_UNIVERSITY_2G,2528
"731230647",KISII_NYAMATARO_4G,2056
"731306866",KISII_UNIVERSITY_3G,3358
"731331446",KISII_NYAMATARO_3G,6936
"731502225",KISII_MILIMANI_3G,4082
"731638770",KISII_EXCHANGE_3G,2166
"731784631",KISII_TOWN_3G,2092
"731918260",KISII_HILL_3G,7022
"731997107",KISII_NYAKONGO_3G,2100
"732038554",KISII_NYAKONGO_4G,2368
"732071920",KISII_NYAKONGO_3G,2346
"732340451",KISII_NYAKONGO_2G,2344
"732362752",KISII_NYAKONGO_4G,2300
"732607734",KISII_MILIMANI_ATC_3G,5690
"732671428",KISII_NYAMATARO_3G,2764
"732675233",KISII_HILL_2G,2984
"732702858",KISII_MASJID_3G,2298
"732793743",KISII_EXCHANGE_2G,3436
"732875975",KISII_TOWN_2G,2542
"732898989",KISII_MASJID_3G,4524
"732901355",KISII_UNIVERSITY_2G,2334
"733181101",KISII_NYAMATARO_3G,2400
"733293507",KISII_GESONSO_2G,4488
"733480623",KISII_UNIVERSITY_4G,8000
"733488968",KISII_NYAKONGO_4G,2180
"733509121",KISII_UNIVERSITY_2G,2992
"733609787",KISII_NYAKONGO_4G,4400
"733650036",KISII_NYAKONGO_4G,2940
"733706522",KISII_MILIMANI_ATC_4G,2480
"733758469",KISII_NYAKONGO_3G,3596
"733801027",KISII_TOWN_2G,2348
"733804226",KISII_MILIMANI_3G,3418
"733821251",KISII_GESONSO_4G,2656
"733975748",KISII_NYAKONGO_2G,2690
"734286640",KISII_TOWN_3G,3148
"734422593",KISII_EXCHANGE_3G,2228
"734474470",KISII_TOWN_2G,2712
"734496042",KISII_UNIVERSITY_2G,4338
"734540028",KISII_MILIMANI_4G,5390
"734650712",KISII_MILIMANI_ATC_3G,3918
"734673084",KISII_NYAKONGO_3G,2108
"734731455",KISII_TOWN_3G,5540
"734867723",KISII_NYAKONGO_3G,5126
"734903941",KISII_MILIMANI_4G,3230
"734955205",KISII_UNIVERSITY_3G,4200
"735001848",KISII_NYAMATARO_3G,4300
"735007778",KISII_MILIMANI_4G,7884
"735052447",KISII_NYAMATARO_3G,2232
"735064556",KISII_NYAKONGO_2G,2200
"735111045",KISII_NYAKONGO_4G,3142
"735172655",KISII_NYAKONGO_2G,8214
"735259847",KISII_NYAKONGO_2G,2162
"735347381",KISII_MILIMANI_2G,2958
"735419968",KISII_MILIMANI_3G,3268
"735563796",KISII_TOWN_2G,3208
"735609011",KISII_NYAKONGO_3G,5554
"735712852",KISII_TOWN_2G,3460
"735824687",KISII_UNIVERSITY_3G,2008
"735824834",KISII_TOWN_2G,3170
"735828394",KISII_NYAKONGO_4G,2166
"735888252",KISII_UNIVERSITY_2G,5288
"735956589",KISII_NYAMATARO_2G,2470
"736079442",KISII_TOWN_3G,4816
"736113882",KISII_NYAKONGO_4G,2122
"736154532",KISII_MILIMANI_3G,4424
"736186816",KISII_NYAKONGO_4G,4030
"736406844",KISII_TOWN_3G,2506
"736418850",KISII_NYAKONGO_3G,3172
"736441070",KISII_HILL_3G,2158
"736536422",KISII_NYAKONGO_4G,2178
"736587879",KISII_NYAMATARO_3G,2974
"736710859",KISII_GESONSO_3G,3362
"736938684",KISII_NYAKONGO_4G,2010
"736941504",KISII_NYAKONGO_2G,2096
"736942967",KISII_TOWN_3G,4000
"736957459",KISII_EXCHANGE_4G,3910
"737283080",KISII_NYAMATARO_2G,2156
"737328321",KISII_GESONSO_4G,3300
"737488700",KISII_MILIMANI_3G,3090
"737645759",KISII_UNIVERSITY_3G,4624
"737656538",KISII_HILL_3G,2010
"737658182",KISII_MILIMANI_3G,6578
"737669922",KISII_NYAMATARO_2G,2232
"737685640",KISII_MILIMANI_ATC_3G,2122
"737704004",KISII_UNIVERSITY_4G,2994
"737986987",KISII_GESONSO_3G,5082
"738000301",KISII_HILL_3G,5682
"738111766",KISII_GESONSO_2G,2004
"738177263",KISII_HILL_3G,3604
"738455795",KISII_HILL_4G,3700
"738455993",KISII_GESONSO_3G,2660
"738516668",KISII_MILIMANI_4G,2830
"738550676",KISII_MILIMANI_4G,7068
"738597766",KISII_NYAMATARO_3G,5768
"738667747",KISII_EXCHANGE_4G,2872
"738732660",KISII_GESONSO_2G,3026
"739028000",KISII_GESONSO_3G,2614
"739148297",KISII_GESONSO_2G,2472
"739199517",KISII_MILIMANI_3G,2528
"739277898",KISII_NYAKONGO_4G,2480
"739285072",KISII_HILL_3G,2518
"739289691",KISII_MILIMANI_4G,3560
"739481075",KISII_MASJID_4G,3410
"739532604",KISII_GESONSO_3G,2340
"739791139",KISII_TOWN_3G,2854
"739918819",KISII_UNIVERSITY_2G,2664
"739993704",KISII_MILIMANI_ATC_4G,2408
"750032887",KISII_NYAMATARO_2G,2006
"750103820",KISII_HILL_4G,2428
"750290155",KISII_MILIMANI_4G,6234
"750304087",KISII_MILIMANI_ATC_3G,2172
"750480007",KISII_TOWN_2G,4376
"750534088",KISII_MILIMANI_ATC_3G,4462
"750610638",KISII_TOWN_3G,4552
"750711358",KISII_UNIVERSITY_4G,4076
"750731694",KISII_HILL_2G,2308
"750843460",KISII_HILL_3G,4168
"750873492",KISII_NYAMATARO_3G,2296
"751133736",KISII_NYAKONGO_3G,2940
"751182457",KISII_EXCHANGE_3G,3376
"751282836",KISII_GESONSO_4G,5438
"751310014",KISII_MILIMANI_ATC_4G,2566
"751336592",KISII_NYAKONGO_3G,3658
"751378666",KISII_NYAKONGO_4G,2608
"751495270",KISII_TOWN_2G,2280
"751657944",KISII_NYAMATARO_3G,2240
"751715833",KISII_UNIVERSITY_3G,3726
"751791632",KISII_HILL_2G,4620
"751807433",KISII_MILIMANI_ATC_3G,4190
"751886218",KISII_UNIVERSITY_4G,2034
"751887377",KISII_GESONSO_3G,4502
"752113593",KISII_HILL_3G,3398
"752129314",KISII_MILIMANI_3G,4438
"752179179",KISII_MASJID_2G,2410
"752235340",KISII_NYAKONGO_3G,4128
"752270087",KISII_NYAKONGO_4G,2310
"752291903",KISII_GESONSO_4G,2856
"752451244",KISII_MILIMANI_2G,2322
"752470392",KISII_MILIMANI_ATC_4G,8028
"752546475",KISII_UNIVERSITY_3G,3664
"752552667",KISII_HILL_4G,2486
"752668551",KISII_NYAKONGO_4G,2744
"752871073",KISII_MILIMANI_3G,4684
"752922320",KISII_NYAKONGO_3G,2936
"752941445",KISII_TOWN_3G,2802
"753044173",KISII_MILIMANI_3G,2704
"753265940",KISII_NYAMATARO_4G,8664
"753472518",KISII_MILIMANI_4G,4924
"753523448",KISII_EXCHANGE_3G,4204
"753689637",KISII_TOWN_4G,3106
"753770304",KISII_GESONSO_2G,4938
"753821930",KISII_MASJID_4G,2354
"754085398",KISII_NYAKONGO_3G,4340
"754161229",KISII_TOWN_3G,3398
"754452691",KISII_HILL_2G,2356
"754524392",KISII_TOWN_4G,2394
"754562069",KISII_NYAKONGO_3G,3968
"754773220",KISII_TOWN_3G,3826
"754818333",KISII_NYAMATARO_4G,2698
"755005311",KISII_UNIVERSITY_3G,5790
"755481008",KISII_NYAKONGO_2G,2008
"755576102",KISII_MASJID_4G,5308
"755729584",KISII_MILIMANI_ATC_3G,3510
"756100607",KISII_NYAMATARO_2G,3310
"756129551",KISII_HILL_3G,3268
"756137490",KISII_EXCHANGE_2G,2686
"756175052",KISII_HILL_4G,2212
"756310855",KISII_NYAMATARO_4G,3732
"756322362",KISII_GESONSO_4G,2638
"756412445",KISII_NYAKONGO_4G,5532
"756753974",KISII_MILIMANI_3G,3724
"756776352",KISII_EXCHANGE_3G,4526
"756808449",KISII_MILIMANI_ATC_4G,2558
"762337416",KISII_MILIMANI_2G,2612
"762479215",KISII_MILIMANI_ATC_4G,3268
"762527370",KISII_UNIVERSITY_3G,7874
"762545556",KISII_MILIMANI_ATC_4G,3320
"762629235",KISII_EXCHANGE_4G,2186
"762717418",KISII_MASJID_4G,2192
"780009425",KISII_NYAKONGO_3G,2170
"780067744",KISII_UNIVERSITY_2G,2062
"780159928",KISII_MILIMANI_ATC_2G,2176
"780351264",KISII_HILL_3G,4674
"780496200",KISII_EXCHANGE_4G,3718
"780672527",KISII_UNIVERSITY_4G,3870
"780695410",KISII_NYAKONGO_3G,6374
"780779606",KISII_NYAKONGO_3G,2412
"780829810",KISII_NYAMATARO_4G,3992
"781025468",KISII_TOWN_2G,2378
"781528552",KISII_NYAKONGO_4G,2380
"781600023",KISII_TOWN_2G,3514
"781667025",KISII_GESONSO_3G,2846
"781734729",KISII_GESONSO_3G,2778
"781975504",KISII_NYAKONGO_4G,2288
"782040654",KISII_EXCHANGE_2G,2410
"782062148",KISII_GESONSO_2G,2212
"782364296",KISII_NYAKONGO_4G,3996
"782561162",KISII_MILIMANI_ATC_4G,3120
"782682426",KISII_TOWN_3G,2752
"782707434",KISII_MILIMANI_4G,4108
"782847502",KISII_MILIMANI_3G,4156
"782847656",KISII_MILIMANI_ATC_3G,4364
"782919017",KISII_NYAKONGO_4G,3118
"782928697",KISII_TOWN_3G,2500
"783058765",KISII_NYAKONGO_3G,3180
"783106794",KISII_MILIMANI_2G,2584
"783261664",KISII_TOWN_2G,2408
"783282861",KISII_GESONSO_4G,2756
"783568212",KISII_MASJID_3G,3134
"783651178",KISII_NYAKONGO_3G,3616
"783769319",KISII_NYAKONGO_4G,3642
"783774767",KISII_GESONSO_4G,7080
"783803732",KISII_HILL_3G,8898
"783851723",KISII_HILL_3G,2012
"783924344",KISII_NYAMATARO_3G,3520
"783993609",KISII_NYAMATARO_2G,2514
"784145972",KISII_NYAMATARO_2G,2872
"784255938",KISII_UNIVERSITY_3G,2248
"784345707",KISII_TOWN_4G,6514
"784391660",KISII_NYAKONGO_3G,4836
"784461033",KISII_NYAKONGO_4G,2020
"784559797",KISII_EXCHANGE_2G,2834
"784649664",KISII_MILIMANI_ATC_4G,4276
"784651094",KISII_HILL_4G,2080
"784919163",KISII_NYAKONGO_4G,8284
"785013717",KISII_MILIMANI_ATC_3G,5482
"785240657",KISII_MILIMANI_4G,4000
"785290033",KISII_NYAMATARO_3G,2098
"785422586",KISII_GESONSO_3G,2002
