"TELEPHONIC_ADDRESS_ID","SITE_NAME","3"
"100100275",KISUMU_CARWASH_1_4G,2712
"100135848",KISUMU_KAJULU_GOT_NYABONDO_2G,2886
"100189274",KISUMU_KILIMANI_4G,2418
"100190764",KISUMU_STADIUM_3G,2936
"100217094",KISUMU_SWAN_2G,4312
"100287085",KISUMU_MANYATTA_B_4G,3596
"100355376",KISUMU_MOSQUE_3G,4196
"100382532",KISUMU_INDUSTRIAL_SAFARICOM_4G,3558
"100389287",KISUMU_STADIUM_3G,3614
"100389492",KISUMU_MOLASSES_3G,2826
"100400767",KISUMU_MANYATTA_B_3G,3186
"100413266",KISUMU_MANYATTA_B_3G,3886
"100458538",KISUMU_AIRPORT_4G,3138
"100530816",KISUMU_MOWLEM_3G,3460
"100552921",KISUMU_INDUSTRIAL_SAFARICOM_4G,3318
"100628731",KISUMU_MANYATTA_SKYWAY_3G,3988
"100649839",KISUMU_RING_2G,2376
"100668685",KISUMU_OBWOLO_JUNCTION_4G,3338
"100701579",KISUMU_RING_4G,2466
"100707732",KISUMU_NYAMASARIA_2_4G,3924
"100713301",KISUMU_INDUSTRIAL_AREA_3G,2292
"100757927",KISUMU_INDUSTRIAL_AREA_3G,6900
"100759308",KISUMU_INDUSTRIAL_SAFARICOM_4G,2296
"100767356",KISUMU_INDUSTRIAL_SAFARICOM_4G,3944
"100814242",KISUMU_DAY_3G,2252
"100842820",KISUMU_KILIMANI_3G,3582
"100845783",KISUMU_MOSQUE_4G,2396
"100887803",KISUMU_ELGONS_ESTATE_4G,4788
"100942193",KISUMU_STADIUM_4G,2568
"100963731",KISUMU_NYAMASARIA_2_4G,3654
"101005984",KISUMU_MAMBOLEO_4G,6058
"101067964",KISUMU_KOLWA_3G,3880
"101132358",KISUMU_NYALENDA_B_4G,4028
"101135117",KISUMU_ELGONS_ESTATE_3G,2068
"101135389",KISUMU_KILIMANI_2G,2340
"101159421",KISUMU_MANYATTA_SKYWAY_4G,2062
"101171016",KISUMU_KEMRI_2G,2596
"101176076",KISUMU_OGANGO_3G,2194
"101179484",KISUMU_KEMRI_2G,3556
"101182149",KISUMU_KILIMANI_4G,5100
"101215130",KISUMU_KEMRI_4G,3278
"101249267",KISUMU_INDUSTRIAL_SAFARICOM_4G,2214
"101354590",KISUMU_KANYAWEGI_4G,2156
"101358438",KISUMU_RING_3G,3380
"101404085",KISUMU_INDUSTRIAL_SAFARICOM_4G,2112
"101494911",KISUMU_KILIMANI_2G,3830
"101516576",KISUMU_KOLWA_4G,2440
"101639022",KISUMU_AIRPORT_4G,3664
"101639734",KISUMU_KEMRI_3G,4704
"101737424",KISUMU_AIRPORT_4G,5758
"101846943",KISUMU_NYAMASARIA_2_2G,3030
"101863660",KISUMU_TIDO_2G,3204
"101893714",KISUMU_SAURIMOYO_4G,2374
"101912617",KISUMU_INDUSTRIAL_SAFARICOM_4G,5072
"101927214",KISUMU_NYALENDA_B_2G,3114
"101986681",KISUMU_KILIMANI_3G,2338
"102131261",KISUMU_TIDO_2G,2082
"102327251",KISUMU_AIRPORT_4G,6058
"102488065",KISUMU_KIBOSWA_4G,3996
"102614250",KISUMU_OGANGO_3G,2002
"102648006",KISUMU_KAJULU_GOT_NYABONDO_3G,5966
"102772455",KISUMU_SAURIMOYO_4G,2302
"102780569",KISUMU_NYALENDA_B_4G,2092
"102793606",KISUMU_MANYATTA_KOYANGO_4G,4000
"102795823",KISUMU_MANYATTA_B_4G,2114
"102970897",KISUMU_NYAMASARIA_2_4G,2410
"103165149",KISUMU_AIRPORT_3G,6224
"103210492",KISUMU_NYAWITA_4G,2568
"103268828",KISUMU_CARWASH_1_4G,5904
"103410826",KISUMU_INDUSTRIAL_SAFARICOM_4G,2834
"103491387",KISUMU_KAJULU_GOT_NYABONDO_3G,5056
"103595215",KISUMU_NYALENDA_B_3G,3960
"103645288",KISUMU_NYAMASARIA_2_4G,2468
"103844189",KISUMU_MOWLEM_4G,4132
"103855126",KISUMU_KOLWA_4G,2308
"104040030",KISUMU_TOM_MBOYA_COLLEGE_3G,3058
"104050750",KISUMU_MANYATTA_B_3G,3528
"104751714",KISUMU_MANYATTA_KOYANGO_4G,6952
"105042575",KISUMU_MANYATTA_KOYANGO_3G,3054
"105080199",KISUMU_NYALENDA_4G,9826
"105097381",KISUMU_STADIUM_4G,4396
"105193251",KISUMU_KILIMANI_2G,2320
"105219041",KISUMU_MANYATTA_B_3G,2140
"105219247",KISUMU_KEMRI_4G,2136
"105249024",KISUMU_ELGONS_ESTATE_4G,2400
"105249192",KISUMU_ELGONS_ESTATE_4G,3014
"105292156",KISUMU_NYAMASARIA_2_4G,2478
"105505261",KISUMU_KILIMANI_2G,3006
"105700171",KISUMU_MAMBOLEO_2G,2596
"105798911",KISUMU_INDUSTRIAL_SAFARICOM_4G,2564
"105904069",KISUMU_MANYATTA_SKYWAY_4G,2340
"105935382",KISUMU_NYAWITA_3G,2780
"731004911",KISUMU_CARWASH_1_2G,2848
"731026088",KISUMU_MOWLEM_3G,3432
"731031799",KISUMU_INDUSTRIAL_SAFARICOM_4G,2770
"731034450",KISUMU_MOWLEM_3G,2472
"731158090",KISUMU_MILIMANI_4G,4900
"731213131",KISUMU_WATHOREGO_3G,2840
"731237236",KISUMU_NYAWITA_4G,2568
"731237276",KISUMU_OBWOLO_JUNCTION_4G,3910
"731240328",KISUMU_STADIUM_4G,2248
"731285868",KISUMU_KILIMANI_2G,3972
"731291129",KISUMU_AIRPORT_4G,4620
"731351519",KISUMU_NYAWITA_4G,5296
"731351551",KISUMU_AIRPORT_3G,3994
"731389723",KISUMU_MOLASSES_4G,2444
"731403988",KISUMU_INDUSTRIAL_SAFARICOM_3G,2290
"731422356",KISUMU_CBD_3G,2020
"731463946",KISUMU_MOUNTAIN_VIEW_4G,2064
"731497538",KISUMU_STADIUM_4G,6100
"731516545",KISUMU_AIRPORT_3G,2080
"731601387",KISUMU_KILIMANI_2G,2408
"731607133",KISUMU_KEMRI_3G,2150
"731690123",KISUMU_AUJI_4G,5896
"731717285",KISUMU_MANYATTA_KOYANGO_4G,2268
"731725589",KISUMU_AUJI_4G,4362
"731769131",KISUMU_INDUSTRIAL_AREA_2G,2028
"731784072",KISUMU_RING_4G,2200
"731815598",KISUMU_ELGONS_ESTATE_3G,2084
"731818715",KISUMU_OGANGO_4G,2048
"731823001",KISUMU_MANYATTA_B_4G,2336
"731850543",KISUMU_MOWLEM_4G,2208
"731905078",KISUMU_MOWLEM_4G,3790
"731905991",KISUMU_KOLWA_2G,3048
"731914314",KISUMU_KOLWA_4G,2646
"731920068",KISUMU_KILIMANI_3G,10238
"731941570",KISUMU_TIDO_4G,2492
"732000321",KISUMU_OBWOLO_JUNCTION_4G,4074
"732011517",KISUMU_NYALENDA_B_4G,2600
"732012102",KISUMU_NYAMASARIA_2_3G,3540
"732042022",KISUMU_STADIUM_4G,4652
"732061713",KISUMU_OGANGO_3G,5562
"732072610",KISUMU_AUJI_4G,3018
"732224915",KISUMU_INDUSTRIAL_SAFARICOM_3G,2054
"732290283",KISUMU_KEMRI_3G,2260
"732321911",KISUMU_MOWLEM_3G,4402
"732352852",KISUMU_MOWLEM_4G,2302
"732355063",KISUMU_MOLASSES_4G,5476
"732382751",KISUMU_MOLASSES_4G,2696
"732391606",KISUMU_OGANGO_4G,2220
"732393854",KISUMU_MOSQUE_4G,5312
"732400319",KISUMU_NYALENDA_B_3G,2296
"732442677",KISUMU_WESTEND_MALL_IBS_4G,8102
"732457904",KISUMU_OBWOLO_JUNCTION_3G,2292
"732491978",KISUMU_MANYATTA_B_4G,2044
"732535605",KISUMU_KEMRI_3G,3930
"732542649",KISUMU_TIDO_3G,7774
"732544211",KISUMU_AL_MIRAN_PLAZA_3G,2814
"732582583",KISUMU_KILIMANI_3G,4564
"732610953",KISUMU_OBWOLO_JUNCTION_4G,10352
"732679164",KISUMU_MANYATTA_KOYANGO_3G,4480
"732704641",KISUMU_NYAMASARIA_2_3G,6234
"732713305",KISUMU_AL_MIRAN_PLAZA_2G,2996
"732716770",KISUMU_KILIMANI_2G,2122
"732940981",KISUMU_MANYATTA_B_3G,2298
"732955410",KISUMU_KILIMANI_4G,4118
"732959980",KISUMU_AIRPORT_4G,3096
"732963051",KISUMU_SAURIMOYO_4G,2440
"732973776",KISUMU_OGANGO_4G,3332
"732982392",KISUMU_OGANGO_4G,3594
"733153128",KISUMU_KOLWA_4G,5110
"733231321",KISUMU_INDUSTRIAL_SAFARICOM_4G,5830
"733243340",KISUMU_CARWASH_1_2G,3298
"733245509",KISUMU_MAMBOLEO_3G,2250
"733248998",KISUMU_MAMBOLEO_4G,4000
"733250993",KISUMU_MOSQUE_4G,2420
"733275382",KISUMU_CBD_4G,2808
"733278705",KISUMU_STADIUM_2G,4000
"733289074",KISUMU_AL_MIRAN_PLAZA_2G,2612
"733295608",KISUMU_MOSQUE_3G,3514
"733295952",KISUMU_TIDO_3G,5298
"733375320",KISUMU_NYALENDA_B_3G,3660
"733392382",KISUMU_MOLASSES_3G,3246
"733393556",KISUMU_CHIGA_SAFARICOM_3G,3530
"733472696",KISUMU_KAJULU_GOT_NYABONDO_4G,2540
"733480127",KISUMU_CBD_4G,2228
"733480818",KISUMU_DAY_3G,3022
"733495005",KISUMU_AUJI_4G,2698
"733534523",KISUMU_OBWOLO_JUNCTION_4G,7946
"733550299",KISUMU_TOM_MBOYA_COLLEGE_4G,3570
"733596245",KISUMU_AIRPORT_3G,6332
"733617774",KISUMU_OGANGO_3G,4688
"733622316",KISUMU_CBD_4G,4620
"733624973",KISUMU_MOSQUE_2G,2206
"733626022",KISUMU_MOWLEM_4G,5470
"733699272",KISUMU_STADIUM_4G,5874
"733700000",KISUMU_NYALENDA_4G,4604
"733721220",KISUMU_CARWASH_1_2G,5264
"733771760",KISUMU_OGANGO_3G,3312
"733780857",KISUMU_MANYATTA_SKYWAY_3G,2400
"733783541",KISUMU_MANYATTA_SKYWAY_4G,3902
"733793500",KISUMU_CHIGA_4G,4000
"733795821",KISUMU_MOWLEM_4G,3896
"733824869",KISUMU_DAY_3G,2226
"733850683",KISUMU_AUJI_4G,2022
"733852967",KISUMU_MOWLEM_2G,2640
"733870888",KISUMU_MOSQUE_2G,2890
"733886208",KISUMU_ELGONS_ESTATE_3G,3890
"733900767",KISUMU_MOUNTAIN_VIEW_3G,2994
"733946523",KISUMU_KILIMANI_2G,3716
"733953448",KISUMU_STADIUM_3G,3094
"733962306",KISUMU_CARWASH_1_2G,2472
"733971422",KISUMU_NYAMASARIA_2_4G,2760
"734027230",KISUMU_STADIUM_4G,2360
"734082773",KISUMU_KIBOSWA_3G,4788
"734145933",KISUMU_KOLWA_4G,6470
"734235103",KISUMU_AIRPORT_2G,2222
"734235118",KISUMU_NYAWITA_3G,8640
"734237579",KISUMU_MANYATTA_KOYANGO_4G,3020
"734244628",KISUMU_CHIGA_SAFARICOM_4G,3112
"734244920",KISUMU_OGANGO_4G,2088
"734247989",KISUMU_AUJI_4G,3368
"734248694",KISUMU_KILIMANI_2G,2618
"734325093",KISUMU_OBWOLO_JUNCTION_4G,10330
"734362859",KISUMU_NYAWITA_4G,7054
"734375920",KISUMU_MANYATTA_B_3G,3116
"734379903",KISUMU_MANYATTA_SKYWAY_2G,2432
"734424380",KISUMU_DAY_4G,4040
"734432167",KISUMU_STADIUM_4G,4060
"734475624",KISUMU_STADIUM_3G,2242
"734543848",KISUMU_NYALENDA_3G,2020
"734561255",KISUMU_TOM_MBOYA_COLLEGE_4G,2888
"734571504",KISUMU_SAURIMOYO_3G,3776
"734582837",KISUMU_NYAMASARIA_2_4G,2314
"734617771",KISUMU_MOWLEM_4G,8834
"734639644",KISUMU_SAURIMOYO_4G,4118
"734678519",KISUMU_MOUNTAIN_VIEW_4G,7102
"734695656",KISUMU_NYALENDA_B_4G,2704
"734720853",KISUMU_MOUNTAIN_VIEW_3G,2404
"734725148",KISUMU_MANYATTA_SKYWAY_4G,4530
"734745110",KISUMU_INDUSTRIAL_SAFARICOM_3G,2066
"734774847",KISUMU_SAURIMOYO_2G,2366
"734778086",KISUMU_AIRPORT_2G,2056
"734808979",KISUMU_MOSQUE_2G,6434
"734840199",KISUMU_INDUSTRIAL_SAFARICOM_2G,4364
"734844075",KISUMU_CBD_2G,2980
"734884652",KISUMU_OGANGO_2G,2542
"734892803",KISUMU_KAJULU_GOT_NYABONDO_3G,2166
"734911519",KISUMU_CBD_4G,3706
"734973057",KISUMU_PANDPIERI_3G,3720
"734991267",KISUMU_OGANGO_4G,4362
"735085213",KISUMU_MANYATTA_KOYANGO_4G,2134
"735108125",KISUMU_KILIMANI_3G,2064
"735128443",KISUMU_ELGONS_ESTATE_4G,7978
"735132855",KISUMU_MOUNTAIN_VIEW_4G,6000
"735155088",KISUMU_MOLASSES_4G,2286
"735281533",KISUMU_INDUSTRIAL_SAFARICOM_3G,4074
"735313017",KISUMU_MANYATTA_KOYANGO_3G,4206
"735359128",KISUMU_KEMRI_4G,2310
"735365903",KISUMU_NYALENDA_B_4G,2222
"735393422",KISUMU_DUNGA_BEACH_4G,3728
"735419941",KISUMU_MAMBOLEO_4G,4894
"735456256",KISUMU_KAJULU_GOT_NYABONDO_4G,6818
"735474068",KISUMU_KILIMANI_2G,2046
"735503086",KISUMU_INDUSTRIAL_SAFARICOM_3G,2828
"735551818",KISUMU_MOWLEM_4G,2784
"735556606",KISUMU_KILIMANI_4G,2038
"735559368",KISUMU_KOLWA_4G,2700
"735578997",KISUMU_AIRPORT_4G,4298
"735582442",KISUMU_KILIMANI_3G,2556
"735600486",KISUMU_NYALENDA_B_3G,3072
"735638763",KISUMU_MANYATTA_KOYANGO_4G,4942
"735640955",KISUMU_MOSQUE_4G,2128
"735643760",KISUMU_INDUSTRIAL_AREA_3G,2090
"735644848",KISUMU_OGANGO_4G,6958
"735681039",KISUMU_NYALENDA_B_3G,2080
"735706018",KISUMU_MOWLEM_4G,3718
"735755662",KISUMU_AIRPORT_3G,3814
"735762185",KISUMU_AIRPORT_4G,2598
"735765873",KISUMU_MILIMANI_4G,8370
"735776360",KISUMU_RING_4G,2186
"735777755",KISUMU_AL_MIRAN_PLAZA_4G,6598
"735804730",KISUMU_MAMBOLEO_4G,2786
"735807391",KISUMU_MANYATTA_B_4G,5862
"735817009",KISUMU_NYALENDA_3G,3186
"735835623",KISUMU_NYALENDA_B_3G,2334
"735837211",KISUMU_NYALENDA_B_3G,3048
"735837531",KISUMU_STADIUM_3G,6772
"735844057",KISUMU_KOLWA_3G,3808
"735864762",KISUMU_SAURIMOYO_2G,3036
"735881212",KISUMU_MOWLEM_3G,2920
"735914684",KISUMU_KAJULU_GOT_NYABONDO_3G,3816
"735919000",KISUMU_MAMBOLEO_4G,8020
"735983054",KISUMU_MANYATTA_B_4G,5184
"736007680",KISUMU_RING_4G,2452
"736008005",KISUMU_CBD_4G,2526
"736023694",KISUMU_NYALENDA_3G,2846
"736033418",KISUMU_KOLWA_4G,2314
"736036006",KISUMU_NYAWITA_2G,4224
"736054402",KISUMU_NYAWITA_3G,2504
"736075727",KISUMU_MOLASSES_4G,2290
"736084235",KISUMU_PANDPIERI_4G,2106
"736093389",KISUMU_MAMBOLEO_4G,2436
"736104915",KISUMU_INDUSTRIAL_AREA_3G,3354
"736114005",KISUMU_MOSQUE_4G,2318
"736154099",KISUMU_KOLWA_4G,2728
"736157523",KISUMU_TIDO_3G,5704
"736198757",KISUMU_SWAN_3G,2598
"736201838",KISUMU_OBWOLO_JUNCTION_4G,5882
"736203688",KISUMU_WATHOREGO_3G,2416
"736256838",KISUMU_MANYATTA_SKYWAY_2G,3908
"736266414",KISUMU_MILIMANI_4G,2200
"736298549",KISUMU_INDUSTRIAL_SAFARICOM_3G,2136
"736299289",KISUMU_KILIMANI_2G,5358
"736300684",KISUMU_TIDO_4G,3638
"736329628",KISUMU_MANYATTA_SKYWAY_4G,3030
"736375751",KISUMU_AIRPORT_4G,2322
"736390109",KISUMU_TIDO_3G,2520
"736407058",KISUMU_PANDPIERI_4G,2548
"736421795",KISUMU_MANYATTA_B_3G,4670
"736464236",KISUMU_MOWLEM_4G,3822
"736491578",KISUMU_CHIGA_SAFARICOM_4G,3048
"736506147",KISUMU_KILIMANI_4G,3308
"736528886",KISUMU_PANDPIERI_4G,2608
"736529233",KISUMU_RING_4G,5162
"736551127",KISUMU_INDUSTRIAL_SAFARICOM_3G,2342
"736557332",KISUMU_RING_2G,2474
"736561020",KISUMU_MANYATTA_KOYANGO_4G,4000
"736607328",KISUMU_MANYATTA_B_4G,3426
"736622045",KISUMU_MOUNTAIN_VIEW_4G,2150
"736653471",KISUMU_KAJULU_GOT_NYABONDO_4G,2106
"736680284",KISUMU_MOWLEM_4G,3826
"736680831",KISUMU_MOUNTAIN_VIEW_3G,3370
"736724579",KISUMU_KEMRI_3G,2080
"736782006",KISUMU_AL_MIRAN_PLAZA_2G,3532
"736799499",KISUMU_KOLWA_3G,4260
"736800902",KISUMU_MANYATTA_SKYWAY_3G,6188
"736803302",KISUMU_CBD_2G,2502
"736803947",KISUMU_KAJULU_GOT_NYABONDO_2G,2636
"736865650",KISUMU_MOWLEM_4G,2518
"736869962",KISUMU_AIRPORT_4G,2508
"736884506",KISUMU_KIBOSWA_3G,2100
"736896087",KISUMU_MANYATTA_KOYANGO_4G,8000
"736937860",KISUMU_MOUNTAIN_VIEW_4G,4538
"736940325",KISUMU_STADIUM_3G,7544
"736976544",KISUMU_OBWOLO_JUNCTION_4G,3256
"736999963",KISUMU_OBWOLO_JUNCTION_4G,4974
"737006561",KISUMU_CHIGA_SAFARICOM_4G,4124
"737015620",KISUMU_OGANGO_2G,4018
"737021224",KISUMU_KILIMANI_2G,2526
"737043869",KISUMU_KIBOSWA_4G,6562
"737101925",KISUMU_MOWLEM_4G,2036
"737127409",KISUMU_MANYATTA_B_4G,3058
"737129662",KISUMU_WATHOREGO_4G,3008
"737136441",KISUMU_RING_4G,3398
"737180130",KISUMU_KIBOSWA_4G,9898
"737200061",KISUMU_CHIGA_3G,2730
"737219316",KISUMU_MANYATTA_KOYANGO_4G,4522
"737253174",KISUMU_KOLWA_4G,2508
"737300525",KISUMU_MANYATTA_KOYANGO_4G,8026
"737318296",KISUMU_NYAMASARIA_2_3G,3792
"737372771",KISUMU_OBWOLO_JUNCTION_3G,5250
"737384136",KISUMU_NYAMASARIA_2_2G,4910
"737385014",KISUMU_ELGONS_ESTATE_3G,2474
"737401403",KISUMU_NYALENDA_3G,2132
"737403526",KISUMU_KEMRI_4G,4186
"737442963",KISUMU_OGANGO_3G,3668
"737563544",KISUMU_DUNGA_BEACH_4G,6046
"737638929",KISUMU_MANYATTA_KOYANGO_4G,6040
"737642965",KISUMU_MOWLEM_4G,3946
"737654577",KISUMU_OGANGO_4G,4898
"737667153",KISUMU_RING_3G,2998
"737668130",KISUMU_NYALENDA_B_3G,2598
"737701534",KISUMU_ELGONS_ESTATE_3G,2790
"737733326",KISUMU_TOM_MBOYA_COLLEGE_4G,2502
"737747500",KISUMU_MANYATTA_B_3G,9666
"737769061",KISUMU_INDUSTRIAL_SAFARICOM_4G,3228
"737798563",KISUMU_CHIGA_SAFARICOM_4G,3302
"737819372",KISUMU_AIRPORT_4G,3382
"737838820",KISUMU_MILIMANI_4G,2872
"737868525",KISUMU_KEMRI_4G,2764
"737900449",KISUMU_KIBOSWA_4G,2372
"737930357",KISUMU_KOLWA_4G,2420
"737948552",KISUMU_WATHOREGO_4G,4000
"737952033",KISUMU_MOUNTAIN_VIEW_4G,2856
"737953456",KISUMU_MAMBOLEO_3G,3820
"738004695",KISUMU_KEMRI_3G,3630
"738008597",KISUMU_NYAMASARIA_2_2G,2132
"738027478",KISUMU_OGANGO_4G,2960
"738052005",KISUMU_NYALENDA_B_3G,3270
"738060213",KISUMU_OGANGO_3G,2744
"738075382",KISUMU_AUJI_2G,3318
"738101508",KISUMU_KOLWA_4G,3562
"738119903",KISUMU_MANYATTA_SKYWAY_4G,6320
"738121255",KISUMU_NYAMASARIA_2_3G,3424
"738157746",KISUMU_MANYATTA_B_4G,2750
"738209085",KISUMU_OBWOLO_JUNCTION_4G,2286
"738287864",KISUMU_MOUNTAIN_VIEW_2G,3138
"738296684",KISUMU_KOLWA_3G,2436
"738323283",KISUMU_MANYATTA_KOYANGO_3G,2168
"738337869",KISUMU_NYALENDA_B_3G,2022
"738365658",KISUMU_MOWLEM_4G,5396
"738374053",KISUMU_KEMRI_3G,2144
"738383799",KISUMU_OBWOLO_JUNCTION_2G,3574
"738385638",KISUMU_AIRPORT_4G,3408
"738391567",KISUMU_KOLWA_4G,4812
"738393066",KISUMU_STADIUM_4G,3312
"738393884",KISUMU_KOLWA_3G,2462
"738395171",KISUMU_CHIGA_SAFARICOM_4G,4086
"738407433",KISUMU_PANDPIERI_3G,2220
"738432147",KISUMU_STADIUM_4G,3008
"738438337",KISUMU_MANYATTA_SKYWAY_2G,3358
"738450625",KISUMU_PANDPIERI_4G,3028
"738508016",KISUMU_STADIUM_4G,6874
"738543672",KISUMU_WATHOREGO_4G,2100
"738555195",KISUMU_OGANGO_3G,3260
"738561808",KISUMU_MAMBOLEO_4G,3964
"738580468",KISUMU_NYAWITA_3G,2478
"738580556",KISUMU_OBWOLO_JUNCTION_4G,3924
"738582700",KISUMU_ELGONS_ESTATE_3G,2014
"738608908",KISUMU_MOUNTAIN_VIEW_3G,4450
"738608951",KISUMU_RING_3G,4378
"738642254",KISUMU_MAMBOLEO_4G,9726
"738664060",KISUMU_DUNGA_BEACH_3G,4770
"738702764",KISUMU_MANYATTA_KOYANGO_4G,2180
"738771537",KISUMU_TIDO_4G,2924
"738790206",KISUMU_KOLWA_3G,2200
"738852169",KISUMU_OGANGO_4G,4888
"738936603",KISUMU_INDUSTRIAL_AREA_3G,3366
"738940265",KISUMU_KOLWA_3G,2088
"738942606",KISUMU_NYAMASARIA_2_4G,7976
"738951404",KISUMU_OGANGO_4G,2154
"738962313",KISUMU_INDUSTRIAL_AREA_3G,2100
"738976213",KISUMU_KIBOSWA_2G,2154
"738992562",KISUMU_KEMRI_3G,4530
"739009678",KISUMU_MOWLEM_4G,3990
"739030570",KISUMU_INDUSTRIAL_AREA_3G,4940
"739057136",KISUMU_DUNGA_BEACH_4G,3820
"739079997",KISUMU_MANYATTA_KOYANGO_3G,2188
"739080168",KISUMU_MANYATTA_SKYWAY_3G,2082
"739091040",KISUMU_MAMBOLEO_4G,4530
"739099472",KISUMU_MANYATTA_SKYWAY_4G,10148
"739127842",KISUMU_MANYATTA_SKYWAY_4G,2134
"739191952",KISUMU_WATHOREGO_3G,2496
"739226915",KISUMU_WATHOREGO_4G,2206
"739265688",KISUMU_MILIMANI_2G,2294
"739274265",KISUMU_INDUSTRIAL_SAFARICOM_4G,6000
"739291146",KISUMU_PANDPIERI_3G,2776
"739302467",KISUMU_CARWASH_1_4G,3800
"739330194",KISUMU_NYALENDA_B_4G,2124
"739355234",KISUMU_AIRPORT_4G,4798
"739390232",KISUMU_TOM_MBOYA_COLLEGE_4G,2234
"739391521",KISUMU_TIDO_4G,3206
"739396567",KISUMU_MOLASSES_3G,2408
"739398863",KISUMU_OGANGO_2G,5624
"739447076",KISUMU_KOLWA_4G,3802
"739449365",KISUMU_RING_3G,2340
"739469250",KISUMU_OGANGO_4G,2136
"739482684",KISUMU_SAURIMOYO_4G,5208
"739488735",KISUMU_KAJULU_GOT_NYABONDO_4G,4002
"739531225",KISUMU_OBWOLO_JUNCTION_4G,3164
"739538327",KISUMU_PANDPIERI_4G,2452
"739577312",KISUMU_NYALENDA_3G,3770
"739626769",KISUMU_TOM_MBOYA_COLLEGE_4G,4374
"739648671",KISUMU_WATHOREGO_4G,6388
"739704966",KISUMU_AIRPORT_2G,2042
"739717697",KISUMU_MOWLEM_4G,4706
"739772835",KISUMU_NYALENDA_B_3G,5988
"739789852",KISUMU_MOUNTAIN_VIEW_4G,2254
"739810114",KISUMU_KILIMANI_2G,2678
"739847050",KISUMU_MAMBOLEO_4G,3758
"739851654",KISUMU_KEMRI_3G,2242
"739876311",KISUMU_MAMBOLEO_3G,6080
"739959741",KISUMU_SAURIMOYO_4G,6228
"739988406",KISUMU_PANDPIERI_4G,2052
"739995335",KISUMU_KAJULU_GOT_NYABONDO_4G,2090
"750000488",KISUMU_INDUSTRIAL_SAFARICOM_4G,3592
"750002101",KISUMU_CARWASH_1_4G,2914
"750096659",KISUMU_MOWLEM_3G,6326
"750110904",KISUMU_STADIUM_4G,2050
"750111801",KISUMU_CBD_2G,2098
"750118954",KISUMU_MANYATTA_B_3G,2098
"750122310",KISUMU_KILIMANI_4G,3844
"750122492",KISUMU_OGANGO_4G,7132
"750135869",KISUMU_TIDO_2G,2378
"750140655",KISUMU_WATHOREGO_4G,4616
"750149681",KISUMU_MANYATTA_KOYANGO_3G,3032
"750202962",KISUMU_MOWLEM_2G,2776
"750243081",KISUMU_OBWOLO_JUNCTION_3G,4240
"750261358",KISUMU_INDUSTRIAL_AREA_4G,3650
"750298600",KISUMU_MANYATTA_SKYWAY_2G,2204
"750356640",KISUMU_CHIGA_2G,3582
"750375798",KISUMU_MANYATTA_SKYWAY_4G,2814
"750379368",KISUMU_MANYATTA_SKYWAY_4G,8684
"750393761",KISUMU_KANYAWEGI_4G,2916
"750411264",KISUMU_NYALENDA_4G,3210
"750428970",KISUMU_KAJULU_GOT_NYABONDO_4G,2104
"750432674",KISUMU_DAY_3G,2520
"750434486",KISUMU_MANYATTA_SKYWAY_4G,3100
"750490541",KISUMU_OBWOLO_JUNCTION_4G,10074
"750500859",KISUMU_OBWOLO_JUNCTION_2G,2702
"750516280",KISUMU_MOWLEM_3G,2848
"750557788",KISUMU_ELGONS_ESTATE_2G,3462
"750595847",KISUMU_STADIUM_2G,2098
"750616747",KISUMU_KILIMANI_2G,2026
"750635785",KISUMU_MANYATTA_KOYANGO_4G,2360
"750646091",KISUMU_NYAMASARIA_2_4G,4588
"750649030",KISUMU_ELGONS_ESTATE_4G,2454
"750670608",KISUMU_RING_3G,5192
"750769666",KISUMU_MOWLEM_4G,5358
