"TELEPHONIC_ADDRESS_ID","SITE_NAME","3"
"100141866",KISUMU_DUNGA_BEACH_4G,2410
"100195967",KISUMU_AIRPORT_2G,2224
"100212932",KISUMU_MOWLEM_4G,2772
"100215089",KISUMU_MOUNTAIN_VIEW_4G,2396
"100312148",KISUMU_AUJI_4G,3838
"100314846",KISUMU_KEMRI_2G,2082
"100319443",KISUMU_MILIMANI_4G,4252
"100350672",KISUMU_NYAMASARIA_2_4G,3182
"100371886",KISUMU_KILIMANI_4G,3796
"100375166",KISUMU_NYAMASARIA_2_3G,4544
"100453835",KISUMU_KOLWA_4G,2196
"100456467",KISUMU_SAURIMOYO_4G,6636
"100459042",KISUMU_INDUSTRIAL_SAFARICOM_2G,2154
"100459262",KISUMU_INDUSTRIAL_SAFARICOM_4G,17338
"100473141",KISUMU_AIRPORT_4G,6600
"100476639",KISUMU_KANYAWEGI_4G,7510
"100496144",KISUMU_AIRPORT_4G,3198
"100499359",KISUMU_KILIMANI_4G,3758
"100507720",KISUMU_DAY_3G,4986
"100512117",KISUMU_NYAWITA_4G,2066
"100539685",KISUMU_MOLASSES_4G,3054
"100542269",KISUMU_AUJI_4G,4594
"100549651",KISUMU_MOWLEM_4G,8714
"100550465",KISUMU_NYAMASARIA_2_3G,3330
"100582903",KISUMU_MANYATTA_KOYANGO_3G,2266
"100611059",KISUMU_PANDPIERI_3G,3872
"100624536",KISUMU_KILIMANI_4G,10550
"100631261",KISUMU_AIRPORT_4G,9384
"100649171",KISUMU_CARWASH_1_3G,2282
"100703986",KISUMU_KEMRI_3G,3858
"100712138",KISUMU_KAJULU_GOT_NYABONDO_2G,2958
"100731920",KISUMU_MANYATTA_SKYWAY_4G,6210
"100732334",KISUMU_AIRPORT_2G,2020
"100757044",KISUMU_SWAN_4G,5788
"100758300",KISUMU_DAY_4G,2300
"100768218",KISUMU_KOLWA_3G,3672
"100782262",KISUMU_AIRPORT_4G,3442
"100841326",KISUMU_MANYATTA_B_3G,2678
"100845404",KISUMU_MOUNTAIN_VIEW_2G,2328
"100911887",KISUMU_MOWLEM_4G,3604
"100917819",KISUMU_MOWLEM_4G,2946
"100927575",KISUMU_NYALENDA_B_4G,4590
"100963814",KISUMU_MANYATTA_B_4G,2352
"100985579",KISUMU_MANYATTA_SKYWAY_4G,3472
"100997735",KISUMU_NYAMASARIA_2_3G,2656
"101019868",KISUMU_AIRPORT_4G,3396
"101201958",KISUMU_KILIMANI_3G,3070
"101207112",KISUMU_AIRPORT_3G,2566
"101215323",KISUMU_KOLWA_4G,4400
"101217352",KISUMU_TOM_MBOYA_COLLEGE_3G,2546
"101274523",KISUMU_OGANGO_2G,2070
"101277578",KISUMU_INDUSTRIAL_AREA_3G,2048
"101301782",KISUMU_ELGONS_ESTATE_4G,2104
"101312481",KISUMU_OBWOLO_JUNCTION_4G,8000
"101319470",KISUMU_MOLASSES_2G,3112
"101335043",KISUMU_CBD_4G,2488
"101361186",KISUMU_MANYATTA_KOYANGO_4G,3108
"101367440",KISUMU_MOLASSES_4G,6316
"101375787",KISUMU_OGANGO_4G,5292
"101393946",KISUMU_KILIMANI_3G,3926
"101394545",KISUMU_MANYATTA_B_3G,2652
"101402168",KISUMU_KILIMANI_2G,3440
"101407281",KISUMU_NYALENDA_B_3G,3706
"101409077",KISUMU_STADIUM_4G,2122
"101422191",KISUMU_NYALENDA_B_4G,3596
"101480921",KISUMU_MOUNTAIN_VIEW_4G,4000
"101482579",KISUMU_MOUNTAIN_VIEW_4G,6050
"101521639",KISUMU_TOM_MBOYA_COLLEGE_4G,4162
"101523270",KISUMU_NYALENDA_B_4G,2216
"101577250",KISUMU_CARWASH_1_4G,3464
"101596107",KISUMU_OGANGO_4G,4000
"101646572",KISUMU_CHIGA_2G,2140
"101691426",KISUMU_MANYATTA_B_4G,8062
"101693394",KISUMU_INDUSTRIAL_SAFARICOM_4G,5988
"101752698",KISUMU_KEMRI_4G,2412
"101792428",KISUMU_AIRPORT_4G,4364
"101809507",KISUMU_MOSQUE_4G,3016
"101896072",KISUMU_KILIMANI_3G,6622
"101917147",KISUMU_KILIMANI_2G,2376
"101939070",KISUMU_MANYATTA_SKYWAY_3G,2200
"101947706",KISUMU_WATHOREGO_4G,2792
"102242352",KISUMU_OBWOLO_JUNCTION_4G,2398
"102355425",KISUMU_MANYATTA_SKYWAY_4G,2882
"102616977",KISUMU_STADIUM_4G,2594
"102671730",KISUMU_OGANGO_4G,2854
"102779576",KISUMU_OGANGO_4G,3846
"102813665",KISUMU_STADIUM_4G,3024
"102883403",KISUMU_MANYATTA_KOYANGO_2G,2394
"102948954",KISUMU_STADIUM_4G,3456
"102963817",KISUMU_KEMRI_4G,5714
"103003468",KISUMU_AIRPORT_4G,4654
"103055609",KISUMU_AIRPORT_4G,2600
"103088716",KISUMU_NYALENDA_3G,2384
"103099842",KISUMU_CARWASH_1_4G,2576
"103101775",KISUMU_INDUSTRIAL_AREA_4G,3726
"103119665",KISUMU_MAMBOLEO_4G,2062
"103124942",KISUMU_MANYATTA_SKYWAY_3G,2564
"103127845",KISUMU_MOUNTAIN_VIEW_4G,5192
"103131710",KISUMU_OGANGO_2G,2118
"103199351",KISUMU_AL_MIRAN_PLAZA_3G,2068
"103206924",KISUMU_MANYATTA_KOYANGO_4G,2882
"103246201",KISUMU_KOLWA_4G,2788
"103435458",KISUMU_AUJI_2G,2616
"103584600",KISUMU_MANYATTA_SKYWAY_4G,3660
"103599369",KISUMU_MOUNTAIN_VIEW_4G,3818
"103660439",KISUMU_PANDPIERI_3G,2218
"103679030",KISUMU_OBWOLO_JUNCTION_4G,2782
"103706374",KISUMU_AIRPORT_4G,4442
"103745360",KISUMU_MOLASSES_4G,8298
"103778692",KISUMU_DAY_2G,2354
"103830389",KISUMU_WATHOREGO_4G,2798
"103850392",KISUMU_MOLASSES_2G,2112
"103900685",KISUMU_OBWOLO_JUNCTION_2G,2134
"104016947",KISUMU_KIBOSWA_4G,3864
"104037228",KISUMU_PANDPIERI_3G,2804
"104049185",KISUMU_MOLASSES_4G,2184
"104055257",KISUMU_INDUSTRIAL_AREA_4G,2838
"104070950",KISUMU_INDUSTRIAL_SAFARICOM_2G,2954
"104117605",KISUMU_NYAMASARIA_2_4G,5408
"104169075",KISUMU_MANYATTA_SKYWAY_4G,2024
"104254815",KISUMU_OBWOLO_JUNCTION_2G,2728
"104293063",KISUMU_AUJI_4G,3836
"104303401",KISUMU_CHIGA_SAFARICOM_3G,3470
"104316582",KISUMU_OBWOLO_JUNCTION_4G,4412
"104370788",KISUMU_KILIMANI_2G,2346
"104382688",KISUMU_MANYATTA_B_3G,2446
"104432266",KISUMU_SAURIMOYO_4G,3956
"104457892",KISUMU_KAJULU_GOT_NYABONDO_4G,5168
"104508927",KISUMU_MOUNTAIN_VIEW_4G,2426
"104517315",KISUMU_MANYATTA_KOYANGO_4G,2838
"104533660",KISUMU_OGANGO_2G,3066
"104556205",KISUMU_SAURIMOYO_4G,7682
"104661900",KISUMU_OGANGO_2G,3992
"104724288",KISUMU_MAMBOLEO_4G,3672
"104932472",KISUMU_OBWOLO_JUNCTION_3G,4026
"105033645",KISUMU_MANYATTA_SKYWAY_4G,3280
"105047643",KISUMU_ELGONS_ESTATE_4G,2430
"105049259",KISUMU_AIRPORT_2G,3118
"105185337",KISUMU_KOLWA_2G,2314
"105273253",KISUMU_MOUNTAIN_VIEW_4G,4084
"105423019",KISUMU_NYALENDA_B_4G,3000
"105486950",KISUMU_KANYAWEGI_2G,3114
"105502629",KISUMU_CARWASH_1_2G,4334
"105541052",KISUMU_MOWLEM_4G,2692
"105546568",KISUMU_KIBOSWA_4G,4026
"105803877",KISUMU_ELGONS_ESTATE_4G,2008
"105808236",KISUMU_INDUSTRIAL_SAFARICOM_3G,3140
"105837604",KISUMU_MANYATTA_SKYWAY_3G,3212
"105840493",KISUMU_KILIMANI_4G,2352
"105858272",KISUMU_CHIGA_SAFARICOM_2G,2148
"106059803",KISUMU_TIDO_4G,4280
"106171773",KISUMU_MOLASSES_2G,2456
"106177869",KISUMU_CARWASH_1_4G,5292
"106181758",KISUMU_SWAN_3G,6562
"106194230",KISUMU_RING_3G,2420
"106200959",KISUMU_WATHOREGO_4G,3278
"106238522",KISUMU_AIRPORT_4G,4366
"106259796",KISUMU_KOLWA_3G,2842
"106273835",KISUMU_OBWOLO_JUNCTION_4G,3966
"106330543",KISUMU_OGANGO_4G,8238
"106358211",KISUMU_CARWASH_1_2G,3246
"106458003",KISUMU_INDUSTRIAL_AREA_3G,2310
"106645085",KISUMU_MANYATTA_B_3G,5526
"106722420",KISUMU_MANYATTA_SKYWAY_3G,2432
"106772017",KISUMU_OBWOLO_JUNCTION_4G,2592
"106792976",KISUMU_AIRPORT_4G,5258
"106885713",KISUMU_ELGONS_ESTATE_3G,2596
"701083604",KISUMU_KIBOSWA_4G,13400
"725218262",KISUMU_NYALENDA_B_4G,2402
"731020571",KISUMU_OBWOLO_JUNCTION_2G,3452
"731022215",KISUMU_MANYATTA_KOYANGO_3G,4670
"731088269",KISUMU_AIRPORT_2G,12530
"731097023",KISUMU_INDUSTRIAL_AREA_3G,2322
"731168010",KISUMU_DAY_3G,4430
"731171914",KISUMU_INDUSTRIAL_SAFARICOM_3G,4842
"731217911",KISUMU_KIBOSWA_4G,8520
"731238995",KISUMU_MILIMANI_4G,3126
"731240993",KISUMU_KEMRI_4G,4256
"731246788",KISUMU_PANDPIERI_4G,2102
"731305102",KISUMU_KAJULU_GOT_NYABONDO_2G,4296
"731316556",KISUMU_AIRPORT_3G,2394
"731330796",KISUMU_KILIMANI_4G,8174
"731355800",KISUMU_SAURIMOYO_3G,4014
"731368633",KISUMU_MANYATTA_KOYANGO_3G,5554
"731390009",KISUMU_WESTEND_MALL_IBS_3G,3288
"731395334",KISUMU_MANYATTA_KOYANGO_4G,3560
"731402685",KISUMU_NYALENDA_B_4G,2494
"731405398",KISUMU_AUJI_3G,2148
"731407713",KISUMU_MOLASSES_4G,2346
"731408433",KISUMU_ELGONS_ESTATE_3G,2308
"731427017",KISUMU_OGANGO_4G,2686
"731457313",KISUMU_INDUSTRIAL_SAFARICOM_4G,2370
"731467025",KISUMU_AUJI_3G,2158
"731468865",KISUMU_TOM_MBOYA_COLLEGE_3G,3144
"731489832",KISUMU_CARWASH_1_4G,5126
"731512444",KISUMU_AUJI_3G,6736
"731514051",KISUMU_MOLASSES_2G,2076
"731518124",KISUMU_CARWASH_1_2G,4236
"731530414",KISUMU_AUJI_4G,4614
"731561915",KISUMU_MOSQUE_3G,2006
"731562174",KISUMU_MANYATTA_B_4G,3470
"731572646",KISUMU_MOWLEM_2G,2448
"731574958",KISUMU_MAMBOLEO_4G,4798
"731575212",KISUMU_MANYATTA_SKYWAY_4G,4434
"731590164",KISUMU_KOLWA_4G,3400
"731592582",KISUMU_TOM_MBOYA_COLLEGE_4G,2206
"731608469",KISUMU_SAURIMOYO_3G,2822
"731610350",KISUMU_AIRPORT_4G,2406
"731615005",KISUMU_KILIMANI_4G,2694
"731618426",KISUMU_INDUSTRIAL_SAFARICOM_3G,2016
"731627055",KISUMU_CARWASH_1_4G,3090
"731650872",KISUMU_NYAMASARIA_2_3G,2408
"731663384",KISUMU_MAMBOLEO_4G,2418
"731669755",KISUMU_WESTEND_MALL_IBS_4G,8274
"731700243",KISUMU_ELGONS_ESTATE_4G,2202
"731754438",KISUMU_KEMRI_2G,2068
"731773532",KISUMU_MOLASSES_4G,4650
"731779076",KISUMU_MANYATTA_KOYANGO_4G,4682
"731807248",KISUMU_NYALENDA_3G,3704
"731865518",KISUMU_TOM_MBOYA_COLLEGE_4G,2120
"731876890",KISUMU_WATHOREGO_4G,2470
"731888603",KISUMU_MAMBOLEO_3G,3574
"731901502",KISUMU_WATHOREGO_4G,4718
"731904370",KISUMU_MOUNTAIN_VIEW_4G,6122
"731907829",KISUMU_CHIGA_4G,3564
"731937159",KISUMU_MANYATTA_SKYWAY_4G,2366
"731942533",KISUMU_MOUNTAIN_VIEW_4G,2010
"731951938",KISUMU_AUJI_4G,3242
"731971143",KISUMU_KILIMANI_4G,2148
"731972052",KISUMU_MOLASSES_4G,2546
"731985304",KISUMU_CARWASH_1_4G,2234
"731998579",KISUMU_MANYATTA_KOYANGO_4G,4020
"732003678",KISUMU_ELGONS_ESTATE_4G,2514
"732005154",KISUMU_NYAMASARIA_2_4G,2392
"732007370",KISUMU_OBWOLO_JUNCTION_3G,4274
"732010858",KISUMU_MAMBOLEO_4G,8338
"732023776",KISUMU_AIRPORT_2G,6190
"732049172",KISUMU_KOLWA_4G,4366
"732066165",KISUMU_DUNGA_BEACH_4G,2240
"732212235",KISUMU_MAMBOLEO_4G,6794
"732215190",KISUMU_MOUNTAIN_VIEW_2G,2732
"732229132",KISUMU_KILIMANI_4G,2386
"732248791",KISUMU_RING_4G,3150
"732260794",KISUMU_OBWOLO_JUNCTION_4G,3210
"732270599",KISUMU_NYALENDA_B_4G,5570
"732305281",KISUMU_TIDO_4G,2512
"732313471",KISUMU_SAURIMOYO_3G,3130
"732316497",KISUMU_AUJI_4G,2550
"732331541",KISUMU_NYAWITA_4G,2586
"732337761",KISUMU_NYALENDA_B_4G,4746
"732344332",KISUMU_INDUSTRIAL_AREA_3G,5388
"732346233",KISUMU_NYAMASARIA_2_4G,2280
"732350932",KISUMU_CHIGA_SAFARICOM_4G,4000
"732369692",KISUMU_MANYATTA_KOYANGO_4G,4000
"732375339",KISUMU_AIRPORT_3G,3102
"732392083",KISUMU_NYALENDA_4G,2868
"732408380",KISUMU_MOWLEM_3G,3020
"732415431",KISUMU_OBWOLO_JUNCTION_4G,3526
"732418088",KISUMU_NYAMASARIA_2_2G,3470
"732424409",KISUMU_CHIGA_SAFARICOM_4G,3500
"732444187",KISUMU_TIDO_4G,2144
"732479483",KISUMU_NYALENDA_4G,6058
"732484896",KISUMU_OBWOLO_JUNCTION_4G,2336
"732491594",KISUMU_OBWOLO_JUNCTION_2G,2068
"732496672",KISUMU_CARWASH_1_4G,3664
"732504960",KISUMU_MANYATTA_SKYWAY_3G,2150
"732511471",KISUMU_KOLWA_4G,2112
"732516529",KISUMU_MANYATTA_B_3G,2976
"732545514",KISUMU_ELGONS_ESTATE_4G,3108
"732549985",KISUMU_KIBOSWA_4G,4320
"732590933",KISUMU_KANYAWEGI_4G,4018
"732598083",KISUMU_NYAWITA_4G,6250
"732601230",KISUMU_CHIGA_SAFARICOM_4G,5208
"732609826",KISUMU_PANDPIERI_2G,4040
"732618146",KISUMU_KILIMANI_3G,5698
"732655353",KISUMU_CHIGA_4G,2936
"732656134",KISUMU_NYAMASARIA_2_4G,3688
"732666665",KISUMU_MOSQUE_3G,2600
"732672551",KISUMU_STADIUM_4G,3966
"732681079",KISUMU_PANDPIERI_4G,2722
"732687164",KISUMU_KIBOSWA_4G,2080
"732722224",KISUMU_CARWASH_1_2G,3838
"732729460",KISUMU_CARWASH_1_3G,2268
"732734131",KISUMU_NYAWITA_3G,5398
"732756338",KISUMU_MANYATTA_SKYWAY_2G,3912
"732773435",KISUMU_RING_3G,6226
"732785779",KISUMU_OBWOLO_JUNCTION_3G,2344
"732813238",KISUMU_CHIGA_4G,3000
"732813279",KISUMU_NYALENDA_B_4G,4276
"732817148",KISUMU_TOM_MBOYA_COLLEGE_3G,2122
"732827635",KISUMU_OBWOLO_JUNCTION_4G,3298
"732865506",KISUMU_ELGONS_ESTATE_4G,3182
"732884888",KISUMU_MANYATTA_SKYWAY_3G,2188
"732896144",KISUMU_PANDPIERI_4G,3506
"732900619",KISUMU_OBWOLO_JUNCTION_4G,2930
"732901449",KISUMU_DAY_3G,3480
"732917912",KISUMU_MOUNTAIN_VIEW_4G,3716
"732920981",KISUMU_ELGONS_ESTATE_3G,8416
"732928709",KISUMU_AL_MIRAN_PLAZA_4G,2062
"732933418",KISUMU_MANYATTA_KOYANGO_3G,2368
"732935499",KISUMU_CHIGA_4G,2136
"732955693",KISUMU_KAJULU_GOT_NYABONDO_3G,2350
"732957668",KISUMU_MOWLEM_4G,17898
"732966840",KISUMU_AIRPORT_4G,7154
"732994941",KISUMU_MANYATTA_B_3G,3198
"732996626",KISUMU_NYALENDA_B_4G,8000
"733126580",KISUMU_AIRPORT_2G,2842
"733170130",KISUMU_CBD_3G,3266
"733183149",KISUMU_AIRPORT_4G,7360
"733185845",KISUMU_KILIMANI_2G,14120
"733201581",KISUMU_ELGONS_ESTATE_4G,6000
"733211640",KISUMU_MOLASSES_4G,2260
"733213804",KISUMU_KANYAWEGI_4G,3086
"733218240",KISUMU_OBWOLO_JUNCTION_2G,4652
"733220220",KISUMU_TOM_MBOYA_COLLEGE_4G,3496
"733255119",KISUMU_NYAMASARIA_2_4G,2944
"733264001",KISUMU_NYAMASARIA_2_4G,4000
"733274898",KISUMU_KIBOSWA_4G,2200
"733275285",KISUMU_AUJI_4G,3800
"733344574",KISUMU_CARWASH_1_4G,2348
"733364028",KISUMU_OGANGO_3G,3264
"733366290",KISUMU_CARWASH_1_4G,2196
"733373481",KISUMU_KEMRI_4G,4016
"733421924",KISUMU_NYAMASARIA_2_4G,7228
"733426690",KISUMU_KOLWA_3G,2402
"733440634",KISUMU_NYAMASARIA_2_3G,2210
"733454403",KISUMU_KIBOSWA_4G,4198
"733472919",KISUMU_TIDO_4G,4756
"733482587",KISUMU_CBD_4G,11192
"733487147",KISUMU_DUNGA_BEACH_4G,2692
"733498481",KISUMU_OBWOLO_JUNCTION_4G,5576
"733509185",KISUMU_NYAMASARIA_2_4G,4784
"733545531",KISUMU_MOSQUE_4G,2518
"733557634",KISUMU_NYALENDA_2G,2008
"733578636",KISUMU_KILIMANI_4G,2550
"733581668",KISUMU_SAURIMOYO_3G,4206
"733596364",KISUMU_KOLWA_2G,2198
"733599759",KISUMU_OGANGO_4G,11512
"733600185",KISUMU_MOUNTAIN_VIEW_3G,3656
"733619771",KISUMU_MOWLEM_4G,2532
"733621989",KISUMU_CHIGA_SAFARICOM_2G,2728
"733636428",KISUMU_NYAMASARIA_2_4G,6332
"733641333",KISUMU_MILIMANI_4G,4000
"733661913",KISUMU_NYALENDA_3G,3296
"733666965",KISUMU_MANYATTA_B_3G,3068
"733671626",KISUMU_DAY_4G,4268
"733672517",KISUMU_PANDPIERI_4G,3564
"733672920",KISUMU_DUNGA_BEACH_4G,6000
"733689366",KISUMU_NYALENDA_4G,2990
"733698652",KISUMU_CBD_4G,6000
"733707593",KISUMU_MANYATTA_SKYWAY_4G,2836
"733711623",KISUMU_AUJI_3G,3238
"733711902",KISUMU_MILIMANI_4G,4980
"733712305",KISUMU_KANYAWEGI_4G,2526
"733720008",KISUMU_KANYAWEGI_3G,5610
"733728489",KISUMU_NYALENDA_B_4G,3496
"733731221",KISUMU_CHIGA_SAFARICOM_3G,3532
"733733275",KISUMU_MOUNTAIN_VIEW_4G,6000
"733737310",KISUMU_MAMBOLEO_3G,3192
"733759019",KISUMU_MOSQUE_2G,3386
"733773188",KISUMU_AUJI_3G,2018
"733775378",KISUMU_INDUSTRIAL_SAFARICOM_2G,2274
"733776088",KISUMU_KANYAWEGI_4G,2904
"733780165",KISUMU_MAMBOLEO_4G,8516
"733816684",KISUMU_STADIUM_4G,3182
"733830705",KISUMU_MAMBOLEO_4G,2016
"733835666",KISUMU_MOLASSES_4G,2316
"733838984",KISUMU_MANYATTA_SKYWAY_3G,3316
"733848404",KISUMU_MOSQUE_4G,4000
"733862758",KISUMU_MOSQUE_2G,2940
"733862893",KISUMU_MOUNTAIN_VIEW_4G,3096
"733875892",KISUMU_MOWLEM_4G,2488
"733886932",KISUMU_MAMBOLEO_4G,3412
"733901009",KISUMU_DAY_3G,3554
"733934937",KISUMU_AIRPORT_4G,2200
"733950741",KISUMU_STADIUM_4G,3434
"733979609",KISUMU_STADIUM_3G,2454
"733994870",KISUMU_MANYATTA_KOYANGO_4G,3952
"734000404",KISUMU_MANYATTA_SKYWAY_4G,2194
"734054114",KISUMU_KILIMANI_3G,4902
"734078000",KISUMU_CBD_4G,2098
"734094595",KISUMU_NYALENDA_3G,2688
"734098021",KISUMU_OGANGO_4G,2870
"734211821",KISUMU_MANYATTA_SKYWAY_3G,2822
"734214961",KISUMU_WESTEND_MALL_IBS_3G,4334
"734231497",KISUMU_KOLWA_4G,2540
"734248000",KISUMU_STADIUM_4G,2398
"734259646",KISUMU_MILIMANI_3G,2094
"734289968",KISUMU_MANYATTA_B_3G,3556
"734311628",KISUMU_AIRPORT_3G,2086
"734337637",KISUMU_WATHOREGO_4G,4030
"734340355",KISUMU_KANYAWEGI_2G,2570
"734354499",KISUMU_MANYATTA_KOYANGO_3G,3168
"734372280",KISUMU_MOSQUE_4G,2110
"734374830",KISUMU_DAY_4G,17994
"734420718",KISUMU_OGANGO_3G,5148
"734421797",KISUMU_NYALENDA_3G,5918
"734422567",KISUMU_NYALENDA_4G,2660
"734431083",KISUMU_NYAMASARIA_2_4G,8694
"734437274",KISUMU_STADIUM_4G,4218
"734451378",KISUMU_PANDPIERI_4G,2042
"734454301",KISUMU_MANYATTA_SKYWAY_3G,2800
"734457704",KISUMU_KILIMANI_3G,4898
"734460517",KISUMU_MILIMANI_4G,7800
"734466539",KISUMU_MANYATTA_B_3G,3918
"734473355",KISUMU_MANYATTA_KOYANGO_4G,2124
"734503301",KISUMU_NYALENDA_B_4G,2072
"734504612",KISUMU_MOUNTAIN_VIEW_2G,2274
"734519595",KISUMU_RING_3G,3320
"734532137",KISUMU_KIBOSWA_3G,2186
"734547803",KISUMU_AUJI_4G,2084
"734551121",KISUMU_PANDPIERI_4G,3874
"734558652",KISUMU_OGANGO_4G,2248
"734615490",KISUMU_NYALENDA_4G,4438
"734626385",KISUMU_NYALENDA_4G,3422
"734642398",KISUMU_OGANGO_3G,4040
"734650153",KISUMU_INDUSTRIAL_SAFARICOM_3G,2136
"734667386",KISUMU_RING_2G,3508
"734681475",KISUMU_MOLASSES_2G,2344
"734720844",KISUMU_NYAMASARIA_2_3G,2462
"734725224",KISUMU_TOM_MBOYA_COLLEGE_3G,4244
"734747306",KISUMU_KANYAWEGI_4G,5978
"734752840",KISUMU_WATHOREGO_4G,2420
"734762831",KISUMU_SAURIMOYO_4G,4000
"734780397",KISUMU_MANYATTA_SKYWAY_4G,2748
"734781825",KISUMU_KEMRI_4G,9828
"734788616",KISUMU_MANYATTA_SKYWAY_4G,6882
"734798753",KISUMU_RING_4G,2280
"734808815",KISUMU_OGANGO_3G,11938
"734811911",KISUMU_MANYATTA_KOYANGO_4G,4038
"734814431",KISUMU_AIRPORT_3G,2008
"734814751",KISUMU_KILIMANI_4G,2122
"734820192",KISUMU_CHIGA_4G,5256
"734832136",KISUMU_KAJULU_GOT_NYABONDO_3G,2432
"734842741",KISUMU_DAY_4G,2538
"734847336",KISUMU_MOSQUE_4G,4350
"734870031",KISUMU_MANYATTA_KOYANGO_4G,6900
"734881401",KISUMU_AL_MIRAN_PLAZA_4G,4326
"734894434",KISUMU_NYALENDA_B_4G,3538
"734924777",KISUMU_AIRPORT_3G,10402
"734943464",KISUMU_RING_4G,2498
"734962808",KISUMU_MANYATTA_KOYANGO_3G,7786
"734964023",KISUMU_NYAMASARIA_2_4G,3128
"734964932",KISUMU_NYAMASARIA_2_4G,5360
"734970194",KISUMU_TIDO_4G,6524
"734982878",KISUMU_NYAMASARIA_2_4G,5602
"734987336",KISUMU_MANYATTA_KOYANGO_4G,2718
"734994509",KISUMU_KEMRI_3G,6092
"735023770",KISUMU_NYAMASARIA_2_4G,3318
"735027772",KISUMU_NYALENDA_4G,2128
"735030485",KISUMU_KOLWA_4G,5612
"735035095",KISUMU_INDUSTRIAL_SAFARICOM_4G,2260
"735072216",KISUMU_MOLASSES_4G,4572
"735089480",KISUMU_OGANGO_2G,2550
"735099901",KISUMU_MANYATTA_B_3G,2536
"735129738",KISUMU_KEMRI_2G,2744
"735132913",KISUMU_KOLWA_4G,3268
"735162493",KISUMU_KILIMANI_2G,4362
"735172264",KISUMU_TOM_MBOYA_COLLEGE_4G,3346
"735184385",KISUMU_MANYATTA_SKYWAY_4G,2266
"735208418",KISUMU_WATHOREGO_3G,2174
"735225094",KISUMU_MANYATTA_KOYANGO_4G,2316
"735254271",KISUMU_MOUNTAIN_VIEW_4G,4248
"735257222",KISUMU_RING_4G,3768
"735264703",KISUMU_MOLASSES_4G,10134
"735266017",KISUMU_KILIMANI_2G,2402
"735270368",KISUMU_DAY_3G,12490
"735280187",KISUMU_STADIUM_2G,5890
"735285649",KISUMU_TIDO_2G,3474
"735298006",KISUMU_AL_MIRAN_PLAZA_2G,2022
"735324181",KISUMU_OGANGO_3G,2832
"735328590",KISUMU_RING_2G,2992
"735332745",KISUMU_KIBOSWA_4G,4458
"735351975",KISUMU_MOLASSES_4G,2722
"735367332",KISUMU_DUNGA_BEACH_4G,7026
"735377222",KISUMU_MILIMANI_4G,5986
"735378477",KISUMU_KEMRI_3G,18298
"735397305",KISUMU_MANYATTA_SKYWAY_2G,2654
"735404707",KISUMU_SWAN_3G,2198
"735459410",KISUMU_MOUNTAIN_VIEW_4G,2758
"735465696",KISUMU_MOSQUE_2G,2196
"735469075",KISUMU_STADIUM_3G,2038
"735470759",KISUMU_CBD_3G,4934
"735512070",KISUMU_WATHOREGO_3G,2818
"735524602",KISUMU_MANYATTA_SKYWAY_2G,2178
"735556185",KISUMU_CBD_3G,3174
"735559733",KISUMU_CARWASH_1_4G,2200
"735562754",KISUMU_NYALENDA_B_4G,5556
"735563710",KISUMU_KILIMANI_4G,7290
"735575216",KISUMU_MOLASSES_3G,4622
"735581557",KISUMU_KIBOSWA_3G,2062
"735600335",KISUMU_INDUSTRIAL_AREA_4G,3736
"735605253",KISUMU_MANYATTA_KOYANGO_4G,2456
"735614622",KISUMU_MILIMANI_4G,2176
"735624480",KISUMU_MANYATTA_SKYWAY_2G,2268
"735664557",KISUMU_WESTEND_MALL_IBS_4G,4162
"735674012",KISUMU_NYAMASARIA_2_2G,3204
"735687571",KISUMU_MANYATTA_B_3G,2472
"735690480",KISUMU_MOLASSES_2G,2844
"735703627",KISUMU_MANYATTA_SKYWAY_3G,2610
