"TELEPHONIC_ADDRESS_ID","SITE_NAME","3"
"100337089",NAIROBI_LAVINGTON_2G,404
"101260228",NAIROBI_LAVINGTON_MALL_IBS_3G,
"731061225",NAIROBI_LAVINGTON_MALL_IBS_4G,236
"731296724",NAIROBI_LAVINGTON_MALL_IBS_4G,56
"731779453",NAIROBI_LAVINGTON_2G,180
"732075374",NAIROBI_LAVINGTON_2G,1148
"732661750",NAIROBI_LAVINGTON_MALL_IBS_2G,370
"732747118",NAIROBI_LAVINGTON_MALL_IBS_3G,1956
"732774257",NAIROBI_LAVINGTON_3G,58
"732793262",NAIROBI_LAVINGTON_3G,898
"732924331",NAIROBI_LAVINGTON_2G,836
"733181318",NAIROBI_LAVINGTON_2G,1740
"734266010",NAIROBI_LAVINGTON_MALL_IBS_2G,980
"734363549",NAIROBI_LAVINGTON_MALL_IBS_2G,52
"734454828",NAIROBI_LAVINGTON_MALL_IBS_3G,
"734718736",NAIROBI_LAVINGTON_2G,54
"734736702",NAIROBI_LAVINGTON_4G,530
"734741811",NAIROBI_LAVINGTON_4G,2486
"734758907",NAIROBI_LAVINGTON_MALL_IBS_2G,4
"735020515",NAIROBI_LAVINGTON_2G,294
"735177610",NAIROBI_LAVINGTON_MALL_IBS_2G,104
"735368165",NAIROBI_LAVINGTON_MALL_IBS_3G,140
"735600649",NAIROBI_LAVINGTON_2G,50
"736227118",NAIROBI_LAVINGTON_MALL_IBS_4G,3770
"736553895",NAIROBI_LAVINGTON_2G,60
"737247015",NAIROBI_LAVINGTON_MALL_IBS_2G,26
"737609928",NAIROBI_LAVINGTON_MALL_IBS_2G,0
"737745484",NAIROBI_LAVINGTON_3G,262
"737958093",NAIROBI_LAVINGTON_MALL_IBS_3G,3002
"737972824",NAIROBI_LAVINGTON_MALL_IBS_4G,5720
"737996967",NAIROBI_LAVINGTON_MALL_IBS_3G,480
"738092760",NAIROBI_LAVINGTON_MALL_IBS_2G,562
"738210625",NAIROBI_LAVINGTON_2G,434
"738353937",NAIROBI_LAVINGTON_2G,250
"738388987",NAIROBI_LAVINGTON_MALL_IBS_4G,302
"738476743",NAIROBI_LAVINGTON_2G,630
"738845673",NAIROBI_LAVINGTON_MALL_IBS_3G,1372
"739036984",NAIROBI_LAVINGTON_MALL_IBS_3G,674
"739150262",NAIROBI_LAVINGTON_MALL_IBS_2G,38
"739924542",NAIROBI_LAVINGTON_MALL_IBS_3G,372
"750867951",NAIROBI_LAVINGTON_3G,60
"751352864",NAIROBI_LAVINGTON_3G,258
"752085266",NAIROBI_LAVINGTON_MALL_IBS_2G,72
"752294565",NAIROBI_LAVINGTON_MALL_IBS_2G,322
"752354566",NAIROBI_LAVINGTON_MALL_IBS_3G,800
"752635697",NAIROBI_LAVINGTON_MALL_IBS_2G,216
"753618448",NAIROBI_LAVINGTON_MALL_IBS_2G,230
"753937574",NAIROBI_LAVINGTON_MALL_IBS_3G,38
"754340532",NAIROBI_LAVINGTON_MALL_IBS_2G,476
"754480384",NAIROBI_LAVINGTON_4G,60
"754723341",NAIROBI_LAVINGTON_MALL_IBS_2G,
"755505481",NAIROBI_LAVINGTON_MALL_IBS_2G,0
"755588037",NAIROBI_LAVINGTON_MALL_IBS_2G,586
"755594665",NAIROBI_LAVINGTON_2G,208
"755947031",NAIROBI_LAVINGTON_3G,98
"756584412",NAIROBI_LAVINGTON_2G,198
"756621778",NAIROBI_LAVINGTON_MALL_IBS_2G,3146
"756765447",NAIROBI_LAVINGTON_3G,400
"756786488",NAIROBI_LAVINGTON_2G,826
"762261708",NAIROBI_LAVINGTON_2G,106
"762445310",NAIROBI_LAVINGTON_2G,82
"762451865",NAIROBI_LAVINGTON_2G,368
"762451975",NAIROBI_LAVINGTON_4G,260
"762596967",NAIROBI_LAVINGTON_MALL_IBS_2G,392
"762973355",NAIROBI_LAVINGTON_2G,1006
"780001845",NAIROBI_LAVINGTON_MALL_IBS_2G,286
"780036566",NAIROBI_LAVINGTON_MALL_IBS_2G,660
"780661320",NAIROBI_LAVINGTON_MALL_IBS_4G,990
"781293527",NAIROBI_LAVINGTON_2G,10
"781585983",NAIROBI_LAVINGTON_MALL_IBS_2G,970
"781753773",NAIROBI_LAVINGTON_4G,328
"782292275",NAIROBI_LAVINGTON_4G,456
"782307852",NAIROBI_LAVINGTON_2G,206
"782963633",NAIROBI_LAVINGTON_MALL_IBS_2G,40
"783717701",NAIROBI_LAVINGTON_MALL_IBS_3G,814
"783762329",NAIROBI_LAVINGTON_MALL_IBS_3G,920
"784257981",NAIROBI_LAVINGTON_MALL_IBS_2G,52
"785118311",NAIROBI_LAVINGTON_MALL_IBS_2G,348
"785772422",NAIROBI_LAVINGTON_3G,0
"785829950",NAIROBI_LAVINGTON_MALL_IBS_4G,
"786231244",NAIROBI_LAVINGTON_MALL_IBS_3G,2278
"786879517",NAIROBI_LAVINGTON_3G,186
"787075029",NAIROBI_LAVINGTON_MALL_IBS_3G,3090
"787172505",NAIROBI_LAVINGTON_MALL_IBS_4G,2566
"787561035",NAIROBI_LAVINGTON_3G,1250
"787672186",NAIROBI_LAVINGTON_MALL_IBS_4G,20
"787727509",NAIROBI_LAVINGTON_MALL_IBS_3G,400
"788350506",NAIROBI_LAVINGTON_MALL_IBS_3G,3460
"788645730",NAIROBI_LAVINGTON_MALL_IBS_2G,344
"789013300",NAIROBI_LAVINGTON_MALL_IBS_2G,168
"789143648",NAIROBI_LAVINGTON_2G,718
"789273023",NAIROBI_LAVINGTON_4G,
"789401815",NAIROBI_LAVINGTON_2G,40
"789719454",NAIROBI_LAVINGTON_4G,
"789887549",NAIROBI_LAVINGTON_MALL_IBS_2G,74
"100722970",NAIROBI_LAVINGTON_MALL_IBS_2G,56
"101010075",NAIROBI_LAVINGTON_MALL_IBS_4G,4
"101127891",NAIROBI_LAVINGTON_4G,12
"101682365",NAIROBI_LAVINGTON_MALL_IBS_2G,2172
"102192428",NAIROBI_LAVINGTON_2G,968
"102304164",NAIROBI_LAVINGTON_4G,3440
"105141311",NAIROBI_LAVINGTON_MALL_IBS_2G,94
"731039432",NAIROBI_LAVINGTON_2G,1184
"731184749",NAIROBI_LAVINGTON_MALL_IBS_3G,454
"731440833",NAIROBI_LAVINGTON_MALL_IBS_2G,1968
"731534916",NAIROBI_LAVINGTON_2G,350
"731682573",NAIROBI_LAVINGTON_2G,86
"732681975",NAIROBI_LAVINGTON_MALL_IBS_2G,68
"732812780",NAIROBI_LAVINGTON_2G,18
"733445655",NAIROBI_LAVINGTON_2G,488
"733465002",NAIROBI_LAVINGTON_MALL_IBS_3G,36
"733701093",NAIROBI_LAVINGTON_MALL_IBS_3G,2920
"734267705",NAIROBI_LAVINGTON_4G,2908
"734710996",NAIROBI_LAVINGTON_2G,0
"734770710",NAIROBI_LAVINGTON_MALL_IBS_4G,1318
"734774428",NAIROBI_LAVINGTON_2G,2062
"734897763",NAIROBI_LAVINGTON_MALL_IBS_2G,
"734932247",NAIROBI_LAVINGTON_MALL_IBS_4G,4252
"735170782",NAIROBI_LAVINGTON_MALL_IBS_2G,170
"735248572",NAIROBI_LAVINGTON_MALL_IBS_3G,712
"735283885",NAIROBI_LAVINGTON_MALL_IBS_2G,334
"735804545",NAIROBI_LAVINGTON_2G,330
"736225975",NAIROBI_LAVINGTON_MALL_IBS_2G,108
"736840612",NAIROBI_LAVINGTON_MALL_IBS_2G,218
"738003987",NAIROBI_LAVINGTON_MALL_IBS_3G,660
"738118235",NAIROBI_LAVINGTON_2G,986
"738413137",NAIROBI_LAVINGTON_MALL_IBS_2G,308
"738482072",NAIROBI_LAVINGTON_MALL_IBS_3G,344
"738580258",NAIROBI_LAVINGTON_MALL_IBS_4G,
"750191977",NAIROBI_LAVINGTON_MALL_IBS_3G,1016
"750309485",NAIROBI_LAVINGTON_MALL_IBS_2G,2340
"750872626",NAIROBI_LAVINGTON_MALL_IBS_2G,1002
"750959002",NAIROBI_LAVINGTON_MALL_IBS_3G,
"751448890",NAIROBI_LAVINGTON_2G,
"751629360",NAIROBI_LAVINGTON_2G,20
"753249434",NAIROBI_LAVINGTON_2G,58
"754222044",NAIROBI_LAVINGTON_MALL_IBS_2G,
"754669960",NAIROBI_LAVINGTON_4G,2636
"754893184",NAIROBI_LAVINGTON_MALL_IBS_4G,3088
"755649723",NAIROBI_LAVINGTON_2G,1358
"755685298",NAIROBI_LAVINGTON_2G,678
"755767598",NAIROBI_LAVINGTON_3G,
"756319178",NAIROBI_LAVINGTON_MALL_IBS_2G,808
"756499767",NAIROBI_LAVINGTON_MALL_IBS_4G,2000
"756893591",NAIROBI_LAVINGTON_MALL_IBS_3G,702
"756910668",NAIROBI_LAVINGTON_MALL_IBS_2G,398
"762038825",NAIROBI_LAVINGTON_2G,140
"762496417",NAIROBI_LAVINGTON_2G,776
"762739259",NAIROBI_LAVINGTON_MALL_IBS_3G,192
"780515688",NAIROBI_LAVINGTON_4G,706
"780714763",NAIROBI_LAVINGTON_2G,434
"781070460",NAIROBI_LAVINGTON_MALL_IBS_3G,504
"781506128",NAIROBI_LAVINGTON_2G,500
"781593612",NAIROBI_LAVINGTON_MALL_IBS_2G,
"781693253",NAIROBI_LAVINGTON_MALL_IBS_3G,196
"782845276",NAIROBI_LAVINGTON_2G,1530
"783179442",NAIROBI_LAVINGTON_2G,1240
"783329102",NAIROBI_LAVINGTON_3G,230
"784394634",NAIROBI_LAVINGTON_4G,3980
"785401264",NAIROBI_LAVINGTON_2G,20
"785556449",NAIROBI_LAVINGTON_MALL_IBS_3G,14
"786293895",NAIROBI_LAVINGTON_2G,0
"786390813",NAIROBI_LAVINGTON_MALL_IBS_2G,1238
"786625148",NAIROBI_LAVINGTON_2G,1902
"786951856",NAIROBI_LAVINGTON_2G,2948
"788827953",NAIROBI_LAVINGTON_3G,286
"788955898",NAIROBI_LAVINGTON_MALL_IBS_2G,480
"789104246",NAIROBI_LAVINGTON_2G,
"789368274",NAIROBI_LAVINGTON_2G,240
"100357884",NAIROBI_LAVINGTON_2G,1370
"101086593",NAIROBI_LAVINGTON_2G,676
"101342816",NAIROBI_LAVINGTON_4G,
"102386177",NAIROBI_LAVINGTON_MALL_IBS_2G,270
"105638486",NAIROBI_LAVINGTON_MALL_IBS_2G,720
"731640828",NAIROBI_LAVINGTON_MALL_IBS_3G,48
"731828826",NAIROBI_LAVINGTON_MALL_IBS_3G,708
"732240398",NAIROBI_LAVINGTON_4G,898
"732382027",NAIROBI_LAVINGTON_MALL_IBS_2G,290
"732676741",NAIROBI_LAVINGTON_2G,486
"733287244",NAIROBI_LAVINGTON_MALL_IBS_3G,120
"733395159",NAIROBI_LAVINGTON_MALL_IBS_3G,160
"733433309",NAIROBI_LAVINGTON_MALL_IBS_2G,778
"733454158",NAIROBI_LAVINGTON_MALL_IBS_4G,7170
"733456385",NAIROBI_LAVINGTON_3G,906
"733516483",NAIROBI_LAVINGTON_2G,140
"733882221",NAIROBI_LAVINGTON_MALL_IBS_3G,108
"733903989",NAIROBI_LAVINGTON_MALL_IBS_2G,230
"734818862",NAIROBI_LAVINGTON_MALL_IBS_2G,2664
"735278197",NAIROBI_LAVINGTON_2G,176
"735470186",NAIROBI_LAVINGTON_MALL_IBS_3G,138
"735645747",NAIROBI_LAVINGTON_2G,1458
"735697756",NAIROBI_LAVINGTON_2G,244
"735788524",NAIROBI_LAVINGTON_MALL_IBS_3G,94
"735921776",NAIROBI_LAVINGTON_MALL_IBS_2G,64
"736061916",NAIROBI_LAVINGTON_MALL_IBS_2G,340
"736224025",NAIROBI_LAVINGTON_MALL_IBS_2G,928
"736865557",NAIROBI_LAVINGTON_MALL_IBS_3G,258
"738044926",NAIROBI_LAVINGTON_MALL_IBS_2G,442
"739061742",NAIROBI_LAVINGTON_MALL_IBS_2G,84
"739231746",NAIROBI_LAVINGTON_2G,1300
"739264059",NAIROBI_LAVINGTON_2G,584
"739393246",NAIROBI_LAVINGTON_MALL_IBS_2G,380
"739608342",NAIROBI_LAVINGTON_MALL_IBS_2G,
"750078734",NAIROBI_LAVINGTON_MALL_IBS_2G,458
"750333499",NAIROBI_LAVINGTON_3G,626
"750464891",NAIROBI_LAVINGTON_3G,244
"750483656",NAIROBI_LAVINGTON_3G,9572
"750537562",NAIROBI_LAVINGTON_2G,440
"750854943",NAIROBI_LAVINGTON_2G,44
"751240285",NAIROBI_LAVINGTON_MALL_IBS_3G,1436
"751820432",NAIROBI_LAVINGTON_MALL_IBS_2G,80
"752051582",NAIROBI_LAVINGTON_MALL_IBS_2G,698
"752179507",NAIROBI_LAVINGTON_2G,320
"752899681",NAIROBI_LAVINGTON_MALL_IBS_4G,3232
"753155454",NAIROBI_LAVINGTON_3G,4400
"753740523",NAIROBI_LAVINGTON_MALL_IBS_4G,700
"753820423",NAIROBI_LAVINGTON_2G,
"753915885",NAIROBI_LAVINGTON_3G,228
"754213515",NAIROBI_LAVINGTON_MALL_IBS_3G,110
"754260405",NAIROBI_LAVINGTON_MALL_IBS_2G,254
"754517776",NAIROBI_LAVINGTON_2G,1544
"754727755",NAIROBI_LAVINGTON_2G,400
"754965990",NAIROBI_LAVINGTON_MALL_IBS_3G,1680
"755510536",NAIROBI_LAVINGTON_MALL_IBS_2G,614
"755664656",NAIROBI_LAVINGTON_2G,
"755962152",NAIROBI_LAVINGTON_MALL_IBS_4G,142
"756345375",NAIROBI_LAVINGTON_3G,390
"756758965",NAIROBI_LAVINGTON_MALL_IBS_3G,20
"756992791",NAIROBI_LAVINGTON_MALL_IBS_2G,1732
"762058106",NAIROBI_LAVINGTON_MALL_IBS_2G,16
"762082233",NAIROBI_LAVINGTON_MALL_IBS_4G,20
"762454470",NAIROBI_LAVINGTON_2G,130
"762571025",NAIROBI_LAVINGTON_4G,980
"780679565",NAIROBI_LAVINGTON_MALL_IBS_4G,186
"781178603",NAIROBI_LAVINGTON_MALL_IBS_2G,368
"781394168",NAIROBI_LAVINGTON_MALL_IBS_4G,1984
"781612998",NAIROBI_LAVINGTON_MALL_IBS_2G,16
"781976062",NAIROBI_LAVINGTON_MALL_IBS_4G,1518
"782244621",NAIROBI_LAVINGTON_3G,3764
"782541435",NAIROBI_LAVINGTON_MALL_IBS_2G,688
"782559845",NAIROBI_LAVINGTON_MALL_IBS_3G,994
"782584105",NAIROBI_LAVINGTON_2G,650
"783064718",NAIROBI_LAVINGTON_4G,718
"783133576",NAIROBI_LAVINGTON_MALL_IBS_4G,4792
"783266983",NAIROBI_LAVINGTON_MALL_IBS_3G,54
"784665652",NAIROBI_LAVINGTON_4G,2324
"784775065",NAIROBI_LAVINGTON_MALL_IBS_2G,234
"784850770",NAIROBI_LAVINGTON_MALL_IBS_4G,86
"784959441",NAIROBI_LAVINGTON_MALL_IBS_2G,40
"785281192",NAIROBI_LAVINGTON_MALL_IBS_3G,686
"785790616",NAIROBI_LAVINGTON_MALL_IBS_2G,340
"786275152",NAIROBI_LAVINGTON_MALL_IBS_3G,320
"786644125",NAIROBI_LAVINGTON_2G,950
"786692697",NAIROBI_LAVINGTON_MALL_IBS_2G,1060
"787004845",NAIROBI_LAVINGTON_MALL_IBS_2G,564
"787545113",NAIROBI_LAVINGTON_MALL_IBS_2G,52
"788171454",NAIROBI_LAVINGTON_MALL_IBS_2G,40
"788302307",NAIROBI_LAVINGTON_2G,62
"788359836",NAIROBI_LAVINGTON_MALL_IBS_2G,278
"788386639",NAIROBI_LAVINGTON_3G,28
"788844405",NAIROBI_LAVINGTON_MALL_IBS_3G,0
"789066060",NAIROBI_LAVINGTON_MALL_IBS_3G,1224
"789431214",NAIROBI_LAVINGTON_MALL_IBS_3G,7286
"789911176",NAIROBI_LAVINGTON_MALL_IBS_4G,100
"100727850",NAIROBI_LAVINGTON_MALL_IBS_2G,558
"100994676",NAIROBI_LAVINGTON_2G,222
"101086793",NAIROBI_LAVINGTON_2G,374
"101787366",NAIROBI_LAVINGTON_3G,876
"102540116",NAIROBI_LAVINGTON_MALL_IBS_2G,3580
"102743157",NAIROBI_LAVINGTON_2G,128
"102969190",NAIROBI_LAVINGTON_MALL_IBS_4G,78
"103630550",NAIROBI_LAVINGTON_MALL_IBS_4G,1398
"103773048",NAIROBI_LAVINGTON_2G,392
"731267102",NAIROBI_LAVINGTON_3G,1172
"731664925",NAIROBI_LAVINGTON_MALL_IBS_2G,122
"731740138",NAIROBI_LAVINGTON_MALL_IBS_2G,194
"731795544",NAIROBI_LAVINGTON_MALL_IBS_4G,156
"731843194",NAIROBI_LAVINGTON_MALL_IBS_4G,2904
"731969477",NAIROBI_LAVINGTON_MALL_IBS_2G,656
"732072412",NAIROBI_LAVINGTON_MALL_IBS_2G,112
"732412792",NAIROBI_LAVINGTON_2G,2418
"732700684",NAIROBI_LAVINGTON_2G,292
"732960314",NAIROBI_LAVINGTON_2G,388
"732971488",NAIROBI_LAVINGTON_4G,1466
"733222444",NAIROBI_LAVINGTON_MALL_IBS_3G,2000
"733339992",NAIROBI_LAVINGTON_MALL_IBS_4G,11594
"733351021",NAIROBI_LAVINGTON_MALL_IBS_4G,312
"734654665",NAIROBI_LAVINGTON_MALL_IBS_4G,4000
"734672923",NAIROBI_LAVINGTON_MALL_IBS_4G,114
"734673076",NAIROBI_LAVINGTON_MALL_IBS_2G,
"734767015",NAIROBI_LAVINGTON_MALL_IBS_2G,362
"734924496",NAIROBI_LAVINGTON_3G,5040
"735096015",NAIROBI_LAVINGTON_2G,362
"735414629",NAIROBI_LAVINGTON_MALL_IBS_2G,8
"736229803",NAIROBI_LAVINGTON_MALL_IBS_2G,
"736609192",NAIROBI_LAVINGTON_MALL_IBS_2G,296
"736737341",NAIROBI_LAVINGTON_MALL_IBS_4G,2180
"736800120",NAIROBI_LAVINGTON_3G,776
"736995089",NAIROBI_LAVINGTON_MALL_IBS_3G,676
"737212730",NAIROBI_LAVINGTON_MALL_IBS_3G,1106
"738635295",NAIROBI_LAVINGTON_MALL_IBS_3G,96
"738850786",NAIROBI_LAVINGTON_2G,74
"738890005",NAIROBI_LAVINGTON_3G,574
"739533558",NAIROBI_LAVINGTON_MALL_IBS_2G,924
"750603343",NAIROBI_LAVINGTON_2G,88
"750611042",NAIROBI_LAVINGTON_MALL_IBS_3G,560
"750706512",NAIROBI_LAVINGTON_MALL_IBS_2G,40
"750827560",NAIROBI_LAVINGTON_4G,140
"751712959",NAIROBI_LAVINGTON_3G,2332
"751883357",NAIROBI_LAVINGTON_MALL_IBS_3G,674
"752455614",NAIROBI_LAVINGTON_2G,2944
"752546582",NAIROBI_LAVINGTON_MALL_IBS_2G,468
"752721769",NAIROBI_LAVINGTON_MALL_IBS_4G,680
"753147466",NAIROBI_LAVINGTON_MALL_IBS_2G,564
"753920921",NAIROBI_LAVINGTON_MALL_IBS_2G,244
"754346463",NAIROBI_LAVINGTON_MALL_IBS_3G,
"755905008",NAIROBI_LAVINGTON_2G,1926
"756488208",NAIROBI_LAVINGTON_MALL_IBS_4G,478
"756562857",NAIROBI_LAVINGTON_2G,502
"756770921",NAIROBI_LAVINGTON_MALL_IBS_2G,418
"756827626",NAIROBI_LAVINGTON_MALL_IBS_2G,240
"762008308",NAIROBI_LAVINGTON_4G,1282
"762168042",NAIROBI_LAVINGTON_2G,274
"762693959",NAIROBI_LAVINGTON_2G,16
"762728824",NAIROBI_LAVINGTON_2G,300
"762840634",NAIROBI_LAVINGTON_2G,982
"762958825",NAIROBI_LAVINGTON_2G,1716
"780085563",NAIROBI_LAVINGTON_MALL_IBS_3G,3314
"780352264",NAIROBI_LAVINGTON_MALL_IBS_2G,578
"780497799",NAIROBI_LAVINGTON_MALL_IBS_2G,1020
"781275991",NAIROBI_LAVINGTON_MALL_IBS_2G,372
"781527631",NAIROBI_LAVINGTON_MALL_IBS_2G,366
"782161636",NAIROBI_LAVINGTON_MALL_IBS_4G,38
"782189272",NAIROBI_LAVINGTON_2G,2116
"782602712",NAIROBI_LAVINGTON_MALL_IBS_4G,1548
"783397124",NAIROBI_LAVINGTON_3G,308
"785057184",NAIROBI_LAVINGTON_2G,3098
"785406506",NAIROBI_LAVINGTON_MALL_IBS_2G,702
"786648427",NAIROBI_LAVINGTON_MALL_IBS_3G,442
"786936156",NAIROBI_LAVINGTON_2G,
"786976081",NAIROBI_LAVINGTON_MALL_IBS_2G,178
"787013992",NAIROBI_LAVINGTON_2G,20
"787563582",NAIROBI_LAVINGTON_3G,1068
"787639098",NAIROBI_LAVINGTON_2G,930
"788603553",NAIROBI_LAVINGTON_2G,442
"788630331",NAIROBI_LAVINGTON_MALL_IBS_4G,220
"789662017",NAIROBI_LAVINGTON_2G,1336
"789695605",NAIROBI_LAVINGTON_MALL_IBS_2G,896
"789814750",NAIROBI_LAVINGTON_MALL_IBS_3G,66
"100170935",NAIROBI_LAVINGTON_2G,626
"101229187",NAIROBI_LAVINGTON_3G,104
"102855945",NAIROBI_LAVINGTON_MALL_IBS_3G,
"105005694",NAIROBI_LAVINGTON_MALL_IBS_2G,352
"105426075",NAIROBI_LAVINGTON_MALL_IBS_2G,404
"731015194",NAIROBI_LAVINGTON_2G,424
"731029604",NAIROBI_LAVINGTON_MALL_IBS_3G,622
"731044938",NAIROBI_LAVINGTON_4G,4790
"731414336",NAIROBI_LAVINGTON_MALL_IBS_2G,300
"731854850",NAIROBI_LAVINGTON_MALL_IBS_4G,0
"732064369",NAIROBI_LAVINGTON_MALL_IBS_4G,11020
"732268042",NAIROBI_LAVINGTON_2G,400
"732342342",NAIROBI_LAVINGTON_MALL_IBS_2G,606
"732482043",NAIROBI_LAVINGTON_MALL_IBS_3G,1130
"732669827",NAIROBI_LAVINGTON_MALL_IBS_2G,412
"732941672",NAIROBI_LAVINGTON_MALL_IBS_2G,456
"732943355",NAIROBI_LAVINGTON_MALL_IBS_4G,646
"732998501",NAIROBI_LAVINGTON_2G,1610
"734081314",NAIROBI_LAVINGTON_MALL_IBS_2G,440
"734333821",NAIROBI_LAVINGTON_MALL_IBS_3G,4158
"734375061",NAIROBI_LAVINGTON_2G,862
"734776972",NAIROBI_LAVINGTON_MALL_IBS_2G,634
"735163119",NAIROBI_LAVINGTON_MALL_IBS_4G,398
"735185213",NAIROBI_LAVINGTON_MALL_IBS_3G,306
"735241333",NAIROBI_LAVINGTON_2G,252
"735674711",NAIROBI_LAVINGTON_MALL_IBS_3G,5384
"735815837",NAIROBI_LAVINGTON_2G,276
"736344210",NAIROBI_LAVINGTON_MALL_IBS_4G,1296
"736367821",NAIROBI_LAVINGTON_MALL_IBS_2G,176
"736639020",NAIROBI_LAVINGTON_4G,570
"738352518",NAIROBI_LAVINGTON_3G,
"738529297",NAIROBI_LAVINGTON_4G,
"738991735",NAIROBI_LAVINGTON_MALL_IBS_4G,1578
"738999091",NAIROBI_LAVINGTON_3G,412
"739627143",NAIROBI_LAVINGTON_3G,346
"739795716",NAIROBI_LAVINGTON_MALL_IBS_4G,2000
"739843243",NAIROBI_LAVINGTON_MALL_IBS_4G,1844
"750001323",NAIROBI_LAVINGTON_MALL_IBS_3G,22
"750279715",NAIROBI_LAVINGTON_MALL_IBS_4G,
"751108338",NAIROBI_LAVINGTON_4G,176
"751646653",NAIROBI_LAVINGTON_MALL_IBS_2G,72
"751860322",NAIROBI_LAVINGTON_2G,38
"752034377",NAIROBI_LAVINGTON_MALL_IBS_2G,6814
"752184800",NAIROBI_LAVINGTON_MALL_IBS_3G,260
"752623178",NAIROBI_LAVINGTON_MALL_IBS_3G,888
"752826656",NAIROBI_LAVINGTON_MALL_IBS_2G,18
"753678575",NAIROBI_LAVINGTON_3G,1566
"754207430",NAIROBI_LAVINGTON_2G,32
"754285822",NAIROBI_LAVINGTON_MALL_IBS_3G,
"756338536",NAIROBI_LAVINGTON_MALL_IBS_2G,660
"762285747",NAIROBI_LAVINGTON_2G,480
"762839863",NAIROBI_LAVINGTON_2G,628
"780068178",NAIROBI_LAVINGTON_2G,520
"780589787",NAIROBI_LAVINGTON_MALL_IBS_4G,2000
"781585120",NAIROBI_LAVINGTON_2G,240
"782073459",NAIROBI_LAVINGTON_MALL_IBS_2G,
"782190304",NAIROBI_LAVINGTON_MALL_IBS_2G,46
"782344954",NAIROBI_LAVINGTON_2G,8
"782466693",NAIROBI_LAVINGTON_MALL_IBS_4G,400
"782635372",NAIROBI_LAVINGTON_MALL_IBS_4G,1100
"783168928",NAIROBI_LAVINGTON_MALL_IBS_2G,462
"783288765",NAIROBI_LAVINGTON_MALL_IBS_3G,888
"783308986",NAIROBI_LAVINGTON_MALL_IBS_4G,976
"783571181",NAIROBI_LAVINGTON_MALL_IBS_3G,90
"785572846",NAIROBI_LAVINGTON_3G,66
"785846918",NAIROBI_LAVINGTON_3G,242
"786118170",NAIROBI_LAVINGTON_MALL_IBS_2G,216
"786561503",NAIROBI_LAVINGTON_MALL_IBS_2G,148
"786712744",NAIROBI_LAVINGTON_2G,150
"786995785",NAIROBI_LAVINGTON_MALL_IBS_2G,98
"787430164",NAIROBI_LAVINGTON_MALL_IBS_4G,838
"787694638",NAIROBI_LAVINGTON_MALL_IBS_2G,20
"787879171",NAIROBI_LAVINGTON_2G,396
"788318638",NAIROBI_LAVINGTON_MALL_IBS_3G,
"788566525",NAIROBI_LAVINGTON_2G,270
"789253914",NAIROBI_LAVINGTON_MALL_IBS_2G,18
"789788660",NAIROBI_LAVINGTON_4G,
"100889283",NAIROBI_LAVINGTON_MALL_IBS_2G,
"101019899",NAIROBI_LAVINGTON_MALL_IBS_3G,1022
"101318553",NAIROBI_LAVINGTON_2G,
"102651290",NAIROBI_LAVINGTON_4G,1178
"104435608",NAIROBI_LAVINGTON_4G,178
"105098920",NAIROBI_LAVINGTON_MALL_IBS_4G,4018
"105598800",NAIROBI_LAVINGTON_MALL_IBS_2G,320
"105622953",NAIROBI_LAVINGTON_MALL_IBS_2G,48
"731379512",NAIROBI_LAVINGTON_2G,140
"731508032",NAIROBI_LAVINGTON_2G,546
"731939923",NAIROBI_LAVINGTON_4G,190
"732038709",NAIROBI_LAVINGTON_MALL_IBS_3G,650
"732487612",NAIROBI_LAVINGTON_MALL_IBS_3G,4000
"732709330",NAIROBI_LAVINGTON_MALL_IBS_3G,114
"732860056",NAIROBI_LAVINGTON_MALL_IBS_3G,3040
"733704417",NAIROBI_LAVINGTON_MALL_IBS_4G,600
"733996953",NAIROBI_LAVINGTON_2G,518
"734009331",NAIROBI_LAVINGTON_MALL_IBS_3G,992
"734932822",NAIROBI_LAVINGTON_2G,824
"735093932",NAIROBI_LAVINGTON_MALL_IBS_4G,1156
"735191525",NAIROBI_LAVINGTON_MALL_IBS_4G,
"735202939",NAIROBI_LAVINGTON_2G,60
"735358665",NAIROBI_LAVINGTON_MALL_IBS_3G,3254
"736142163",NAIROBI_LAVINGTON_MALL_IBS_3G,8000
"736252910",NAIROBI_LAVINGTON_4G,508
"736402539",NAIROBI_LAVINGTON_2G,40
"736691404",NAIROBI_LAVINGTON_MALL_IBS_2G,140
"736735316",NAIROBI_LAVINGTON_2G,298
"736917190",NAIROBI_LAVINGTON_MALL_IBS_2G,100
"737203270",NAIROBI_LAVINGTON_MALL_IBS_2G,98
"737628996",NAIROBI_LAVINGTON_MALL_IBS_3G,480
"737852395",NAIROBI_LAVINGTON_MALL_IBS_2G,398
"737978642",NAIROBI_LAVINGTON_2G,2
"738195699",NAIROBI_LAVINGTON_2G,0
"738729636",NAIROBI_LAVINGTON_2G,192
"738842004",NAIROBI_LAVINGTON_MALL_IBS_3G,266
"739191897",NAIROBI_LAVINGTON_2G,644
"739743881",NAIROBI_LAVINGTON_MALL_IBS_2G,2148
"750331317",NAIROBI_LAVINGTON_MALL_IBS_2G,0
"750509428",NAIROBI_LAVINGTON_MALL_IBS_4G,160
"751077724",NAIROBI_LAVINGTON_MALL_IBS_2G,1166
"751327743",NAIROBI_LAVINGTON_MALL_IBS_3G,634
"751458690",NAIROBI_LAVINGTON_3G,1160
"751496796",NAIROBI_LAVINGTON_2G,4
"751537019",NAIROBI_LAVINGTON_MALL_IBS_2G,424
"751665455",NAIROBI_LAVINGTON_2G,350
"751676751",NAIROBI_LAVINGTON_4G,3050
"753197987",NAIROBI_LAVINGTON_2G,952
"753418786",NAIROBI_LAVINGTON_2G,154
"753843871",NAIROBI_LAVINGTON_2G,958
"753850988",NAIROBI_LAVINGTON_2G,520
"754037742",NAIROBI_LAVINGTON_MALL_IBS_2G,488
"754040842",NAIROBI_LAVINGTON_MALL_IBS_3G,114
"754129405",NAIROBI_LAVINGTON_MALL_IBS_2G,932
"754359065",NAIROBI_LAVINGTON_MALL_IBS_4G,48
"754489914",NAIROBI_LAVINGTON_MALL_IBS_3G,250
"754892634",NAIROBI_LAVINGTON_MALL_IBS_2G,830
"756086821",NAIROBI_LAVINGTON_MALL_IBS_2G,6
"756617236",NAIROBI_LAVINGTON_2G,448
"756743284",NAIROBI_LAVINGTON_3G,0
"756818464",NAIROBI_LAVINGTON_2G,2402
"762012633",NAIROBI_LAVINGTON_MALL_IBS_3G,176
"762057123",NAIROBI_LAVINGTON_MALL_IBS_2G,742
"762630655",NAIROBI_LAVINGTON_MALL_IBS_3G,
"780221711",NAIROBI_LAVINGTON_MALL_IBS_4G,
"780298328",NAIROBI_LAVINGTON_MALL_IBS_2G,596
"780313384",NAIROBI_LAVINGTON_2G,626
"780506440",NAIROBI_LAVINGTON_4G,2074
"780694749",NAIROBI_LAVINGTON_MALL_IBS_2G,112
"780916827",NAIROBI_LAVINGTON_2G,876
"781021497",NAIROBI_LAVINGTON_MALL_IBS_2G,
"781186092",NAIROBI_LAVINGTON_4G,180
"781754533",NAIROBI_LAVINGTON_MALL_IBS_4G,
"781999678",NAIROBI_LAVINGTON_2G,
