"TELEPHONIC_ADDRESS_ID","SITE_NAME","3"
"732092379",LUANDA_KONYANGO_2G,3280
"738023099",LUANDA_KONYANGO_3G,2262
"751337894",LUANDA_KONYANGO_4G,3276
"756849401",LUANDA_KONYANGO_3G,2088
"100805326",LUANDA_KONYANGO_3G,2550
"734487877",LUANDA_KONYANGO_2G,2850
"736213054",LUANDA_KONYANGO_4G,3072
"736762639",LUANDA_KONYANGO_2G,2378
"751763901",LUANDA_KONYANGO_3G,5440
"753181725",LUANDA_KONYANGO_3G,2054
"762363726",LUANDA_KONYANGO_4G,2704
"762467423",LUANDA_KONYANGO_2G,3598
"783955034",LUANDA_KONYANGO_4G,2220
"785027806",LUANDA_KONYANGO_2G,2118
"785847921",LUANDA_KONYANGO_2G,2162
"100121479",LUANDA_KONYANGO_2G,2742
"101630363",LUANDA_KONYANGO_4G,3228
"731437162",LUANDA_KONYANGO_4G,3948
"732834966",LUANDA_KONYANGO_4G,2360
"733670520",LUANDA_KONYANGO_3G,2644
"736847192",LUANDA_KONYANGO_3G,3144
"739063069",LUANDA_KONYANGO_4G,2910
"751367546",LUANDA_KONYANGO_3G,2358
"782378820",LUANDA_KONYANGO_4G,2200
"783235590",LUANDA_KONYANGO_3G,2330
"784802889",LUANDA_KONYANGO_4G,4140
"788848046",LUANDA_KONYANGO_4G,2100
"789530826",LUANDA_KONYANGO_3G,2852
"731919416",LUANDA_KONYANGO_3G,2286
"756186539",LUANDA_KONYANGO_2G,2172
"780012017",LUANDA_KONYANGO_4G,2544
"782372621",LUANDA_KONYANGO_2G,6252
"788111887",LUANDA_KONYANGO_3G,2480
"101824564",LUANDA_KONYANGO_4G,4424
"105177261",LUANDA_KONYANGO_2G,2840
"735037283",LUANDA_KONYANGO_4G,4000
"750429069",LUANDA_KONYANGO_2G,2032
"751673134",LUANDA_KONYANGO_2G,2678
"753093822",LUANDA_KONYANGO_2G,2368
"753588029",LUANDA_KONYANGO_3G,2724
"754450757",LUANDA_KONYANGO_4G,3932
"782220429",LUANDA_KONYANGO_2G,2998
"784422301",LUANDA_KONYANGO_2G,3424
"787079521",LUANDA_KONYANGO_4G,2512
"788821096",LUANDA_KONYANGO_2G,2216
"102494315",LUANDA_KONYANGO_3G,2042
"734270175",LUANDA_KONYANGO_3G,2258
"735986027",LUANDA_KONYANGO_4G,2646
"736395103",LUANDA_KONYANGO_4G,5058
"750472074",LUANDA_KONYANGO_2G,2376
"753939421",LUANDA_KONYANGO_3G,2576
"783423274",LUANDA_KONYANGO_2G,2470
"789682783",LUANDA_KONYANGO_4G,4304
"736399851",LUANDA_KONYANGO_3G,2684
"753486339",LUANDA_KONYANGO_3G,3556
"754451804",LUANDA_KONYANGO_4G,2162
"782927275",LUANDA_KONYANGO_3G,2212
"783251014",LUANDA_KONYANGO_2G,2142
"785033940",LUANDA_KONYANGO_3G,4682
"787344916",LUANDA_KONYANGO_2G,3042
"788859584",LUANDA_KONYANGO_4G,2008
"100385401",LUANDA_KONYANGO_2G,2116
"735505481",LUANDA_KONYANGO_4G,6318
"738936126",LUANDA_KONYANGO_2G,6180
"751263478",LUANDA_KONYANGO_3G,2064
"752721376",LUANDA_KONYANGO_3G,2156
"754150176",LUANDA_KONYANGO_2G,2166
"756761601",LUANDA_KONYANGO_2G,2052
"103310686",LUANDA_KONYANGO_4G,3344
"738091131",LUANDA_KONYANGO_4G,2606
"755841930",LUANDA_KONYANGO_2G,4246
"786289100",LUANDA_KONYANGO_2G,2096
"787533033",LUANDA_KONYANGO_3G,2778
"736081649",LUANDA_KONYANGO_4G,6170
"736665457",LUANDA_KONYANGO_4G,3084
"751532349",LUANDA_KONYANGO_3G,2520
"753020479",LUANDA_KONYANGO_2G,2418
"780173497",LUANDA_KONYANGO_2G,2494
"788384480",LUANDA_KONYANGO_4G,4200
"103510478",LUANDA_KONYANGO_2G,2078
"751918653",LUANDA_KONYANGO_3G,4470
"755623380",LUANDA_KONYANGO_3G,4392
"756523941",LUANDA_KONYANGO_4G,2508
"784442646",LUANDA_KONYANGO_2G,6002
"785085487",LUANDA_KONYANGO_3G,2754
"789076906",LUANDA_KONYANGO_2G,2138
"102177048",LUANDA_KONYANGO_4G,2370
"732997649",LUANDA_KONYANGO_3G,3102
"735222063",LUANDA_KONYANGO_3G,3194
"735629888",LUANDA_KONYANGO_4G,2628
"736430382",LUANDA_KONYANGO_4G,3624
"751388455",LUANDA_KONYANGO_4G,4516
"753289641",LUANDA_KONYANGO_3G,3780
"755989886",LUANDA_KONYANGO_3G,4440
"783092831",LUANDA_KONYANGO_4G,4548
"784360134",LUANDA_KONYANGO_4G,4410
