"TELEPHONIC_ADDRESS_ID","SITE_NAME","3"
"100117352",MALINDI_AIRPORT_2_3G,
"100119066",MALINDI_AIRPORT_2_2G,242
"100140592",MALINDI_TOURIST_MARKET_2G,434
"100146100",MALINDI_BAMBINI_2G,
"100165168",MALINDI_CHEMBE_3G,3296
"100178375",MALINDI_SABASABA_NGALA_4G,
"100251215",MALINDI_VOFEA_2G,226
"100282662",MALINDI_VOFEA_4G,5362
"100282761",MALINDI_VOFEA_2G,36
"100282970",MALINDI_VOFEA_2G,1172
"100369031",MALINDI_BAMBINI_2G,124
"100469506",MALINDI_AIRPORT_2_4G,910
"100486345",MALINDI_EXCHANGE_3G,1508
"100513639",MALINDI_KISUMU_NDOGO_2G,1128
"100530907",MALINDI_CHEMBE_4G,50
"100550021",MALINDI_EXCHANGE_2G,76
"100552823",MALINDI_SABASABA_NGALA_4G,646
"100580064",MALINDI_AIRPORT_2_2G,40
"100612005",MALINDI_VOFEA_4G,936
"100635639",MALINDI_VOFEA_3G,338
"100636695",MALINDI_SABASABA_NGALA_4G,182
"100638960",MALINDI_TOWN_2G,1638
"100660515",MALINDI_BAMBINI_2G,1516
"100661373",MALINDI_SABASABA_NGALA_4G,664
"100661821",MALINDI_CHEMBE_3G,2940
"100661953",MALINDI_VOFEA_2G,864
"100699623",MALINDI_CHEMBE_2G,10
"100712310",MALINDI_VOFEA_2G,232
"100795100",MALINDI_SABASABA_NGALA_4G,1534
"100799026",MALINDI_BAMBINI_2G,1056
"100799613",MALINDI_VOFEA_2G,1598
"100799642",MALINDI_VOFEA_4G,
"100830454",MALINDI_CHEMBE_2G,94
"100886966",MALINDI_SABASABA_NGALA_2G,116
"100895611",MALINDI_SABASABA_NGALA_4G,120
"100916036",MALINDI_BAMBINI_4G,1904
"100935780",MALINDI_EXCHANGE_4G,598
"100942062",MALINDI_AIRPORT_2_2G,244
"100949067",MALINDI_VOFEA_3G,54
"100955711",MALINDI_SABASABA_NGALA_3G,2626
"100957454",MALINDI_AIRPORT_2_2G,
"100958428",MALINDI_EXCHANGE_2G,4
"100964230",MALINDI_BAMBINI_2G,296
"100965403",MALINDI_SABASABA_NGALA_3G,628
"100965846",MALINDI_KISUMU_NDOGO_3G,4158
"100983986",MALINDI_KISUMU_NDOGO_3G,816
"100984258",MALINDI_KISUMU_NDOGO_4G,200
"100984841",MALINDI_VOFEA_2G,
"100996812",MALINDI_AIRPORT_2_4G,430
"101051924",MALINDI_AIRPORT_2_2G,164
"101086912",MALINDI_KISUMU_NDOGO_2G,182
"101133801",MALINDI_SABASABA_NGALA_2G,1702
"101133900",MALINDI_CASAURINA_4G,776
"101163201",MALINDI_VOFEA_2G,3068
"101182454",MALINDI_SABASABA_NGALA_3G,1124
"101199031",MALINDI_BAMBINI_2G,1208
"101217844",MALINDI_TOWN_2G,708
"101220250",MALINDI_SABASABA_NGALA_3G,1386
"101225249",MALINDI_EXCHANGE_2G,478
"101225861",MALINDI_BAMBINI_2G,400
"101231455",MALINDI_EXCHANGE_3G,254
"101232214",MALINDI_EXCHANGE_4G,832
"101240029",MALINDI_BAMBINI_2G,124
"101281546",MALINDI_TOWN_4G,496
"101338721",MALINDI_VOFEA_3G,4088
"101391138",MALINDI_COMPLEX_4G,1662
"101418020",MALINDI_EXCHANGE_4G,3920
"101422485",MALINDI_KISUMU_NDOGO_2G,596
"101422643",MALINDI_CASAURINA_4G,1156
"101470306",MALINDI_SABASABA_NGALA_2G,20
"101562324",MALINDI_BAMBINI_4G,5162
"101566775",MALINDI_SABASABA_NGALA_4G,1250
"101568460",MALINDI_EXCHANGE_2G,1160
"101581703",MALINDI_SABASABA_NGALA_4G,
"101587717",MALINDI_AIRPORT_2_3G,468
"101598033",MALINDI_KISUMU_NDOGO_2G,272
"101599087",MALINDI_AIRPORT_2_4G,1866
"101605482",MALINDI_TOURIST_MARKET_2G,502
"101605905",MALINDI_VOFEA_2G,218
"101612587",MALINDI_EXCHANGE_2G,30
"101612630",MALINDI_BAMBINI_2G,554
"101619324",MALINDI_KISUMU_NDOGO_2G,892
"101631797",MALINDI_BAMBINI_2G,2354
"101634707",MALINDI_SABASABA_NGALA_4G,212
"101634828",MALINDI_EXCHANGE_2G,
"101635208",MALINDI_KISUMU_NDOGO_4G,6236
"101638866",MALINDI_SABASABA_NGALA_2G,1126
"101640691",MALINDI_SABASABA_NGALA_2G,
"101642254",MALINDI_BAMBINI_2G,92
"101643493",MALINDI_BAMBINI_2G,768
"101673390",MALINDI_SABASABA_NGALA_2G,220
"101701416",MALINDI_BAMBINI_4G,
"101740997",MALINDI_TOWN_3G,1116
"101817358",MALINDI_KISUMU_NDOGO_2G,518
"101817977",MALINDI_VOFEA_2G,470
"101818261",MALINDI_KISUMU_NDOGO_3G,78
"101827449",MALINDI_TOURIST_MARKET_3G,1360
"101827625",MALINDI_BAMBINI_4G,1292
"101897150",MALINDI_VOFEA_4G,792
"101898893",MALINDI_VOFEA_4G,434
"101910727",MALINDI_TOURIST_MARKET_4G,654
"101919440",MALINDI_VOFEA_4G,756
"101923315",MALINDI_VOFEA_2G,242
"101927849",MALINDI_COMPLEX_4G,358
"101931910",MALINDI_AIRPORT_2_4G,608
"101934618",MALINDI_COMPLEX_2G,1564
"101990608",MALINDI_AIRPORT_2_3G,1818
"102116912",MALINDI_AIRPORT_2_2G,50
"102117097",MALINDI_BAMBINI_3G,1376
"102261796",MALINDI_AIRPORT_2_3G,454
"102262889",MALINDI_AIRPORT_2_2G,1308
"102263124",MALINDI_VOFEA_3G,504
"102263325",MALINDI_SABASABA_NGALA_2G,40
"102263864",MALINDI_BAMBINI_4G,1530
"102264229",MALINDI_EXCHANGE_2G,912
"102299215",MALINDI_VOFEA_2G,236
"102299383",MALINDI_BAMBINI_2G,412
"102299460",MALINDI_VOFEA_2G,180
"102358456",MALINDI_BAMBINI_2G,124
"102358647",MALINDI_TOWN_4G,2194
"102366284",MALINDI_KISUMU_NDOGO_3G,330
"102591058",MALINDI_BAMBINI_4G,1878
"102735786",MALINDI_TOWN_2G,2
"102768675",MALINDI_TOWN_4G,376
"102768774",MALINDI_VOFEA_4G,5422
"102935774",MALINDI_BAMBINI_2G,1528
"103002438",MALINDI_SABASABA_NGALA_2G,342
"103074661",MALINDI_BAMBINI_2G,202
"103099792",MALINDI_AIRPORT_2_2G,602
"103116253",MALINDI_SABASABA_NGALA_4G,466
"103166996",MALINDI_BAMBINI_2G,
"103349904",MALINDI_AIRPORT_2_4G,358
"103350556",MALINDI_EXCHANGE_2G,1258
"103353750",MALINDI_VOFEA_4G,1962
"103355899",MALINDI_BAMBINI_2G,354
"103424326",MALINDI_EXCHANGE_2G,558
"103530572",MALINDI_VOFEA_2G,446
"103575995",MALINDI_SABASABA_NGALA_4G,400
"103590338",MALINDI_SABASABA_NGALA_3G,160
"103595546",MALINDI_AIRPORT_2_3G,10806
"103693578",MALINDI_BAMBINI_3G,574
"103887935",MALINDI_AIRPORT_2_2G,432
"103913028",MALINDI_BAMBINI_3G,162
"103951615",MALINDI_BAMBINI_2G,144
"104073854",MALINDI_TOURIST_MARKET_4G,1254
"104187885",MALINDI_TOURIST_MARKET_4G,670
"104207760",MALINDI_TOWN_2G,44
"104388320",MALINDI_EXCHANGE_4G,400
"105078096",MALINDI_CHEMBE_4G,2674
"105156599",MALINDI_TOWN_3G,284
"105159300",MALINDI_EXCHANGE_2G,688
"105168585",MALINDI_TOURIST_MARKET_4G,718
"105196417",MALINDI_CHEMBE_2G,786
"105199083",MALINDI_SABASABA_NGALA_3G,518
"105200958",MALINDI_BAMBINI_2G,634
"105200987",MALINDI_KISUMU_NDOGO_2G,458
"105201619",MALINDI_KISUMU_NDOGO_2G,140
"105205359",MALINDI_SABASABA_NGALA_2G,126
"105206414",MALINDI_SABASABA_NGALA_3G,774
"105207051",MALINDI_TOWN_2G,296
"105207652",MALINDI_VOFEA_2G,424
"105208512",MALINDI_BAMBINI_2G,206
"105208772",MALINDI_CHEMBE_3G,162
"105208820",MALINDI_CHEMBE_3G,200
"105307206",MALINDI_KISUMU_NDOGO_2G,422
"105307422",MALINDI_BAMBINI_4G,1448
"105308076",MALINDI_AIRPORT_2_2G,254
"105362703",MALINDI_TOURIST_MARKET_4G,452
"105379163",MALINDI_BAMBINI_2G,278
"105380485",MALINDI_AIRPORT_2_2G,2246
"105390652",MALINDI_TOWN_2G,0
"105390843",MALINDI_VOFEA_4G,706
"105529773",MALINDI_TOWN_2G,1674
"105575300",MALINDI_CHEMBE_2G,1154
"105577695",MALINDI_VOFEA_4G,2290
"105577857",MALINDI_EXCHANGE_2G,2552
"105622495",MALINDI_CHEMBE_2G,668
"105622646",MALINDI_AIRPORT_2_4G,594
"105622844",MALINDI_BAMBINI_2G,90
"105627310",MALINDI_EXCHANGE_2G,422
"105627406",MALINDI_AIRPORT_2_3G,2932
"105659613",MALINDI_EXCHANGE_2G,158
"105659616",MALINDI_AIRPORT_2_2G,
"105659620",MALINDI_BAMBINI_3G,778
"105659631",MALINDI_SABASABA_NGALA_4G,1438
"105661907",MALINDI_VOFEA_2G,146
"105661961",MALINDI_AIRPORT_2_2G,238
"105662085",MALINDI_SABASABA_NGALA_2G,178
"105663714",MALINDI_KISUMU_NDOGO_2G,1012
"105665587",MALINDI_BAMBINI_2G,78
"105665742",MALINDI_BAMBINI_2G,468
"105665812",MALINDI_VOFEA_2G,716
"105673486",MALINDI_TOWN_2G,0
"105728116",MALINDI_EXCHANGE_4G,630
"105740163",MALINDI_AIRPORT_2_2G,496
"105796575",MALINDI_EXCHANGE_2G,38
"105796740",MALINDI_BAMBINI_4G,500
"105799140",MALINDI_KISUMU_NDOGO_3G,920
"105799250",MALINDI_VOFEA_3G,1126
"105807203",MALINDI_SABASABA_NGALA_4G,3052
"105808312",MALINDI_TOWN_2G,2448
"105810016",MALINDI_TOWN_3G,2226
"105810034",MALINDI_BAMBINI_4G,294
"105810093",MALINDI_SABASABA_NGALA_2G,440
"105921853",MALINDI_SABASABA_NGALA_4G,14328
"731030539",MALINDI_EXCHANGE_2G,10
"731037460",MALINDI_CHEMBE_4G,138
"731038151",MALINDI_CHEMBE_3G,904
"731064035",MALINDI_SABASABA_NGALA_4G,2460
"731127503",MALINDI_SABASABA_NGALA_4G,444
"731138359",MALINDI_SABASABA_NGALA_2G,530
"731140472",MALINDI_KISUMU_NDOGO_4G,290
"731211121",MALINDI_VOFEA_3G,2178
"731217512",MALINDI_BAMBINI_3G,440
"731245499",MALINDI_BAMBINI_2G,40
"731254219",MALINDI_SABASABA_NGALA_3G,720
"731272326",MALINDI_BAMBINI_4G,
"731277230",MALINDI_COMPLEX_3G,298
"731305340",MALINDI_SABASABA_NGALA_4G,2190
"731332649",MALINDI_EXCHANGE_2G,40
"731378234",MALINDI_SABASABA_NGALA_4G,8
"731457986",MALINDI_AIRPORT_2_2G,468
"731470071",MALINDI_TOWN_3G,1456
"731495071",MALINDI_KISUMU_NDOGO_2G,150
"731515688",MALINDI_AIRPORT_2_4G,1944
"731517713",MALINDI_BAMBINI_2G,252
"731531716",MALINDI_SABASABA_NGALA_3G,1106
"731581631",MALINDI_KISUMU_NDOGO_2G,48
"731581669",MALINDI_EXCHANGE_4G,3074
"731582511",MALINDI_SABASABA_NGALA_2G,510
"731585709",MALINDI_SABASABA_NGALA_3G,6
"731591193",MALINDI_VOFEA_2G,674
"731605149",MALINDI_CHEMBE_2G,2374
"731658587",MALINDI_KISUMU_NDOGO_3G,1598
"731666422",MALINDI_BAMBINI_4G,2190
"731672902",MALINDI_KISUMU_NDOGO_3G,324
"731672932",MALINDI_TOWN_3G,126
"731673451",MALINDI_EXCHANGE_2G,1440
"731677479",MALINDI_BAMBINI_2G,618
"731678595",MALINDI_AIRPORT_2_4G,4388
"731679078",MALINDI_VOFEA_2G,342
"731684170",MALINDI_VOFEA_4G,992
"731695496",MALINDI_SABASABA_NGALA_2G,198
"731701208",MALINDI_EXCHANGE_2G,194
"731713057",MALINDI_SABASABA_NGALA_2G,428
"731715292",MALINDI_SABASABA_NGALA_4G,3140
"731733917",MALINDI_BAMBINI_2G,356
"731736893",MALINDI_AIRPORT_2_3G,676
"731742255",MALINDI_TOURIST_MARKET_2G,1362
"731750714",MALINDI_AIRPORT_2_4G,1182
"731754097",MALINDI_BAMBINI_3G,
"731755221",MALINDI_VOFEA_4G,2594
"731757255",MALINDI_TOWN_2G,1460
"731758694",MALINDI_AIRPORT_2_2G,258
"731804647",MALINDI_TOURIST_MARKET_3G,7160
"731816775",MALINDI_VOFEA_3G,1206
"731819192",MALINDI_SABASABA_NGALA_4G,1148
"731829654",MALINDI_TOWN_2G,172
"731852971",MALINDI_BAMBINI_4G,606
"731855894",MALINDI_SABASABA_NGALA_4G,1682
"731857869",MALINDI_SABASABA_NGALA_2G,466
"731860722",MALINDI_KISUMU_NDOGO_3G,934
"731898100",MALINDI_CASAURINA_2G,226
"731912168",MALINDI_VOFEA_4G,2246
"731961208",MALINDI_BAMBINI_2G,260
"731966947",MALINDI_TOWN_2G,1672
"732028816",MALINDI_TOWN_2G,
"732046406",MALINDI_VOFEA_4G,1052
"732098966",MALINDI_VOFEA_2G,82
"732211226",MALINDI_BAMBINI_3G,2204
"732211820",MALINDI_CHEMBE_4G,3464
"732231918",MALINDI_CHEMBE_2G,138
"732248897",MALINDI_KISUMU_NDOGO_3G,762
"732251862",MALINDI_AIRPORT_2_3G,2436
"732258197",MALINDI_EXCHANGE_2G,250
"732293060",MALINDI_VOFEA_2G,386
"732293093",MALINDI_AIRPORT_2_4G,2864
"732293577",MALINDI_EXCHANGE_3G,120
"732297734",MALINDI_AIRPORT_2_2G,56
"732308272",MALINDI_VOFEA_4G,700
"732320556",MALINDI_KISUMU_NDOGO_2G,620
"732346954",MALINDI_BAMBINI_2G,110
"732349049",MALINDI_TOURIST_MARKET_2G,
"732351012",MALINDI_SABASABA_NGALA_3G,490
"732354204",MALINDI_CHEMBE_3G,110
"732355717",MALINDI_TOWN_2G,330
"732360778",MALINDI_BAMBINI_2G,416
"732369886",MALINDI_KISUMU_NDOGO_4G,352
"732400008",MALINDI_SABASABA_NGALA_4G,2178
"732421377",MALINDI_KISUMU_NDOGO_2G,692
"732464648",MALINDI_VOFEA_3G,1480
"732499128",MALINDI_KISUMU_NDOGO_2G,1198
"732501843",MALINDI_CHEMBE_2G,222
"732514905",MALINDI_CASAURINA_2G,6
"732515889",MALINDI_AIRPORT_2_2G,60
"732516244",MALINDI_BAMBINI_2G,1332
"732519050",MALINDI_TOURIST_MARKET_2G,112
"732521795",MALINDI_AIRPORT_2_2G,416
"732522221",MALINDI_SABASABA_NGALA_2G,336
"732530931",MALINDI_AIRPORT_2_2G,248
"732558545",MALINDI_BAMBINI_2G,1568
"732563286",MALINDI_KISUMU_NDOGO_2G,
"732573539",MALINDI_TOWN_2G,198
"732587957",MALINDI_SABASABA_NGALA_3G,1066
"732623758",MALINDI_SABASABA_NGALA_2G,4040
"732626460",MALINDI_SABASABA_NGALA_2G,218
"732629471",MALINDI_EXCHANGE_2G,1412
"732642800",MALINDI_CHEMBE_2G,178
"732644708",MALINDI_TOURIST_MARKET_4G,334
"732646103",MALINDI_AIRPORT_2_3G,3696
"732654529",MALINDI_TOWN_2G,196
"732662059",MALINDI_BAMBINI_3G,48
"732663811",MALINDI_SABASABA_NGALA_4G,120
"732668441",MALINDI_COMPLEX_4G,400
"732669798",MALINDI_VOFEA_2G,128
"732677034",MALINDI_TOWN_4G,378
"732690011",MALINDI_BAMBINI_4G,0
"732708302",MALINDI_BAMBINI_4G,
"732735995",MALINDI_TOURIST_MARKET_3G,1488
"732742760",MALINDI_VOFEA_4G,7162
"732753164",MALINDI_SABASABA_NGALA_3G,276
"732773148",MALINDI_VOFEA_4G,4736
"732785452",MALINDI_KISUMU_NDOGO_4G,422
"732789419",MALINDI_SABASABA_NGALA_2G,1018
"732792607",MALINDI_VOFEA_4G,3056
"732792980",MALINDI_VOFEA_2G,418
"732793307",MALINDI_BAMBINI_2G,172
"732794006",MALINDI_KISUMU_NDOGO_3G,580
"732840940",MALINDI_BAMBINI_3G,3760
"732926958",MALINDI_AIRPORT_2_2G,262
"733131806",MALINDI_BAMBINI_3G,3452
"733249557",MALINDI_TOWN_3G,1686
"733275925",MALINDI_VOFEA_4G,44
"733282048",MALINDI_BAMBINI_2G,
"733370348",MALINDI_AIRPORT_2_2G,126
"733374310",MALINDI_EXCHANGE_2G,172
"733399148",MALINDI_AIRPORT_2_4G,1480
"733430661",MALINDI_VOFEA_3G,248
"733448319",MALINDI_EXCHANGE_2G,
"733467524",MALINDI_BAMBINI_3G,260
"733470928",MALINDI_KISUMU_NDOGO_2G,64
"733525211",MALINDI_CASAURINA_4G,428
"733538038",MALINDI_SABASABA_NGALA_4G,388
"733556403",MALINDI_VOFEA_4G,26
"733595909",MALINDI_VOFEA_2G,904
"733615687",MALINDI_VOFEA_3G,6
"733616082",MALINDI_AIRPORT_2_4G,38
"733683439",MALINDI_TOWN_3G,818
"733688509",MALINDI_BAMBINI_2G,270
"733691901",MALINDI_SABASABA_NGALA_3G,660
"733692890",MALINDI_EXCHANGE_4G,388
"733726272",MALINDI_TOWN_3G,1376
"733737217",MALINDI_CHEMBE_2G,550
"733747623",MALINDI_CASAURINA_2G,676
"733748401",MALINDI_SABASABA_NGALA_2G,1000
"733781155",MALINDI_EXCHANGE_2G,520
"733797143",MALINDI_EXCHANGE_2G,1338
"733828669",MALINDI_EXCHANGE_4G,80
"733829098",MALINDI_KISUMU_NDOGO_4G,60
"733830133",MALINDI_CHEMBE_3G,1232
"733879893",MALINDI_CASAURINA_2G,330
"733954534",MALINDI_SABASABA_NGALA_4G,1388
"734013284",MALINDI_VOFEA_2G,796
"734014908",MALINDI_SABASABA_NGALA_2G,1154
"734021879",MALINDI_KISUMU_NDOGO_2G,338
"734051772",MALINDI_TOWN_2G,538
"734059098",MALINDI_VOFEA_2G,728
"734063905",MALINDI_EXCHANGE_2G,1006
"734075924",MALINDI_SABASABA_NGALA_2G,140
"734085362",MALINDI_KISUMU_NDOGO_4G,3624
"734224600",MALINDI_KISUMU_NDOGO_2G,4058
"734232276",MALINDI_SABASABA_NGALA_4G,1240
"734299317",MALINDI_CHEMBE_3G,100
"734321765",MALINDI_KISUMU_NDOGO_3G,590
"734338212",MALINDI_CHEMBE_2G,286
"734359215",MALINDI_AIRPORT_2_2G,
"734367535",MALINDI_BAMBINI_2G,238
"734369986",MALINDI_BAMBINI_3G,340
"734389768",MALINDI_BAMBINI_3G,1480
"734400597",MALINDI_SABASABA_NGALA_4G,3108
"734446371",MALINDI_COMPLEX_3G,1092
"734452281",MALINDI_COMPLEX_4G,4
"734490931",MALINDI_BAMBINI_2G,
"734512973",MALINDI_KISUMU_NDOGO_2G,668
"734517370",MALINDI_VOFEA_4G,1802
"734517984",MALINDI_BAMBINI_2G,34
"734521521",MALINDI_TOWN_3G,1870
"734545817",MALINDI_VOFEA_2G,208
"734550139",MALINDI_CHEMBE_3G,3138
"734550715",MALINDI_CHEMBE_2G,0
"734554080",MALINDI_EXCHANGE_2G,284
"734557678",MALINDI_VOFEA_3G,488
"734558189",MALINDI_AIRPORT_2_4G,516
"734586885",MALINDI_CHEMBE_2G,620
"734588468",MALINDI_KISUMU_NDOGO_2G,18
"734594047",MALINDI_EXCHANGE_2G,18
"734624669",MALINDI_AIRPORT_2_4G,408
"734628631",MALINDI_TOWN_3G,500
"734636360",MALINDI_EXCHANGE_3G,148
"734637999",MALINDI_VOFEA_2G,24
"734699279",MALINDI_EXCHANGE_2G,954
"734738392",MALINDI_EXCHANGE_2G,0
"734782321",MALINDI_CHEMBE_2G,110
"734790151",MALINDI_BAMBINI_2G,1754
"734790978",MALINDI_BAMBINI_2G,90
"734807765",MALINDI_EXCHANGE_4G,612
"734828516",MALINDI_TOWN_2G,576
"734829099",MALINDI_SABASABA_NGALA_2G,
"734871084",MALINDI_AIRPORT_2_2G,0
"734872897",MALINDI_AIRPORT_2_2G,
"734890998",MALINDI_AIRPORT_2_4G,1244
"734921620",MALINDI_KISUMU_NDOGO_2G,46
"734921795",MALINDI_CHEMBE_3G,364
"734922529",MALINDI_AIRPORT_2_4G,986
"734923409",MALINDI_SABASABA_NGALA_2G,144
"734924405",MALINDI_SABASABA_NGALA_2G,522
"734931300",MALINDI_VOFEA_3G,848
"734948085",MALINDI_BAMBINI_2G,252
"734967133",MALINDI_TOWN_2G,1970
"735000488",MALINDI_EXCHANGE_4G,7356
"735007832",MALINDI_EXCHANGE_4G,
"735012676",MALINDI_BAMBINI_2G,200
"735015364",MALINDI_SABASABA_NGALA_2G,92
"735082731",MALINDI_BAMBINI_2G,672
"735106867",MALINDI_AIRPORT_2_2G,806
"735109886",MALINDI_EXCHANGE_4G,1020
"735111040",MALINDI_EXCHANGE_4G,74
"735113843",MALINDI_BAMBINI_2G,36
"735127785",MALINDI_TOWN_2G,402
"735173217",MALINDI_KISUMU_NDOGO_4G,0
"735173777",MALINDI_TOWN_2G,78
"735177493",MALINDI_BAMBINI_2G,492
"735182629",MALINDI_SABASABA_NGALA_3G,3718
"735191025",MALINDI_SABASABA_NGALA_2G,600
"735191187",MALINDI_SABASABA_NGALA_3G,2198
"735209062",MALINDI_KISUMU_NDOGO_2G,138
"735260988",MALINDI_VOFEA_3G,3104
"735317008",MALINDI_TOWN_3G,308
"735345716",MALINDI_VOFEA_4G,
"735349987",MALINDI_CHEMBE_2G,648
"735354123",MALINDI_AIRPORT_2_3G,2766
"735392227",MALINDI_KISUMU_NDOGO_3G,1286
"735395078",MALINDI_TOURIST_MARKET_3G,810
"735423317",MALINDI_SABASABA_NGALA_3G,
"735426977",MALINDI_TOURIST_MARKET_2G,1070
"735434124",MALINDI_EXCHANGE_3G,
"735445881",MALINDI_TOURIST_MARKET_2G,254
"735456848",MALINDI_VOFEA_4G,1824
"735479314",MALINDI_SABASABA_NGALA_2G,788
"735517911",MALINDI_SABASABA_NGALA_2G,1098
"735531043",MALINDI_BAMBINI_2G,606
"735550389",MALINDI_TOWN_2G,912
"735550900",MALINDI_AIRPORT_2_3G,1390
"735563855",MALINDI_EXCHANGE_4G,4280
"735578672",MALINDI_AIRPORT_2_2G,2964
"735583307",MALINDI_EXCHANGE_4G,168
"735588480",MALINDI_VOFEA_3G,
"735597447",MALINDI_VOFEA_2G,
"735600280",MALINDI_SABASABA_NGALA_4G,58
"735604189",MALINDI_TOWN_2G,1852
"735621985",MALINDI_SABASABA_NGALA_4G,
"735624181",MALINDI_EXCHANGE_4G,14
"735628507",MALINDI_BAMBINI_2G,1030
"735641740",MALINDI_SABASABA_NGALA_2G,726
"735657401",MALINDI_TOURIST_MARKET_2G,240
"735662770",MALINDI_TOWN_4G,440
"735669111",MALINDI_KISUMU_NDOGO_2G,20
"735688548",MALINDI_VOFEA_2G,450
"735689963",MALINDI_BAMBINI_3G,106
"735691191",MALINDI_CHEMBE_2G,1260
"735691926",MALINDI_TOWN_4G,654
"735703056",MALINDI_TOWN_2G,140
"735720348",MALINDI_TOWN_4G,20
"735798327",MALINDI_EXCHANGE_2G,218
"735798620",MALINDI_SABASABA_NGALA_2G,400
"735804452",MALINDI_AIRPORT_2_3G,790
"735805752",MALINDI_EXCHANGE_2G,238
"735808487",MALINDI_AIRPORT_2_4G,2074
"735824650",MALINDI_BAMBINI_2G,312
"735845951",MALINDI_TOWN_2G,188
"735848253",MALINDI_SABASABA_NGALA_3G,2000
"735854158",MALINDI_SABASABA_NGALA_2G,140
"735889221",MALINDI_TOWN_2G,976
"735889976",MALINDI_EXCHANGE_4G,272
"735891429",MALINDI_TOURIST_MARKET_4G,18
"735892345",MALINDI_AIRPORT_2_4G,1754
"735913888",MALINDI_TOWN_2G,200
"735920526",MALINDI_SABASABA_NGALA_2G,26
"735920919",MALINDI_VOFEA_2G,162
"735923197",MALINDI_AIRPORT_2_2G,3962
"735927001",MALINDI_TOURIST_MARKET_2G,104
"735927480",MALINDI_TOURIST_MARKET_3G,1152
"735928061",MALINDI_VOFEA_2G,148
"735947710",MALINDI_KISUMU_NDOGO_2G,396
"735951763",MALINDI_TOWN_2G,20
"735953127",MALINDI_EXCHANGE_2G,376
"735953500",MALINDI_EXCHANGE_4G,3280
"735954229",MALINDI_KISUMU_NDOGO_2G,1086
"735957839",MALINDI_BAMBINI_4G,2406
"735973920",MALINDI_AIRPORT_2_2G,92
