"TELEPHONIC_ADDRESS_ID","SITE_NAME","3"
"100135570",MERU_EXCHANGE_2G,648
"100139934",MERU_EAST_2G,68
"100161677",MERU_TOWN_2G,490
"100187070",MERU_TIMBER_3G,156
"100241488",MERU_TIMBER_4G,852
"100267352",MERU_MAKUTANO_4G,500
"100305712",MERU_KIRIENE_4G,660
"100318938",MERU_KIRIENE_4G,464
"100319622",MERU_EAST_2G,202
"100344810",MERU_EAST_2G,114
"100380929",MERU_GIKOROMONE_3G,1428
"100403962",MERU_TIMBER_4G,210
"100447162",METHODIST_UNIVERSITY_MERU_2G,630
"100474243",MERU_GIKOROMONE_3G,766
"100481146",MERU_MAKUTANO_3G,1378
"100484599",MERU_TIMBER_3G,1462
"100498148",MERU_TOWN_2G,530
"100515800",MERU_KIRIENE_4G,862
"100524711",MERU_EAST_2G,348
"100528832",MERU_TOWN_3G,280
"100528920",MERU_TOWN_3G,2114
"100544958",MERU_EAST_2G,376
"100600356",MERU_MAKUTANO_4G,4242
"100604835",MERU_KIRIENE_4G,224
"100640239",MERU_TIMBER_4G,5370
"100683539",MERU_MAKUTANO_4G,1750
"100715263",MERU_TOWN_2G,792
"100727226",MERU_MAKUTANO_3G,1478
"100759296",MERU_MAKUTANO_3G,306
"100759334",MERU_EAST_4G,3432
"100765573",MERU_GIKOROMONE_2G,54
"100780154",METHODIST_UNIVERSITY_MERU_3G,360
"100859621",MERU_MAKUTANO_2G,6
"100883614",MERU_MAKUTANO_4G,2206
"100884040",MERU_EXCHANGE_2G,
"100927051",MERU_KIRIENE_4G,5414
"100976343",METHODIST_UNIVERSITY_MERU_2G,378
"100987466",MERU_MAKUTANO_3G,880
"101008069",MERU_TOWN_2G,844
"101008071",MERU_TIMBER_3G,100
"101010558",MERU_MAKUTANO_3G,1690
"101020996",MERU_TOWN_CENTER_2G,
"101021414",MERU_EXCHANGE_2G,2920
"101022381",MERU_EXCHANGE_4G,800
"101022617",MERU_MAKUTANO_2G,1824
"101022669",MERU_MAKUTANO_4G,276
"101028675",MERU_EXCHANGE_2G,84
"101029743",MERU_EAST_4G,40
"101030273",MERU_MAKUTANO_2G,206
"101030446",MERU_TIMBER_4G,14
"101031637",MERU_TOWN_2G,230
"101035016",MERU_EAST_2G,300
"101045395",MERU_GIKOROMONE_2G,276
"101069676",MERU_TOWN_2G,1012
"101069841",METHODIST_UNIVERSITY_MERU_3G,2478
"101090501",MERU_TIMBER_4G,6288
"101101391",METHODIST_UNIVERSITY_MERU_3G,
"101109947",MERU_TOWN_4G,1982
"101139122",MERU_TIMBER_4G,796
"101142895",MERU_EAST_2G,356
"101151950",MERU_TIMBER_4G,2476
"101157904",MERU_EAST_2G,50
"101165560",MERU_MAKUTANO_4G,3706
"101201147",MERU_GIKOROMONE_2G,90
"101232769",MERU_TOWN_CENTER_3G,920
"101240128",MERU_MAKUTANO_2G,168
"101317017",MERU_GIKOROMONE_4G,192
"101331760",MERU_EAST_3G,1040
"101353675",MERU_TOWN_2G,1158
"101353837",MERU_GIKOROMONE_2G,350
"101401053",METHODIST_UNIVERSITY_MERU_3G,1438
"101405315",MERU_TOWN_4G,2276
"101405965",MERU_TIMBER_2G,284
"101407426",MERU_TOWN_2G,322
"101408825",MERU_EAST_2G,296
"101409087",MERU_EAST_2G,468
"101420238",MERU_TIMBER_4G,502
"101462785",METHODIST_UNIVERSITY_MERU_3G,630
"101474487",MERU_TOWN_2G,298
"101520759",MERU_GIKOROMONE_3G,1032
"101536904",MERU_TIMBER_2G,1740
"101590945",MERU_EAST_3G,1848
"101677825",MERU_GIKOROMONE_2G,3250
"101707310",METHODIST_UNIVERSITY_MERU_2G,1088
"101719788",MERU_TOWN_4G,6218
"101735579",MERU_EAST_3G,
"101740993",MERU_TOWN_CENTER_2G,18
"101741360",MERU_TOWN_4G,
"101741870",METHODIST_UNIVERSITY_MERU_4G,
"101748360",MERU_TOWN_4G,276
"101833155",MERU_TOWN_CENTER_3G,1364
"101838263",MERU_KIRIENE_3G,4478
"101842564",MERU_GIKOROMONE_3G,70
"101868210",MERU_MAKUTANO_2G,606
"101868398",MERU_EAST_2G,60
"101869610",MERU_TIMBER_4G,
"101886248",MERU_EAST_2G,178
"101886456",MERU_GIKOROMONE_2G,1772
"101926981",MERU_TOWN_2G,126
"101946066",METHODIST_UNIVERSITY_MERU_3G,14
"101966423",MERU_EXCHANGE_2G,338
"101966434",MERU_EXCHANGE_2G,18
"101977957",MERU_MAKUTANO_2G,78
"102025859",MERU_MAKUTANO_2G,246
"102083010",MERU_TOWN_4G,66
"102132535",MERU_MAKUTANO_4G,400
"102132635",MERU_EXCHANGE_4G,216
"102132740",MERU_TOWN_4G,38
"102136862",MERU_GIKOROMONE_4G,716
"102136903",MERU_TOWN_2G,202
"102138399",MERU_MAKUTANO_4G,2276
"102138879",MERU_TOWN_4G,
"102138902",MERU_MAKUTANO_3G,2308
"102138975",MERU_MAKUTANO_4G,3648
"102395112",MERU_EAST_2G,978
"102395156",MERU_EAST_2G,976
"102395354",METHODIST_UNIVERSITY_MERU_2G,822
"102402595",MERU_MAKUTANO_2G,740
"102527339",MERU_GIKOROMONE_3G,
"102533724",MERU_MAKUTANO_2G,220
"102605195",METHODIST_UNIVERSITY_MERU_2G,788
"102691381",MERU_TIMBER_3G,3512
"102698582",MERU_TIMBER_3G,1140
"102706880",MERU_EAST_4G,1318
"102707204",MERU_GIKOROMONE_4G,880
"102719074",MERU_TIMBER_3G,304
"102719247",MERU_EAST_2G,1822
"102726252",MERU_EAST_2G,2566
"102746009",MERU_EAST_4G,1042
"102747449",MERU_MAKUTANO_3G,100
"102828535",MERU_TIMBER_2G,1230
"102842302",METHODIST_UNIVERSITY_MERU_4G,140
"102849844",MERU_TIMBER_3G,
"102873502",MERU_TOWN_2G,120
"102880910",MERU_TOWN_2G,98
"102882533",METHODIST_UNIVERSITY_MERU_4G,804
"102914439",MERU_TOWN_3G,1752
"102926382",METHODIST_UNIVERSITY_MERU_4G,328
"102970846",MERU_TOWN_2G,28
"103143542",MERU_EXCHANGE_3G,1896
"103150074",MERU_EXCHANGE_4G,10218
"103175529",MERU_TOWN_CENTER_3G,
"103179920",MERU_GIKOROMONE_2G,486
"103202549",MERU_TIMBER_2G,170
"103250101",MERU_EAST_2G,1048
"103271967",MERU_EAST_2G,478
"103340283",MERU_GIKOROMONE_2G,1798
"103358936",MERU_TOWN_2G,218
"103382490",MERU_TIMBER_3G,1220
"103474724",MERU_TOWN_3G,654
"103486561",MERU_MAKUTANO_2G,266
"103535395",MERU_MAKUTANO_2G,624
"103557168",MERU_TIMBER_4G,4374
"103565728",MERU_EAST_2G,88
"103570166",MERU_EXCHANGE_2G,890
"103585601",MERU_EXCHANGE_3G,2948
"103586808",MERU_EXCHANGE_4G,386
"103604567",MERU_EAST_2G,666
"103611489",MERU_KIRIENE_3G,138
"103679832",MERU_MAKUTANO_2G,1290
"103722376",MERU_TOWN_CENTER_4G,3030
"103761565",MERU_TIMBER_3G,838
"103787608",MERU_EAST_3G,1804
"103862277",MERU_TIMBER_3G,800
"103883430",MERU_TOWN_2G,16
"103948911",MERU_GIKOROMONE_3G,474
"103963129",MERU_MAKUTANO_3G,86
"104161139",MERU_EAST_2G,4986
"104331409",MERU_TIMBER_4G,1966
"104514307",MERU_GIKOROMONE_4G,578
"104853642",MERU_EAST_2G,630
"104867005",MERU_TOWN_4G,2058
"104900698",MERU_MAKUTANO_4G,756
"105161854",MERU_MAKUTANO_4G,
"105223119",MERU_EAST_3G,104
"105223141",MERU_EAST_2G,1422
"105223328",MERU_EXCHANGE_3G,436
"105285241",MERU_MAKUTANO_4G,
"105286007",MERU_TOWN_2G,282
"105316431",MERU_EAST_2G,3672
"105337871",METHODIST_UNIVERSITY_MERU_4G,288
"105351164",MERU_TOWN_3G,766
"105351292",METHODIST_UNIVERSITY_MERU_2G,246
"105364876",MERU_EAST_4G,3120
"105367127",MERU_TOWN_2G,318
"105368317",MERU_TIMBER_2G,600
"105373149",MERU_MAKUTANO_2G,554
"105373552",MERU_TIMBER_2G,248
"105390377",MERU_TOWN_3G,58
"105460866",MERU_EXCHANGE_2G,500
"105463231",MERU_TIMBER_3G,1572
"105508515",MERU_TOWN_2G,446
"105575175",MERU_TOWN_4G,
"105611613",MERU_KIRIENE_4G,160
"105611785",MERU_GIKOROMONE_2G,30
"105613608",MERU_EAST_2G,48
"105613860",MERU_EAST_2G,320
"105617958",MERU_MAKUTANO_2G,268
"105618196",MERU_TIMBER_3G,924
"105619611",MERU_TIMBER_2G,346
"105619790",MERU_GIKOROMONE_4G,954
"105661624",MERU_TIMBER_4G,1996
"105793603",MERU_TOWN_CENTER_2G,
"105805511",MERU_EAST_2G,458
"731026126",MERU_EXCHANGE_2G,410
"731038180",MERU_EAST_2G,158
"731071404",MERU_MAKUTANO_4G,304
"731074648",MERU_TIMBER_4G,2812
"731109586",MERU_TIMBER_2G,354
"731111304",MERU_KIRIENE_2G,834
"731151569",METHODIST_UNIVERSITY_MERU_3G,448
"731192625",MERU_TIMBER_2G,526
"731236464",MERU_TIMBER_4G,1298
"731245315",MERU_MAKUTANO_2G,16
"731279562",MERU_TOWN_4G,5066
"731292199",MERU_EAST_2G,60
"731321564",MERU_MAKUTANO_3G,712
"731329437",MERU_TOWN_2G,430
"731330563",MERU_TOWN_4G,280
"731361910",MERU_MAKUTANO_2G,2
"731373508",MERU_TOWN_CENTER_4G,3208
"731377993",MERU_EAST_2G,54
"731388710",MERU_EAST_3G,1144
"731407011",MERU_MAKUTANO_2G,1692
"731410669",MERU_GIKOROMONE_3G,288
"731416725",MERU_TOWN_CENTER_4G,814
"731436788",MERU_TIMBER_4G,70
"731451120",MERU_MAKUTANO_3G,1886
"731462222",MERU_TOWN_3G,306
"731477693",MERU_TOWN_3G,134
"731494083",MERU_MAKUTANO_2G,54
"731500068",MERU_MAKUTANO_4G,5080
"731505081",METHODIST_UNIVERSITY_MERU_2G,120
"731516772",MERU_TIMBER_4G,1258
"731516783",MERU_EAST_2G,274
"731524163",METHODIST_UNIVERSITY_MERU_2G,220
"731524842",MERU_GIKOROMONE_2G,438
"731526842",MERU_TOWN_2G,100
"731531696",MERU_EAST_2G,740
"731546546",MERU_EAST_2G,204
"731555059",MERU_GIKOROMONE_2G,362
"731560235",MERU_GIKOROMONE_3G,590
"731585907",MERU_TOWN_3G,1384
"731602714",MERU_TIMBER_2G,546
"731616950",MERU_TIMBER_4G,20
"731618798",MERU_TIMBER_2G,1032
"731622061",MERU_EAST_2G,452
"731627806",MERU_EAST_3G,374
"731642203",MERU_EAST_2G,38
"731651943",MERU_EXCHANGE_3G,698
"731675046",MERU_EAST_2G,1222
"731681798",MERU_EAST_2G,618
"731688221",MERU_EAST_2G,1560
"731690614",MERU_KIRIENE_3G,514
"731698264",MERU_TIMBER_3G,744
"731698297",MERU_EXCHANGE_3G,452
"731698705",MERU_TIMBER_4G,1384
"731706076",MERU_GIKOROMONE_3G,472
"731727975",MERU_EAST_4G,280
"731747121",MERU_MAKUTANO_2G,716
"731753968",MERU_MAKUTANO_4G,790
"731792916",MERU_EAST_2G,1322
"731821898",MERU_EAST_2G,690
"731836476",MERU_TOWN_2G,532
"731837957",MERU_KIRIENE_3G,
"731850808",MERU_MAKUTANO_2G,102
"731865504",MERU_EAST_4G,8
"731876035",METHODIST_UNIVERSITY_MERU_4G,2324
"731888248",MERU_TOWN_4G,1180
"731949833",MERU_EAST_2G,256
"731963470",MERU_EXCHANGE_4G,44
"731976047",MERU_TOWN_CENTER_4G,3372
"732001695",MERU_TOWN_2G,2828
"732005850",METHODIST_UNIVERSITY_MERU_4G,770
"732006513",METHODIST_UNIVERSITY_MERU_4G,226
"732029717",MERU_GIKOROMONE_4G,1166
"732038379",MERU_TIMBER_4G,546
"732056747",MERU_GIKOROMONE_4G,2726
"732062357",MERU_TIMBER_3G,718
"732080914",MERU_TOWN_3G,1190
"732083015",MERU_GIKOROMONE_3G,572
"732095313",MERU_MAKUTANO_3G,1442
"732209860",MERU_EAST_2G,502
"732212121",MERU_EAST_3G,2342
"732216755",MERU_TOWN_3G,320
"732224369",MERU_KIRIENE_3G,232
"732246507",MERU_MAKUTANO_4G,82
"732246997",MERU_MAKUTANO_4G,4000
"732247453",MERU_GIKOROMONE_3G,398
"732276289",MERU_EAST_2G,492
"732308221",MERU_MAKUTANO_3G,2430
"732310652",MERU_EAST_2G,420
"732341466",MERU_EAST_2G,
"732345727",MERU_EAST_2G,1068
"732361205",MERU_KIRIENE_3G,696
"732376700",MERU_KIRIENE_3G,1052
"732389961",MERU_KIRIENE_4G,4584
"732401684",METHODIST_UNIVERSITY_MERU_3G,1638
"732402920",MERU_MAKUTANO_3G,1280
"732404778",METHODIST_UNIVERSITY_MERU_4G,4058
"732433737",MERU_TIMBER_2G,750
"732466192",MERU_TOWN_2G,
"732468395",MERU_MAKUTANO_4G,1398
"732507730",MERU_TOWN_3G,1816
"732516478",MERU_EXCHANGE_2G,140
"732524477",MERU_GIKOROMONE_3G,40
"732539606",MERU_MAKUTANO_2G,660
"732542083",METHODIST_UNIVERSITY_MERU_2G,354
"732556037",MERU_TOWN_3G,200
"732577459",MERU_EAST_2G,
"732589864",MERU_MAKUTANO_3G,1564
"732595139",MERU_EAST_2G,
"732595681",MERU_TOWN_CENTER_2G,0
"732596663",MERU_TOWN_3G,
"732608964",MERU_EAST_2G,294
"732609373",MERU_TIMBER_2G,
"732610321",MERU_TOWN_2G,94
"732619157",MERU_TIMBER_4G,4716
"732629810",MERU_EAST_3G,3444
"732634250",MERU_GIKOROMONE_2G,358
"732651854",MERU_EAST_2G,470
"732653690",MERU_MAKUTANO_3G,4828
"732689686",MERU_EAST_3G,2860
"732708455",MERU_GIKOROMONE_4G,278
"732715031",MERU_MAKUTANO_3G,
"732724502",MERU_EAST_2G,174
"732729539",MERU_KIRIENE_4G,
"732758866",MERU_MAKUTANO_3G,426
"732768453",MERU_KIRIENE_3G,96
"732770730",MERU_EAST_4G,18
"732771244",MERU_EXCHANGE_3G,200
"732771528",MERU_EAST_2G,132
"732774837",MERU_MAKUTANO_3G,24
"732843039",MERU_TOWN_2G,836
"732849552",MERU_EAST_2G,240
"732851577",MERU_TOWN_2G,934
"732857163",MERU_TOWN_4G,840
"732860768",MERU_EAST_2G,104
"732869421",MERU_MAKUTANO_2G,132
"732873354",MERU_EAST_3G,58
"732875051",MERU_TOWN_4G,1106
"732887024",MERU_TIMBER_4G,10292
"732891600",METHODIST_UNIVERSITY_MERU_4G,2070
"732898265",MERU_KIRIENE_4G,4418
"732924763",MERU_GIKOROMONE_3G,988
"732958369",MERU_EAST_2G,162
"732962704",MERU_MAKUTANO_2G,1128
"732983626",MERU_EAST_3G,298
"732991093",MERU_EAST_3G,200
"733185308",MERU_EXCHANGE_4G,492
"733200919",MERU_EAST_2G,12
"733231076",MERU_MAKUTANO_3G,720
"733258207",MERU_TIMBER_3G,2434
"733266494",MERU_MAKUTANO_2G,1134
"733274416",MERU_EAST_4G,
"733274695",MERU_GIKOROMONE_3G,600
"733275796",MERU_EAST_2G,26
"733282849",MERU_EAST_2G,226
"733296407",MERU_EAST_2G,1490
"733299950",MERU_TOWN_4G,404
"733343148",MERU_EAST_2G,
"733379286",MERU_TOWN_2G,400
"733416807",MERU_EAST_2G,0
"733419416",MERU_MAKUTANO_4G,3462
"733495739",MERU_MAKUTANO_2G,210
"733503165",MERU_TOWN_2G,186
"733534790",MERU_TOWN_4G,480
"733536284",MERU_TOWN_3G,620
"733537365",MERU_GIKOROMONE_3G,676
"733540180",MERU_KIRIENE_4G,8
"733560035",MERU_KIRIENE_2G,372
"733561066",MERU_EXCHANGE_2G,356
"733565983",MERU_EAST_4G,640
"733571524",MERU_EAST_2G,2036
"733598470",MERU_EAST_4G,340
"733614537",MERU_EAST_2G,118
"733616849",MERU_TIMBER_2G,82
"733631164",MERU_TOWN_2G,934
"733631205",MERU_MAKUTANO_4G,600
"733663043",MERU_GIKOROMONE_3G,574
"733680210",MERU_EAST_3G,2262
"733722988",MERU_MAKUTANO_2G,48
"733728014",MERU_EAST_3G,16
"733733750",MERU_MAKUTANO_2G,762
"733748817",METHODIST_UNIVERSITY_MERU_4G,94
"733782133",MERU_TIMBER_2G,
"733804912",METHODIST_UNIVERSITY_MERU_3G,160
"733813899",MERU_EXCHANGE_3G,1068
"733816292",MERU_EAST_2G,752
"733816906",MERU_EXCHANGE_4G,7028
"733828735",MERU_TOWN_4G,2430
"733844738",MERU_EAST_3G,928
"733862283",MERU_EAST_2G,190
"733871256",MERU_MAKUTANO_2G,782
"733898921",MERU_TIMBER_2G,390
"733927105",MERU_TOWN_CENTER_2G,22
"733950638",MERU_EAST_4G,670
"733954790",MERU_GIKOROMONE_3G,592
"733967800",METHODIST_UNIVERSITY_MERU_4G,60
"734014225",MERU_EXCHANGE_3G,176
"734017954",MERU_TOWN_2G,2044
"734019332",MERU_EAST_2G,132
"734027539",MERU_GIKOROMONE_4G,688
"734032596",MERU_MAKUTANO_3G,1234
"734039345",MERU_KIRIENE_2G,1346
"734061903",MERU_EAST_3G,1524
"734091717",MERU_EAST_2G,
"734135372",MERU_EAST_3G,1122
"734200967",MERU_TIMBER_3G,1428
"734247042",MERU_KIRIENE_3G,1152
"734255612",MERU_MAKUTANO_2G,7116
"734256001",MERU_TIMBER_2G,1390
"734273135",MERU_EAST_2G,84
"734300829",MERU_EAST_2G,2260
"734315626",MERU_EXCHANGE_3G,718
"734323282",MERU_MAKUTANO_2G,850
"734348227",MERU_TOWN_3G,1174
"734358007",MERU_MAKUTANO_2G,354
"734370242",MERU_GIKOROMONE_2G,212
"734380387",MERU_GIKOROMONE_2G,510
"734380563",MERU_GIKOROMONE_3G,300
"734420146",MERU_EXCHANGE_2G,234
"734439004",MERU_EAST_4G,1562
"734455868",MERU_EAST_2G,238
"734469333",MERU_MAKUTANO_3G,632
"734502473",METHODIST_UNIVERSITY_MERU_3G,16
"734514824",MERU_EAST_2G,
"734548207",METHODIST_UNIVERSITY_MERU_2G,1404
"734549960",MERU_MAKUTANO_2G,188
"734551340",MERU_MAKUTANO_4G,514
"734569833",MERU_MAKUTANO_4G,1992
"734571199",MERU_EAST_2G,1018
"734571599",MERU_MAKUTANO_4G,1378
"734572893",MERU_EAST_3G,396
"734573766",MERU_EAST_3G,714
"734584775",MERU_EXCHANGE_4G,976
"734586551",MERU_GIKOROMONE_4G,1756
"734607016",METHODIST_UNIVERSITY_MERU_4G,2572
"734648439",MERU_EAST_4G,296
"734679628",MERU_TIMBER_3G,1490
"734690038",MERU_TIMBER_4G,338
"734694507",MERU_EXCHANGE_4G,18
"734700729",MERU_TOWN_CENTER_4G,714
"734707346",MERU_TOWN_2G,246
"734728452",MERU_TOWN_4G,298
"734747077",MERU_MAKUTANO_4G,1912
"734777145",MERU_MAKUTANO_4G,2902
"734790799",MERU_TOWN_4G,3164
"734796151",MERU_TIMBER_4G,400
"734797144",MERU_TOWN_4G,0
"734800228",MERU_GIKOROMONE_4G,796
"734807538",MERU_TIMBER_2G,884
"734822494",MERU_TOWN_CENTER_4G,138
"734824217",MERU_TIMBER_2G,158
"734836790",MERU_MAKUTANO_2G,22
"734838397",MERU_TIMBER_4G,1404
"734846874",MERU_TOWN_3G,2250
"734858430",MERU_TOWN_2G,0
"734858438",MERU_EAST_4G,692
"734886739",MERU_TIMBER_3G,236
"734900515",MERU_EAST_2G,302
"734910221",MERU_EAST_2G,68
"734924819",MERU_TOWN_2G,380
"734935146",MERU_EXCHANGE_2G,1240
"734976204",MERU_MAKUTANO_3G,1312
"734998854",MERU_TOWN_4G,400
"735003343",MERU_KIRIENE_3G,464
"735018381",MERU_TOWN_CENTER_3G,1020
"735044365",MERU_EAST_3G,206
"735087954",MERU_GIKOROMONE_4G,4382
"735099011",MERU_TIMBER_3G,486
"735107914",METHODIST_UNIVERSITY_MERU_4G,2028
"735109677",MERU_GIKOROMONE_4G,1100
"735113223",MERU_TIMBER_3G,100
"735115467",MERU_EAST_2G,706
"735117280",MERU_TOWN_CENTER_4G,2360
"735118210",MERU_TOWN_3G,1260
"735126104",MERU_MAKUTANO_3G,558
"735131245",MERU_EAST_4G,952
"735168923",MERU_EAST_4G,40
"735194669",MERU_TOWN_2G,1066
"735206623",MERU_GIKOROMONE_2G,62
"735207247",MERU_MAKUTANO_2G,150
"735208091",MERU_TOWN_CENTER_3G,354
"735211012",MERU_MAKUTANO_4G,248
"735215835",MERU_MAKUTANO_2G,832
"735221324",MERU_TIMBER_2G,474
"735241418",MERU_MAKUTANO_2G,324
"735249703",MERU_TOWN_4G,2140
"735265239",MERU_EAST_4G,684
"735271931",MERU_TOWN_2G,316
"735273987",MERU_MAKUTANO_3G,534
"735297738",MERU_TOWN_2G,538
"735320792",MERU_MAKUTANO_3G,448
"735322175",MERU_EAST_2G,380
"735350021",MERU_TOWN_3G,
"735361441",MERU_TOWN_2G,238
"735373863",MERU_MAKUTANO_3G,760
"735380657",MERU_TOWN_4G,2100
"735407338",MERU_EAST_3G,2076
