"TELEPHONIC_ADDRESS_ID","SITE_NAME","3"
"100165982",MIGORI_TOWN_3G,8694
"100548911",MIGORI_TOWN_2G,2168
"100689099",MIGORI_NAMBA_4G,2822
"100709059",MIGORI_OMBO_4G,2634
"101397087",MIGORI_OMBO_4G,3266
"101622028",MIGORI_TOWN_3G,6880
"101837051",MIGORI_OMBO_3G,2168
"102390553",MIGORI_OMBO_3G,5648
"103275580",MIGORI_NAMBA_2G,4682
"105026145",MIGORI_NAMBA_3G,2596
"105703753",MIGORI_TOWN_3G,2334
"731506677",MIGORI_OMBO_3G,2090
"731633864",MIGORI_OMBO_4G,6400
"732067900",MIGORI_OMBO_3G,4226
"732409456",MIGORI_NAMBA_2G,2880
"732598747",MIGORI_OMBO_2G,2664
"732705690",MIGORI_TOWN_2G,3496
"732859825",MIGORI_TOWN_4G,2090
"734554344",MIGORI_OMBO_4G,2100
"734806381",MIGORI_OMBO_2G,2720
"734851622",MIGORI_TOWN_ALLANDICK_2G,3422
"735072644",MIGORI_TOWN_3G,2500
"735258341",MIGORI_OMBO_4G,2048
"735461930",MIGORI_TOWN_ALLANDICK_2G,4150
"736075253",MIGORI_TOWN_ALLANDICK_3G,2204
"736866493",MIGORI_TOWN_4G,3472
"736964762",MIGORI_TOWN_4G,2710
"737702220",MIGORI_OMBO_3G,2984
"737830132",MIGORI_OMBO_3G,2560
"738525650",MIGORI_TOWN_4G,2616
"739241375",MIGORI_OMBO_3G,2702
"739394194",MIGORI_OMBO_4G,3412
"739505156",MIGORI_TOWN_ALLANDICK_3G,2926
"739613259",MIGORI_NAMBA_4G,2494
"750071004",MIGORI_NAMBA_4G,5022
"750624666",MIGORI_OMBO_4G,2480
"750997710",MIGORI_TOWN_ALLANDICK_3G,5644
"751043228",MIGORI_TOWN_ALLANDICK_3G,3746
"751204743",MIGORI_OMBO_3G,2692
"751423934",MIGORI_TOWN_2G,2728
"751849517",MIGORI_OMBO_3G,2394
"751861835",MIGORI_OMBO_4G,2496
"751927371",MIGORI_OMBO_2G,3616
"752128372",MIGORI_OMBO_4G,2178
"752145897",MIGORI_OMBO_3G,7750
"752159653",MIGORI_TOWN_2G,3248
"752593833",MIGORI_TOWN_3G,4374
"753047763",MIGORI_OMBO_4G,7402
"753130626",MIGORI_OMBO_2G,2266
"753353310",MIGORI_TOWN_ALLANDICK_4G,4590
"753721392",MIGORI_TOWN_3G,3872
"754045951",MIGORI_TOWN_3G,2898
"754345165",MIGORI_NAMBA_4G,2494
"754785034",MIGORI_OMBO_4G,3434
"754801802",MIGORI_TOWN_4G,3260
"754827865",MIGORI_TOWN_4G,4694
"754955142",MIGORI_OMBO_4G,2490
"754958736",MIGORI_NAMBA_4G,4464
"755362977",MIGORI_TOWN_3G,2500
"755624715",MIGORI_TOWN_ALLANDICK_2G,2438
"756227654",MIGORI_TOWN_2G,2136
"756407142",MIGORI_TOWN_ALLANDICK_3G,3154
"756746001",MIGORI_OMBO_2G,2262
"756969400",MIGORI_TOWN_ALLANDICK_3G,7316
"762342897",MIGORI_OMBO_4G,2958
"762432322",MIGORI_OMBO_4G,3204
"762660591",MIGORI_OMBO_2G,3194
"762790071",MIGORI_TOWN_3G,2066
"780754268",MIGORI_OMBO_4G,5522
"781593989",MIGORI_OMBO_2G,3710
"781930121",MIGORI_TOWN_ALLANDICK_2G,3230
"781932025",MIGORI_NAMBA_4G,5480
"782199381",MIGORI_OMBO_3G,3618
"783425009",MIGORI_NAMBA_3G,2496
"783846103",MIGORI_OMBO_4G,2382
"784213689",MIGORI_OMBO_4G,2752
"784445443",MIGORI_OMBO_3G,2618
"784898673",MIGORI_TOWN_ALLANDICK_3G,3448
"785183122",MIGORI_TOWN_ALLANDICK_3G,2640
"785529115",MIGORI_TOWN_2G,2530
"785829986",MIGORI_OMBO_2G,2186
"785876203",MIGORI_NAMBA_2G,2538
"786400249",MIGORI_OMBO_4G,2220
"786403704",MIGORI_TOWN_4G,2546
"786973396",MIGORI_TOWN_3G,2034
"787341825",MIGORI_OMBO_3G,3594
"787396569",MIGORI_TOWN_3G,3384
"788697688",MIGORI_OMBO_2G,2672
"789430826",MIGORI_OMBO_3G,2204
"789746270",MIGORI_OMBO_2G,2450
"789766199",MIGORI_TOWN_3G,3200
"100258485",MIGORI_OMBO_3G,2152
"100686763",MIGORI_TOWN_4G,2506
"100810098",MIGORI_OMBO_2G,2566
"101040634",MIGORI_OMBO_4G,4698
"101832307",MIGORI_OMBO_4G,7172
"101835097",MIGORI_OMBO_4G,3776
"102415928",MIGORI_TOWN_2G,2204
"103876970",MIGORI_NAMBA_4G,4962
"105367494",MIGORI_TOWN_ALLANDICK_4G,2500
"731079114",MIGORI_TOWN_3G,2652
"731395646",MIGORI_TOWN_4G,3600
"731449290",MIGORI_OMBO_4G,2018
"731519793",MIGORI_NAMBA_3G,2568
"731629159",MIGORI_NAMBA_4G,4302
"731629254",MIGORI_NAMBA_2G,2350
"731718260",MIGORI_TOWN_ALLANDICK_2G,2010
"731879306",MIGORI_OMBO_4G,4320
"732491327",MIGORI_TOWN_4G,5254
"733151330",MIGORI_TOWN_ALLANDICK_4G,8792
"733837784",MIGORI_TOWN_4G,3890
"734381668",MIGORI_OMBO_3G,2218
"734421845",MIGORI_OMBO_4G,4040
"734461685",MIGORI_OMBO_4G,2700
"734930479",MIGORI_NAMBA_3G,2628
"734995765",MIGORI_OMBO_4G,2798
"735207767",MIGORI_OMBO_2G,2038
"735378874",MIGORI_TOWN_4G,2290
"735748478",MIGORI_TOWN_3G,2378
"736504917",MIGORI_TOWN_4G,3498
"737015050",MIGORI_TOWN_ALLANDICK_2G,4058
"737292378",MIGORI_TOWN_2G,2228
"737304336",MIGORI_TOWN_4G,4298
"737683991",MIGORI_TOWN_4G,3036
"737824737",MIGORI_OMBO_4G,5438
"737987268",MIGORI_NAMBA_3G,2280
"738486281",MIGORI_TOWN_4G,3040
"739210686",MIGORI_OMBO_3G,2406
"739332798",MIGORI_OMBO_2G,2468
"739514442",MIGORI_OMBO_4G,2778
"739938895",MIGORI_TOWN_ALLANDICK_4G,3100
"750200685",MIGORI_OMBO_4G,2766
"750399324",MIGORI_OMBO_4G,3006
"750512483",MIGORI_TOWN_3G,2160
"750550097",MIGORI_OMBO_4G,2800
"750915633",MIGORI_OMBO_4G,3980
"750985001",MIGORI_OMBO_4G,2500
"751154807",MIGORI_TOWN_3G,2058
"751207264",MIGORI_NAMBA_3G,4362
"751283783",MIGORI_OMBO_4G,5128
"751778198",MIGORI_TOWN_2G,3416
"751806964",MIGORI_NAMBA_2G,5086
"751929309",MIGORI_TOWN_ALLANDICK_3G,3194
"752146763",MIGORI_OMBO_4G,3576
"752286558",MIGORI_TOWN_ALLANDICK_2G,4670
"753054399",MIGORI_NAMBA_2G,4160
"753363505",MIGORI_OMBO_3G,2868
"753564613",MIGORI_TOWN_4G,2034
"753601328",MIGORI_OMBO_4G,6336
"753851820",MIGORI_OMBO_2G,2734
"753852220",MIGORI_OMBO_3G,3854
"753856818",MIGORI_TOWN_ALLANDICK_2G,2096
"754081800",MIGORI_TOWN_2G,2390
"754642771",MIGORI_TOWN_2G,2748
"754668902",MIGORI_TOWN_3G,3196
"755242134",MIGORI_NAMBA_4G,2046
"755494945",MIGORI_NAMBA_3G,2390
"755578157",MIGORI_OMBO_3G,2282
"755918192",MIGORI_TOWN_2G,2316
"756312570",MIGORI_NAMBA_3G,3798
"756877137",MIGORI_TOWN_4G,2736
"762069215",MIGORI_TOWN_ALLANDICK_3G,2128
"762228707",MIGORI_OMBO_4G,3146
"762270416",MIGORI_TOWN_4G,2790
"762604023",MIGORI_TOWN_2G,2148
"762643954",MIGORI_OMBO_3G,2486
"780349304",MIGORI_TOWN_ALLANDICK_3G,4772
"780500530",MIGORI_OMBO_3G,4436
"780609859",MIGORI_TOWN_3G,2344
"781059651",MIGORI_NAMBA_2G,3144
"781104818",MIGORI_OMBO_2G,4254
"781828645",MIGORI_OMBO_4G,2668
"781873883",MIGORI_OMBO_4G,4080
"782595090",MIGORI_OMBO_4G,2398
"782667114",MIGORI_TOWN_3G,5832
"783213099",MIGORI_OMBO_3G,2130
"783328115",MIGORI_TOWN_2G,2080
"783380887",MIGORI_OMBO_3G,4434
"783438165",MIGORI_OMBO_2G,3168
"784290332",MIGORI_NAMBA_4G,4256
"784309606",MIGORI_TOWN_ALLANDICK_2G,2412
"784437446",MIGORI_TOWN_3G,3316
"784542693",MIGORI_TOWN_3G,5436
"784756032",MIGORI_TOWN_ALLANDICK_3G,5570
"785170271",MIGORI_OMBO_3G,3020
"785658438",MIGORI_TOWN_4G,2150
"786220128",MIGORI_TOWN_3G,4910
"786312078",MIGORI_OMBO_3G,2886
"786748853",MIGORI_TOWN_4G,2596
"787363779",MIGORI_OMBO_3G,3786
"787472663",MIGORI_OMBO_3G,2102
"787783743",MIGORI_NAMBA_3G,4568
"788800988",MIGORI_TOWN_3G,2328
"789231550",MIGORI_TOWN_ALLANDICK_3G,3748
"789321729",MIGORI_TOWN_ALLANDICK_3G,4716
"100335218",MIGORI_TOWN_4G,2082
"100716126",MIGORI_TOWN_ALLANDICK_4G,3320
"101621967",MIGORI_OMBO_4G,2758
"102390362",MIGORI_TOWN_2G,2864
"105376162",MIGORI_OMBO_2G,2328
"731060366",MIGORI_OMBO_4G,3246
"731088552",MIGORI_TOWN_3G,3820
"731219353",MIGORI_TOWN_2G,2266
"731549900",MIGORI_TOWN_3G,5904
"732024327",MIGORI_TOWN_2G,4354
"732389235",MIGORI_TOWN_3G,2938
"732749610",MIGORI_OMBO_3G,2964
"732869322",MIGORI_TOWN_ALLANDICK_4G,2764
"734357452",MIGORI_NAMBA_2G,2806
"734598178",MIGORI_NAMBA_3G,2788
"734624534",MIGORI_NAMBA_3G,2556
"735266895",MIGORI_TOWN_2G,3502
"736337867",MIGORI_TOWN_ALLANDICK_4G,2104
"736383282",MIGORI_TOWN_4G,2376
"736551124",MIGORI_TOWN_2G,2642
"736553055",MIGORI_OMBO_2G,11274
"736805783",MIGORI_TOWN_ALLANDICK_2G,2906
"736962582",MIGORI_TOWN_3G,5358
"737194951",MIGORI_OMBO_2G,5312
"737306400",MIGORI_TOWN_2G,2156
"737517768",MIGORI_NAMBA_4G,2356
"737827292",MIGORI_TOWN_ALLANDICK_4G,3122
"738551629",MIGORI_OMBO_4G,6400
"738643678",MIGORI_TOWN_3G,4950
"738997256",MIGORI_TOWN_3G,4714
"739520884",MIGORI_OMBO_4G,2788
"739533982",MIGORI_OMBO_3G,7864
"739868870",MIGORI_OMBO_3G,2280
"739883455",MIGORI_TOWN_4G,3616
"739984845",MIGORI_OMBO_2G,4400
"750297832",MIGORI_OMBO_2G,3028
"750582194",MIGORI_TOWN_3G,3680
"750998045",MIGORI_TOWN_3G,4416
"751290290",MIGORI_TOWN_3G,2498
"752196263",MIGORI_TOWN_3G,4184
"752323286",MIGORI_NAMBA_2G,2014
"752868351",MIGORI_OMBO_3G,5020
"753133815",MIGORI_TOWN_4G,4098
"753178626",MIGORI_TOWN_3G,2500
"753242897",MIGORI_OMBO_4G,4256
"753319503",MIGORI_TOWN_4G,2750
"754081280",MIGORI_TOWN_3G,2966
"754576831",MIGORI_TOWN_3G,2960
"754838742",MIGORI_TOWN_4G,2992
"755089412",MIGORI_NAMBA_4G,2080
"755416813",MIGORI_NAMBA_4G,3024
"755945035",MIGORI_OMBO_4G,2534
"755988323",MIGORI_OMBO_2G,5094
"756162321",MIGORI_TOWN_4G,3556
"762502031",MIGORI_TOWN_2G,3754
"762502127",MIGORI_OMBO_4G,2558
"762959002",MIGORI_TOWN_ALLANDICK_3G,2306
"780589081",MIGORI_TOWN_ALLANDICK_3G,3364
"780605586",MIGORI_TOWN_3G,2084
"780902146",MIGORI_OMBO_2G,2072
"781679061",MIGORI_TOWN_3G,5680
"782271961",MIGORI_TOWN_4G,2178
"783154996",MIGORI_TOWN_ALLANDICK_2G,3258
"783361870",MIGORI_TOWN_4G,9084
"783955597",MIGORI_TOWN_ALLANDICK_2G,3438
"784845704",MIGORI_OMBO_3G,5352
"784854460",MIGORI_OMBO_3G,4360
"784921575",MIGORI_TOWN_3G,2876
"785265196",MIGORI_NAMBA_4G,2008
"785733138",MIGORI_OMBO_4G,2994
"785833202",MIGORI_TOWN_ALLANDICK_4G,2920
"786219627",MIGORI_TOWN_ALLANDICK_3G,3428
"786284275",MIGORI_OMBO_4G,2950
"786303534",MIGORI_TOWN_3G,4298
"786601902",MIGORI_TOWN_4G,6762
"786850900",MIGORI_TOWN_ALLANDICK_3G,4918
"787284082",MIGORI_TOWN_3G,4766
"787782131",MIGORI_TOWN_2G,4780
"789459262",MIGORI_NAMBA_4G,3150
"789671814",MIGORI_TOWN_2G,2636
"100850592",MIGORI_TOWN_ALLANDICK_4G,3108
"100910512",MIGORI_TOWN_3G,3096
"101518582",MIGORI_OMBO_2G,2986
"102445443",MIGORI_OMBO_4G,2080
"102467066",MIGORI_TOWN_3G,3356
"103397766",MIGORI_NAMBA_2G,2548
"103422981",MIGORI_TOWN_ALLANDICK_4G,9364
"105257213",MIGORI_TOWN_2G,2088
"105360026",MIGORI_TOWN_3G,2486
"731079554",MIGORI_OMBO_3G,2240
"731279949",MIGORI_TOWN_4G,3268
"731290730",MIGORI_OMBO_3G,2844
"731364946",MIGORI_TOWN_4G,8010
"732818162",MIGORI_TOWN_3G,3288
"733465978",MIGORI_TOWN_2G,2898
"733499290",MIGORI_TOWN_3G,3320
"733519187",MIGORI_OMBO_3G,4060
"735988830",MIGORI_OMBO_4G,2464
"736006002",MIGORI_OMBO_4G,2882
"736189164",MIGORI_OMBO_4G,2366
"736569976",MIGORI_TOWN_3G,2950
"736711988",MIGORI_TOWN_4G,3238
"737184525",MIGORI_NAMBA_2G,2982
"737261387",MIGORI_TOWN_ALLANDICK_4G,4800
"737293198",MIGORI_OMBO_3G,2204
"738152058",MIGORI_OMBO_4G,8722
"738289054",MIGORI_OMBO_2G,2292
"738547439",MIGORI_NAMBA_4G,3258
"738602632",MIGORI_OMBO_2G,2074
"738790347",MIGORI_OMBO_4G,2908
"738934663",MIGORI_TOWN_3G,6278
"739063514",MIGORI_TOWN_3G,2292
"739371333",MIGORI_NAMBA_3G,2166
"739495820",MIGORI_TOWN_ALLANDICK_4G,3912
"739620106",MIGORI_OMBO_4G,2074
"739843716",MIGORI_OMBO_2G,2288
"750097635",MIGORI_TOWN_ALLANDICK_3G,2724
"750196728",MIGORI_OMBO_3G,2946
"750967131",MIGORI_TOWN_ALLANDICK_4G,2036
"751192020",MIGORI_OMBO_4G,3206
"751417175",MIGORI_OMBO_3G,4000
"751773715",MIGORI_TOWN_3G,3620
"752039266",MIGORI_NAMBA_2G,2116
"752301477",MIGORI_OMBO_3G,3526
"752563064",MIGORI_TOWN_3G,5722
"753039172",MIGORI_TOWN_3G,2420
"753145945",MIGORI_OMBO_3G,4000
"753319412",MIGORI_OMBO_3G,3680
"753400440",MIGORI_TOWN_4G,2146
"753472742",MIGORI_OMBO_3G,2606
"753496169",MIGORI_TOWN_ALLANDICK_3G,6076
"753769127",MIGORI_TOWN_ALLANDICK_4G,5056
"754079528",MIGORI_TOWN_4G,2040
"754284777",MIGORI_OMBO_3G,2028
"754325773",MIGORI_TOWN_3G,2740
"754987627",MIGORI_TOWN_4G,3244
"755433347",MIGORI_TOWN_3G,9304
"755478771",MIGORI_OMBO_3G,2082
"755594743",MIGORI_OMBO_2G,3054
"755984103",MIGORI_OMBO_4G,8900
"756314005",MIGORI_TOWN_ALLANDICK_2G,2428
"756375236",MIGORI_TOWN_4G,8116
"756426985",MIGORI_NAMBA_4G,2448
"762271937",MIGORI_OMBO_4G,2432
"780002966",MIGORI_OMBO_4G,2332
"780210455",MIGORI_OMBO_3G,6336
"780263852",MIGORI_OMBO_2G,2406
"780318967",MIGORI_NAMBA_4G,2210
"780336609",MIGORI_TOWN_ALLANDICK_4G,2238
"780437640",MIGORI_NAMBA_4G,2042
"780820742",MIGORI_OMBO_2G,5706
"780865174",MIGORI_TOWN_3G,2126
"780955494",MIGORI_TOWN_4G,7048
"781028495",MIGORI_TOWN_4G,3148
"781102864",MIGORI_TOWN_ALLANDICK_4G,2060
"781193570",MIGORI_TOWN_4G,3434
"781337964",MIGORI_OMBO_3G,7086
"782294474",MIGORI_OMBO_2G,2376
"782484632",MIGORI_TOWN_3G,2656
"782514390",MIGORI_NAMBA_3G,3104
"783127925",MIGORI_TOWN_ALLANDICK_3G,3868
"783356371",MIGORI_OMBO_4G,2940
"784026349",MIGORI_TOWN_ALLANDICK_4G,4000
"785008286",MIGORI_TOWN_3G,3092
"785393717",MIGORI_TOWN_4G,6326
"785756815",MIGORI_TOWN_4G,2318
"786236397",MIGORI_OMBO_4G,3568
"787330740",MIGORI_TOWN_ALLANDICK_3G,2214
"787471449",MIGORI_TOWN_3G,2898
"787948141",MIGORI_NAMBA_3G,2960
"788033876",MIGORI_OMBO_2G,2232
"788033998",MIGORI_TOWN_ALLANDICK_2G,2736
"788289151",MIGORI_OMBO_3G,2300
"788642942",MIGORI_TOWN_ALLANDICK_3G,2518
"788807674",MIGORI_OMBO_4G,2792
"788865889",MIGORI_OMBO_2G,2840
"789233204",MIGORI_OMBO_3G,2454
"789546248",MIGORI_TOWN_ALLANDICK_2G,3700
"100448841",MIGORI_TOWN_4G,2690
"100469095",MIGORI_OMBO_2G,3494
"101288039",MIGORI_TOWN_ALLANDICK_3G,3060
"101791985",MIGORI_NAMBA_4G,4220
"101988396",MIGORI_TOWN_ALLANDICK_2G,3390
"102796472",MIGORI_NAMBA_3G,3212
"103207463",MIGORI_TOWN_ALLANDICK_2G,3408
"105884166",MIGORI_OMBO_4G,3728
"731407304",MIGORI_OMBO_4G,4982
"731520354",MIGORI_OMBO_2G,2430
"731674535",MIGORI_OMBO_3G,3302
"731856880",MIGORI_TOWN_4G,2082
"731889629",MIGORI_TOWN_4G,4426
"732022616",MIGORI_TOWN_3G,5774
"732036784",MIGORI_TOWN_2G,4820
"732525575",MIGORI_TOWN_4G,2120
"732728210",MIGORI_OMBO_4G,2090
"733403759",MIGORI_OMBO_4G,2626
"733525700",MIGORI_NAMBA_4G,4000
"733646579",MIGORI_TOWN_ALLANDICK_3G,2018
"733908475",MIGORI_TOWN_ALLANDICK_3G,2358
"733959224",MIGORI_OMBO_3G,2698
"734975298",MIGORI_OMBO_3G,2540
"735463950",MIGORI_TOWN_3G,2194
"735889075",MIGORI_TOWN_4G,2002
"735916673",MIGORI_OMBO_4G,2228
"736062116",MIGORI_TOWN_2G,5422
"736215714",MIGORI_TOWN_ALLANDICK_3G,3412
"736317732",MIGORI_TOWN_ALLANDICK_4G,5868
"737360096",MIGORI_OMBO_4G,2014
"737612040",MIGORI_OMBO_2G,2754
"739249341",MIGORI_NAMBA_4G,3104
"739338244",MIGORI_OMBO_2G,2596
"739444713",MIGORI_TOWN_ALLANDICK_2G,3018
"739467826",MIGORI_NAMBA_4G,5402
"739510749",MIGORI_OMBO_2G,2146
"739747219",MIGORI_NAMBA_4G,2482
"739909091",MIGORI_TOWN_ALLANDICK_3G,2364
"750108362",MIGORI_TOWN_ALLANDICK_3G,2108
"750313250",MIGORI_TOWN_4G,4144
"750417124",MIGORI_OMBO_4G,6210
"750630077",MIGORI_TOWN_3G,2352
"750631887",MIGORI_NAMBA_3G,3482
"750718801",MIGORI_NAMBA_2G,2192
"750820285",MIGORI_NAMBA_3G,4440
"750896541",MIGORI_TOWN_3G,3052
"750915827",MIGORI_TOWN_2G,2320
"750942333",MIGORI_OMBO_4G,3468
"750992766",MIGORI_TOWN_3G,3870
"751249376",MIGORI_NAMBA_4G,2592
"751379580",MIGORI_OMBO_4G,2026
"751490663",MIGORI_OMBO_4G,2324
"752045830",MIGORI_TOWN_2G,2296
"752262613",MIGORI_OMBO_3G,7326
"752718607",MIGORI_TOWN_4G,5306
"753166519",MIGORI_TOWN_3G,8650
"753319187",MIGORI_OMBO_2G,2242
"753731131",MIGORI_TOWN_3G,4174
"753895484",MIGORI_OMBO_2G,5802
"754950528",MIGORI_OMBO_3G,2024
"755459716",MIGORI_OMBO_4G,4484
"755625064",MIGORI_TOWN_2G,2838
"755935948",MIGORI_OMBO_4G,2326
"756450538",MIGORI_TOWN_4G,2012
"756709780",MIGORI_TOWN_3G,5000
"756766678",MIGORI_OMBO_2G,2068
"756982907",MIGORI_TOWN_ALLANDICK_2G,2740
"762200326",MIGORI_OMBO_3G,4648
"762211992",MIGORI_OMBO_4G,2136
"762669512",MIGORI_TOWN_4G,2614
"780033134",MIGORI_TOWN_3G,3044
"780505714",MIGORI_TOWN_3G,3232
"781109266",MIGORI_TOWN_4G,8854
"781306395",MIGORI_OMBO_4G,2202
"781412221",MIGORI_OMBO_4G,2600
"781825542",MIGORI_OMBO_4G,2832
"782316288",MIGORI_OMBO_4G,3670
"782359272",MIGORI_OMBO_4G,3060
"782422974",MIGORI_TOWN_4G,3966
"782721844",MIGORI_NAMBA_4G,4218
"782916062",MIGORI_TOWN_ALLANDICK_2G,6172
"783032328",MIGORI_TOWN_ALLANDICK_2G,3680
"783152258",MIGORI_NAMBA_2G,2060
"783700643",MIGORI_TOWN_3G,3640
"783866161",MIGORI_OMBO_2G,6298
"784013346",MIGORI_TOWN_4G,2160
"784047282",MIGORI_OMBO_4G,3090
"784140754",MIGORI_OMBO_4G,2972
"784241690",MIGORI_NAMBA_3G,9266
"784631372",MIGORI_OMBO_3G,2808
"784635013",MIGORI_TOWN_ALLANDICK_3G,2760
"784664322",MIGORI_OMBO_3G,2806
"784944969",MIGORI_OMBO_2G,4034
"785265241",MIGORI_OMBO_3G,2966
"785396817",MIGORI_OMBO_2G,3970
"786112495",MIGORI_OMBO_4G,2106
"786116084",MIGORI_OMBO_3G,3916
"786419437",MIGORI_TOWN_2G,4910
"786421163",MIGORI_NAMBA_4G,2930
"786651710",MIGORI_NAMBA_3G,3096
"786703425",MIGORI_TOWN_4G,3892
"788256667",MIGORI_TOWN_4G,4784
"788464291",MIGORI_TOWN_4G,2402
"789422793",MIGORI_NAMBA_4G,2050
"789546572",MIGORI_OMBO_2G,2720
"789608328",MIGORI_TOWN_3G,3706
"100321779",MIGORI_OMBO_4G,4230
"100448262",MIGORI_OMBO_3G,3434
"100456028",MIGORI_TOWN_ALLANDICK_4G,4038
"101603946",MIGORI_OMBO_4G,2546
"101835669",MIGORI_OMBO_2G,2794
"101861180",MIGORI_OMBO_3G,2368
"103097986",MIGORI_OMBO_2G,2696
"105642822",MIGORI_TOWN_4G,2282
"731606356",MIGORI_OMBO_3G,10162
"731629622",MIGORI_NAMBA_4G,2842
"732417934",MIGORI_OMBO_3G,2890
"732463404",MIGORI_NAMBA_3G,2898
"732898542",MIGORI_TOWN_ALLANDICK_3G,2606
"732906454",MIGORI_TOWN_ALLANDICK_3G,2260
"732925318",MIGORI_OMBO_4G,2598
"733729279",MIGORI_OMBO_3G,2964
"733742096",MIGORI_TOWN_2G,2668
"734365526",MIGORI_TOWN_3G,3212
"734402434",MIGORI_OMBO_3G,2638
"735148730",MIGORI_TOWN_4G,2294
"735777622",MIGORI_TOWN_3G,4024
