"TELEPHONIC_ADDRESS_ID","SITE_NAME","3"
"100113640",MOMBASA_MTWAPA_2G,228
"100114574",MTWAPA_MZAMBURUANI_2G,1718
"100124730",MTWAPA_TOWN_ATC_2G,38
"100179965",MOMBASA_MTWAPA_MTOMONDONI_2G,256
"100193661",MTWAPA_MZAMBURUANI_2G,360
"100252202",MOMBASA_MTWAPA_2G,1806
"100252400",MOMBASA_MTWAPA_MAWENI_4G,1196
"100307219",MOMBASA_MTWAPA_MTOMONDONI_4G,4452
"100313665",MOMBASA_MTWAPA_3G,1132
"100329491",MOMBASA_MTWAPA_MAWENI_4G,142
"100334151",MTWAPA_MZAMBURUANI_4G,188
"100467207",MOMBASA_MTWAPA_MAWENI_3G,624
"100468037",MTWAPA_MZAMBURUANI_2G,160
"100503624",MTWAPA_TOWN_ATC_2G,794
"100514254",MTWAPA_MZAMBURUANI_2G,
"100535671",MOMBASA_MTWAPA_3G,818
"100578426",MTWAPA_TOWN_ATC_4G,2
"100591267",MOMBASA_MTWAPA_MTOMONDONI_2G,358
"100600618",MOMBASA_MTWAPA_MTOMONDONI_4G,612
"100668277",MTWAPA_TOWN_ATC_4G,1000
"100674547",MTWAPA_TOWN_ATC_4G,1624
"100697855",MOMBASA_MTWAPA_MTOMONDONI_2G,364
"100766035",MOMBASA_MTWAPA_MAWENI_4G,7500
"100771572",MOMBASA_MTWAPA_MAWENI_2G,810
"100792376",MTWAPA_MZAMBURUANI_4G,642
"100804874",MOMBASA_MTWAPA_MTOMONDONI_2G,222
"100805310",MOMBASA_MTWAPA_2G,706
"100822767",MTWAPA_TOWN_ATC_2G,656
"100822866",MTWAPA_MZAMBURUANI_2G,620
"100824646",MOMBASA_MTWAPA_2G,
"100836054",MOMBASA_MTWAPA_3G,280
"100836101",MOMBASA_MTWAPA_MTOMONDONI_3G,100
"100836200",MOMBASA_MTWAPA_MTOMONDONI_3G,944
"100838574",MOMBASA_MTWAPA_MTOMONDONI_3G,780
"100839220",MOMBASA_MTWAPA_MAWENI_2G,2466
"100841701",MTWAPA_TOWN_ATC_3G,1328
"100852722",MTWAPA_TOWN_ATC_4G,290
"100950375",MOMBASA_MTWAPA_MAWENI_2G,694
"100958376",MOMBASA_MTWAPA_MAWENI_4G,2330
"100987386",MOMBASA_MTWAPA_4G,998
"100991384",MOMBASA_MTWAPA_MAWENI_2G,2352
"100998875",MOMBASA_MTWAPA_MTOMONDONI_2G,386
"101001359",MOMBASA_MTWAPA_MTOMONDONI_4G,548
"101050682",MOMBASA_MTWAPA_4G,4772
"101058104",MOMBASA_MTWAPA_MTOMONDONI_3G,1534
"101065281",MOMBASA_MTWAPA_2G,112
"101085180",MOMBASA_MTWAPA_4G,1840
"101105032",MOMBASA_MTWAPA_MTOMONDONI_3G,678
"101105036",MOMBASA_MTWAPA_MTOMONDONI_3G,
"101105733",MOMBASA_MTWAPA_MTOMONDONI_2G,464
"101191303",MTWAPA_TOWN_ATC_3G,5658
"101198076",MTWAPA_MZAMBURUANI_2G,298
"101207557",MOMBASA_MTWAPA_MTOMONDONI_4G,528
"101210818",MOMBASA_MTWAPA_MTOMONDONI_4G,2014
"101214669",MOMBASA_MTWAPA_MTOMONDONI_3G,232
"101235537",MTWAPA_TOWN_ATC_4G,0
"101238374",MOMBASA_MTWAPA_3G,1526
"101282186",MOMBASA_MTWAPA_MAWENI_3G,2766
"101307426",MOMBASA_MTWAPA_MTOMONDONI_4G,5604
"101326966",MTWAPA_TOWN_ATC_2G,1442
"101329167",MTWAPA_TOWN_ATC_2G,
"101355071",MOMBASA_MTWAPA_2G,
"101371749",MTWAPA_MZAMBURUANI_2G,1118
"101441373",MOMBASA_MTWAPA_3G,3866
"101470979",MOMBASA_MTWAPA_2G,2990
"101476689",MTWAPA_TOWN_ATC_2G,178
"101506428",MTWAPA_MZAMBURUANI_3G,1132
"101509036",MTWAPA_TOWN_ATC_3G,80
"101538472",MOMBASA_MTWAPA_MTOMONDONI_2G,136
"101554974",MTWAPA_TOWN_ATC_4G,2594
"101559436",MTWAPA_MZAMBURUANI_3G,1142
"101565939",MOMBASA_MTWAPA_2G,140
"101605114",MTWAPA_TOWN_ATC_4G,1290
"101608790",MTWAPA_MZAMBURUANI_3G,934
"101698775",MOMBASA_MTWAPA_MTOMONDONI_2G,1040
"101713726",MTWAPA_TOWN_ATC_2G,848
"101718998",MTWAPA_TOWN_ATC_2G,
"101727803",MOMBASA_MTWAPA_MTOMONDONI_3G,176
"101837542",MOMBASA_MTWAPA_4G,174
"101881220",MTWAPA_TOWN_ATC_2G,156
"101905611",MTWAPA_TOWN_ATC_2G,348
"101926497",MTWAPA_TOWN_ATC_2G,1054
"101951151",MOMBASA_MTWAPA_MTOMONDONI_3G,226
"102296332",MOMBASA_MTWAPA_MTOMONDONI_4G,1612
"102297885",MOMBASA_MTWAPA_MTOMONDONI_4G,938
"102303740",MOMBASA_MTWAPA_MTOMONDONI_4G,318
"102303862",MOMBASA_MTWAPA_MTOMONDONI_2G,1992
"102304071",MOMBASA_MTWAPA_MTOMONDONI_3G,1026
"102304075",MTWAPA_TOWN_ATC_2G,1238
"102306964",MOMBASA_MTWAPA_MAWENI_2G,
"102307326",MOMBASA_MTWAPA_MAWENI_3G,302
"102307521",MOMBASA_MTWAPA_MAWENI_2G,80
"102307744",MOMBASA_MTWAPA_MTOMONDONI_2G,0
"102458045",MOMBASA_MTWAPA_MAWENI_4G,1852
"102611689",MOMBASA_MTWAPA_4G,120
"102611898",MTWAPA_MZAMBURUANI_2G,322
"102617208",MOMBASA_MTWAPA_MTOMONDONI_2G,1070
"102619915",MTWAPA_TOWN_ATC_4G,2540
"102708123",MOMBASA_MTWAPA_MAWENI_2G,302
"102916839",MTWAPA_TOWN_ATC_3G,438
"102972611",MOMBASA_MTWAPA_MTOMONDONI_4G,80
"103035977",MOMBASA_MTWAPA_3G,896
"103057544",MOMBASA_MTWAPA_MAWENI_4G,2264
"103064330",MOMBASA_MTWAPA_MAWENI_4G,964
"103073573",MOMBASA_MTWAPA_3G,406
"103085234",MTWAPA_TOWN_ATC_4G,0
"103166174",MOMBASA_MTWAPA_MTOMONDONI_2G,674
"103175515",MTWAPA_TOWN_ATC_3G,2
"103180314",MTWAPA_MZAMBURUANI_3G,3776
"103196576",MOMBASA_MTWAPA_MTOMONDONI_2G,224
"103234559",MOMBASA_MTWAPA_MAWENI_2G,160
"103241121",MOMBASA_MTWAPA_MTOMONDONI_3G,1034
"103266513",MTWAPA_MZAMBURUANI_2G,1040
"103341480",MOMBASA_MTWAPA_MTOMONDONI_4G,2526
"103358366",MTWAPA_MZAMBURUANI_2G,474
"103396995",MOMBASA_MTWAPA_MAWENI_2G,
"103459971",MTWAPA_TOWN_ATC_4G,4162
"103467908",MOMBASA_MTWAPA_MTOMONDONI_4G,
"103519681",MTWAPA_MZAMBURUANI_3G,176
"103686173",MTWAPA_TOWN_ATC_2G,186
"103729514",MTWAPA_TOWN_ATC_4G,6
"103782109",MOMBASA_MTWAPA_3G,972
"103870544",MOMBASA_MTWAPA_3G,386
"103903063",MOMBASA_MTWAPA_MTOMONDONI_2G,1174
"103906954",MTWAPA_MZAMBURUANI_4G,
"104002311",MTWAPA_TOWN_ATC_2G,344
"104143771",MOMBASA_MTWAPA_MTOMONDONI_4G,2346
"104175181",MOMBASA_MTWAPA_2G,382
"104179780",MTWAPA_TOWN_ATC_4G,
"104184393",MTWAPA_TOWN_ATC_4G,8256
"104387196",MOMBASA_MTWAPA_MTOMONDONI_3G,390
"104624854",MOMBASA_MTWAPA_MTOMONDONI_4G,1490
"105021421",MOMBASA_MTWAPA_MTOMONDONI_2G,934
"105112971",MTWAPA_TOWN_ATC_2G,990
"105135922",MOMBASA_MTWAPA_2G,116
"105148212",MTWAPA_TOWN_ATC_2G,3946
"105203984",MOMBASA_MTWAPA_MTOMONDONI_4G,280
"105213049",MOMBASA_MTWAPA_MTOMONDONI_4G,56
"105308608",MOMBASA_MTWAPA_2G,586
"105310189",MOMBASA_MTWAPA_MTOMONDONI_2G,1934
"105311425",MOMBASA_MTWAPA_2G,4088
"105312357",MOMBASA_MTWAPA_MTOMONDONI_2G,166
"105378484",MOMBASA_MTWAPA_2G,156
"105397989",MOMBASA_MTWAPA_MTOMONDONI_2G,300
"105398096",MOMBASA_MTWAPA_MTOMONDONI_2G,252
"105398262",MTWAPA_TOWN_ATC_2G,1796
"105398537",MTWAPA_MZAMBURUANI_2G,414
"105398607",MOMBASA_MTWAPA_MTOMONDONI_4G,110
"105404046",MOMBASA_MTWAPA_MTOMONDONI_4G,216
"105404131",MTWAPA_TOWN_ATC_4G,708
"105564016",MOMBASA_MTWAPA_4G,42
"105580802",MOMBASA_MTWAPA_MTOMONDONI_2G,64
"105682469",MTWAPA_MZAMBURUANI_2G,658
"105755637",MTWAPA_TOWN_ATC_2G,484
"105920773",MOMBASA_MTWAPA_MAWENI_4G,2436
"105921096",MOMBASA_MTWAPA_2G,300
"731077165",MTWAPA_MZAMBURUANI_2G,156
"731248967",MTWAPA_MZAMBURUANI_2G,2
"731253420",MOMBASA_MTWAPA_4G,
"731282623",MOMBASA_MTWAPA_MAWENI_3G,1002
"731285504",MTWAPA_MZAMBURUANI_3G,
"731334240",MOMBASA_MTWAPA_MTOMONDONI_3G,1006
"731342155",MOMBASA_MTWAPA_2G,122
"731350179",MOMBASA_MTWAPA_2G,418
"731358918",MTWAPA_TOWN_ATC_4G,5290
"731444831",MOMBASA_MTWAPA_MTOMONDONI_2G,80
"731448207",MOMBASA_MTWAPA_MTOMONDONI_3G,354
"731466050",MTWAPA_MZAMBURUANI_2G,980
"731509974",MOMBASA_MTWAPA_2G,
"731515619",MTWAPA_TOWN_ATC_2G,1064
"731543620",MOMBASA_MTWAPA_MTOMONDONI_3G,206
"731550693",MOMBASA_MTWAPA_MTOMONDONI_4G,2000
"731551998",MTWAPA_TOWN_ATC_4G,0
"731555011",MOMBASA_MTWAPA_MTOMONDONI_2G,0
"731568041",MOMBASA_MTWAPA_2G,202
"731582760",MOMBASA_MTWAPA_2G,212
"731605956",MOMBASA_MTWAPA_MAWENI_2G,110
"731614223",MOMBASA_MTWAPA_MAWENI_4G,464
"731637723",MOMBASA_MTWAPA_MTOMONDONI_2G,0
"731716636",MOMBASA_MTWAPA_2G,970
"731725347",MOMBASA_MTWAPA_MTOMONDONI_4G,1558
"731742203",MOMBASA_MTWAPA_MTOMONDONI_2G,
"731785872",MOMBASA_MTWAPA_MTOMONDONI_2G,46
"731799462",MTWAPA_MZAMBURUANI_2G,684
"731801312",MOMBASA_MTWAPA_3G,764
"731807682",MTWAPA_TOWN_ATC_4G,730
"731830872",MOMBASA_MTWAPA_MTOMONDONI_2G,106
"731834774",MOMBASA_MTWAPA_MTOMONDONI_4G,714
"731878995",MOMBASA_MTWAPA_MTOMONDONI_2G,1070
"731900456",MOMBASA_MTWAPA_3G,1578
"731900647",MOMBASA_MTWAPA_MTOMONDONI_3G,
"731917937",MOMBASA_MTWAPA_MTOMONDONI_2G,1030
"731919268",MTWAPA_TOWN_ATC_2G,68
"731919444",MOMBASA_MTWAPA_2G,1862
"731921932",MTWAPA_TOWN_ATC_3G,740
"731958842",MTWAPA_MZAMBURUANI_3G,
"731961486",MOMBASA_MTWAPA_MTOMONDONI_4G,4000
"731999626",MOMBASA_MTWAPA_2G,150
"732001799",MOMBASA_MTWAPA_MTOMONDONI_2G,930
"732002826",MOMBASA_MTWAPA_MTOMONDONI_2G,0
"732008485",MOMBASA_MTWAPA_MTOMONDONI_3G,420
"732018762",MOMBASA_MTWAPA_MAWENI_4G,5374
"732027605",MOMBASA_MTWAPA_2G,
"732039340",MOMBASA_MTWAPA_MTOMONDONI_3G,1244
"732065260",MOMBASA_MTWAPA_MTOMONDONI_3G,360
"732085575",MOMBASA_MTWAPA_MTOMONDONI_2G,78
"732092939",MTWAPA_TOWN_ATC_4G,1040
"732095188",MTWAPA_MZAMBURUANI_2G,
"732214219",MOMBASA_MTWAPA_MAWENI_3G,192
"732217626",MTWAPA_TOWN_ATC_2G,222
"732250866",MTWAPA_MZAMBURUANI_2G,100
"732251065",MTWAPA_MZAMBURUANI_4G,1056
"732252660",MOMBASA_MTWAPA_MTOMONDONI_2G,228
"732255752",MOMBASA_MTWAPA_MTOMONDONI_2G,102
"732257323",MOMBASA_MTWAPA_2G,418
"732258326",MTWAPA_TOWN_ATC_2G,212
"732267402",MOMBASA_MTWAPA_MTOMONDONI_2G,766
"732271489",MOMBASA_MTWAPA_MTOMONDONI_2G,
"732271574",MTWAPA_TOWN_ATC_2G,1020
"732271584",MTWAPA_TOWN_ATC_4G,3210
"732273903",MOMBASA_MTWAPA_MTOMONDONI_2G,406
"732299005",MOMBASA_MTWAPA_MAWENI_2G,588
"732319033",MTWAPA_TOWN_ATC_2G,948
"732351077",MTWAPA_TOWN_ATC_4G,4000
"732353109",MOMBASA_MTWAPA_MAWENI_4G,1000
"732390534",MTWAPA_MZAMBURUANI_2G,130
"732413805",MOMBASA_MTWAPA_MTOMONDONI_2G,318
"732426106",MOMBASA_MTWAPA_2G,364
"732434112",MOMBASA_MTWAPA_2G,726
"732443557",MOMBASA_MTWAPA_3G,730
"732501217",MTWAPA_TOWN_ATC_4G,460
"732523479",MOMBASA_MTWAPA_MTOMONDONI_2G,1726
"732528989",MTWAPA_TOWN_ATC_4G,6794
"732557758",MOMBASA_MTWAPA_2G,198
"732557842",MOMBASA_MTWAPA_MTOMONDONI_4G,278
"732564612",MOMBASA_MTWAPA_MTOMONDONI_3G,246
"732588674",MOMBASA_MTWAPA_MAWENI_4G,2946
"732604570",MOMBASA_MTWAPA_MAWENI_4G,360
"732622909",MTWAPA_TOWN_ATC_2G,652
"732633731",MTWAPA_TOWN_ATC_2G,2012
"732651304",MTWAPA_MZAMBURUANI_4G,2662
"732691899",MOMBASA_MTWAPA_3G,3020
"732738135",MOMBASA_MTWAPA_MAWENI_2G,170
"732827963",MOMBASA_MTWAPA_MTOMONDONI_2G,1990
"732828287",MTWAPA_MZAMBURUANI_2G,
"732875932",MOMBASA_MTWAPA_MAWENI_2G,1198
"732888505",MOMBASA_MTWAPA_MAWENI_2G,1766
"732888649",MTWAPA_MZAMBURUANI_2G,90
"732927062",MTWAPA_TOWN_ATC_3G,916
"732967596",MOMBASA_MTWAPA_3G,648
"732971099",MOMBASA_MTWAPA_2G,1588
"732978165",MOMBASA_MTWAPA_2G,720
"732993978",MOMBASA_MTWAPA_MTOMONDONI_4G,3564
"733137782",MOMBASA_MTWAPA_3G,2964
"733157170",MOMBASA_MTWAPA_MTOMONDONI_2G,238
"733211631",MOMBASA_MTWAPA_2G,1778
"733212009",MOMBASA_MTWAPA_2G,
"733212254",MTWAPA_TOWN_ATC_2G,46
"733229185",MOMBASA_MTWAPA_MTOMONDONI_2G,70
"733241056",MOMBASA_MTWAPA_MAWENI_3G,260
"733247431",MOMBASA_MTWAPA_MTOMONDONI_3G,
"733256778",MTWAPA_TOWN_ATC_4G,5330
"733289888",MOMBASA_MTWAPA_MTOMONDONI_2G,10
"733295695",MOMBASA_MTWAPA_MTOMONDONI_3G,664
"733314982",MTWAPA_TOWN_ATC_4G,1130
"733335000",MTWAPA_MZAMBURUANI_4G,0
"733372281",MOMBASA_MTWAPA_MTOMONDONI_3G,1402
"733430244",MTWAPA_MZAMBURUANI_2G,140
"733451642",MOMBASA_MTWAPA_MAWENI_2G,290
"733459685",MOMBASA_MTWAPA_MTOMONDONI_4G,728
"733466217",MOMBASA_MTWAPA_MTOMONDONI_3G,342
"733495929",MOMBASA_MTWAPA_MAWENI_2G,1512
"733527479",MTWAPA_MZAMBURUANI_3G,140
"733548260",MOMBASA_MTWAPA_MTOMONDONI_3G,982
"733568808",MOMBASA_MTWAPA_MTOMONDONI_2G,1392
"733573661",MTWAPA_MZAMBURUANI_4G,496
"733662219",MTWAPA_MZAMBURUANI_3G,5964
"733666570",MOMBASA_MTWAPA_MTOMONDONI_4G,622
"733718345",MOMBASA_MTWAPA_3G,932
"733739140",MTWAPA_TOWN_ATC_2G,292
"733799141",MOMBASA_MTWAPA_MTOMONDONI_4G,1070
"733800303",MOMBASA_MTWAPA_MTOMONDONI_3G,978
"733803194",MOMBASA_MTWAPA_4G,4018
"733909639",MTWAPA_TOWN_ATC_4G,1056
"733917135",MTWAPA_MZAMBURUANI_2G,100
"733985612",MOMBASA_MTWAPA_MAWENI_3G,594
"733987902",MTWAPA_TOWN_ATC_2G,2506
"733999177",MOMBASA_MTWAPA_3G,1540
"734035196",MTWAPA_TOWN_ATC_2G,4778
"734035332",MOMBASA_MTWAPA_MTOMONDONI_2G,854
"734087832",MOMBASA_MTWAPA_2G,1790
"734201173",MOMBASA_MTWAPA_MAWENI_2G,62
"734227012",MOMBASA_MTWAPA_3G,2406
"734233434",MTWAPA_MZAMBURUANI_2G,218
"734263646",MOMBASA_MTWAPA_MTOMONDONI_3G,600
"734266125",MOMBASA_MTWAPA_MTOMONDONI_2G,798
"734293511",MOMBASA_MTWAPA_2G,1136
"734317149",MOMBASA_MTWAPA_MTOMONDONI_2G,244
"734321382",MOMBASA_MTWAPA_3G,76
"734342084",MTWAPA_MZAMBURUANI_4G,90
"734345494",MOMBASA_MTWAPA_MTOMONDONI_4G,5234
"734383803",MOMBASA_MTWAPA_MTOMONDONI_2G,
"734393946",MOMBASA_MTWAPA_MAWENI_4G,5556
"734399263",MOMBASA_MTWAPA_MAWENI_4G,1980
"734404466",MTWAPA_TOWN_ATC_3G,2000
"734406172",MTWAPA_TOWN_ATC_4G,306
"734453007",MTWAPA_TOWN_ATC_4G,5144
"734529273",MOMBASA_MTWAPA_MTOMONDONI_2G,1042
"734537181",MTWAPA_MZAMBURUANI_2G,328
"734563528",MOMBASA_MTWAPA_2G,1148
"734600320",MOMBASA_MTWAPA_MTOMONDONI_4G,1756
"734626369",MTWAPA_TOWN_ATC_4G,522
"734641291",MTWAPA_MZAMBURUANI_4G,3750
"734647350",MOMBASA_MTWAPA_2G,880
"734649004",MTWAPA_TOWN_ATC_4G,146
"734682830",MTWAPA_MZAMBURUANI_2G,60
"734701817",MTWAPA_TOWN_ATC_4G,2
"734733028",MOMBASA_MTWAPA_2G,266
"734768708",MOMBASA_MTWAPA_3G,3808
"734774854",MTWAPA_MZAMBURUANI_4G,6726
"734851446",MOMBASA_MTWAPA_2G,706
"734868143",MOMBASA_MTWAPA_MTOMONDONI_3G,2688
"734899352",MTWAPA_TOWN_ATC_2G,950
"734900503",MOMBASA_MTWAPA_2G,1468
"734902484",MOMBASA_MTWAPA_3G,40
"734929952",MOMBASA_MTWAPA_MTOMONDONI_4G,1518
"734953474",MTWAPA_TOWN_ATC_2G,2240
"734954532",MOMBASA_MTWAPA_MTOMONDONI_4G,38
"735004190",MOMBASA_MTWAPA_2G,1340
"735039401",MTWAPA_TOWN_ATC_2G,404
"735075741",MOMBASA_MTWAPA_MAWENI_4G,1256
"735087197",MOMBASA_MTWAPA_3G,1478
"735095249",MOMBASA_MTWAPA_MAWENI_3G,40
"735095656",MOMBASA_MTWAPA_MTOMONDONI_3G,2010
"735105848",MTWAPA_MZAMBURUANI_3G,1516
"735110240",MTWAPA_MZAMBURUANI_2G,
"735132078",MOMBASA_MTWAPA_MTOMONDONI_2G,634
"735146850",MTWAPA_MZAMBURUANI_3G,12000
"735147681",MTWAPA_MZAMBURUANI_4G,40
"735163019",MTWAPA_TOWN_ATC_3G,2390
"735172267",MOMBASA_MTWAPA_MTOMONDONI_2G,46
"735177119",MOMBASA_MTWAPA_MTOMONDONI_3G,256
"735177375",MOMBASA_MTWAPA_2G,1880
"735207615",MOMBASA_MTWAPA_MAWENI_3G,
"735224814",MOMBASA_MTWAPA_MTOMONDONI_4G,5790
"735277901",MOMBASA_MTWAPA_4G,258
"735385413",MOMBASA_MTWAPA_MTOMONDONI_3G,1722
"735400962",MOMBASA_MTWAPA_MTOMONDONI_2G,130
"735403339",MTWAPA_TOWN_ATC_2G,490
"735417926",MOMBASA_MTWAPA_4G,1612
"735422070",MOMBASA_MTWAPA_2G,1118
"735437755",MOMBASA_MTWAPA_3G,
"735462337",MOMBASA_MTWAPA_2G,1078
"735494510",MOMBASA_MTWAPA_2G,400
"735495571",MTWAPA_TOWN_ATC_2G,420
"735519800",MOMBASA_MTWAPA_4G,
"735525301",MTWAPA_MZAMBURUANI_4G,2766
"735540943",MOMBASA_MTWAPA_MTOMONDONI_3G,136
"735547692",MOMBASA_MTWAPA_2G,104
"735548468",MOMBASA_MTWAPA_2G,1738
"735549569",MOMBASA_MTWAPA_4G,1208
"735556455",MOMBASA_MTWAPA_MAWENI_3G,2458
"735577764",MOMBASA_MTWAPA_MTOMONDONI_2G,354
"735584754",MOMBASA_MTWAPA_3G,3036
"735586887",MTWAPA_MZAMBURUANI_2G,302
"735589668",MOMBASA_MTWAPA_2G,174
"735600627",MOMBASA_MTWAPA_MTOMONDONI_3G,332
"735612939",MOMBASA_MTWAPA_MTOMONDONI_2G,234
"735618871",MOMBASA_MTWAPA_3G,260
"735618893",MOMBASA_MTWAPA_2G,472
"735626453",MOMBASA_MTWAPA_2G,676
"735683059",MOMBASA_MTWAPA_MTOMONDONI_3G,396
"735683305",MOMBASA_MTWAPA_MTOMONDONI_2G,1214
"735686450",MTWAPA_TOWN_ATC_4G,200
"735710716",MOMBASA_MTWAPA_MTOMONDONI_4G,2836
"735722960",MOMBASA_MTWAPA_MTOMONDONI_2G,692
"735788639",MOMBASA_MTWAPA_MTOMONDONI_2G,428
"735789870",MOMBASA_MTWAPA_MTOMONDONI_3G,
"735790447",MTWAPA_TOWN_ATC_2G,
"735791881",MOMBASA_MTWAPA_MTOMONDONI_2G,1020
"735794222",MOMBASA_MTWAPA_MTOMONDONI_2G,76
"735821388",MOMBASA_MTWAPA_2G,1404
"735839887",MTWAPA_MZAMBURUANI_4G,1288
"735896164",MOMBASA_MTWAPA_MTOMONDONI_3G,1026
"735907972",MOMBASA_MTWAPA_MTOMONDONI_3G,76
"735915974",MOMBASA_MTWAPA_MTOMONDONI_2G,216
"735945002",MOMBASA_MTWAPA_MTOMONDONI_2G,80
"735989239",MOMBASA_MTWAPA_MTOMONDONI_4G,2014
"735990551",MTWAPA_TOWN_ATC_4G,2100
"735997224",MOMBASA_MTWAPA_3G,4160
"735998491",MOMBASA_MTWAPA_MAWENI_4G,40
"736066580",MTWAPA_TOWN_ATC_3G,1954
"736081311",MOMBASA_MTWAPA_MAWENI_3G,7698
"736100686",MTWAPA_TOWN_ATC_3G,96
"736115111",MTWAPA_MZAMBURUANI_3G,6102
"736128846",MTWAPA_MZAMBURUANI_2G,198
"736145109",MTWAPA_MZAMBURUANI_2G,196
"736156668",MOMBASA_MTWAPA_2G,1350
"736159793",MOMBASA_MTWAPA_MTOMONDONI_4G,8
"736163422",MOMBASA_MTWAPA_MAWENI_2G,744
"736174017",MOMBASA_MTWAPA_MTOMONDONI_2G,422
"736182115",MOMBASA_MTWAPA_2G,216
"736184198",MTWAPA_MZAMBURUANI_4G,1114
"736186041",MOMBASA_MTWAPA_MAWENI_4G,1330
"736205217",MOMBASA_MTWAPA_MAWENI_2G,194
"736223413",MOMBASA_MTWAPA_3G,6868
"736225286",MOMBASA_MTWAPA_MAWENI_2G,96
"736244194",MOMBASA_MTWAPA_MTOMONDONI_3G,
"736309362",MOMBASA_MTWAPA_3G,1496
"736313451",MOMBASA_MTWAPA_MAWENI_4G,1738
"736330435",MTWAPA_MZAMBURUANI_2G,20
"736398128",MOMBASA_MTWAPA_MTOMONDONI_2G,78
"736405708",MOMBASA_MTWAPA_2G,58
"736504290",MOMBASA_MTWAPA_MAWENI_4G,828
"736544998",MOMBASA_MTWAPA_3G,1042
"736550242",MOMBASA_MTWAPA_3G,3540
"736551685",MTWAPA_TOWN_ATC_2G,20
"736555322",MTWAPA_MZAMBURUANI_3G,810
"736575951",MOMBASA_MTWAPA_4G,510
"736584235",MOMBASA_MTWAPA_MAWENI_3G,1834
"736591906",MOMBASA_MTWAPA_MAWENI_2G,
"736625187",MTWAPA_TOWN_ATC_4G,358
"736629252",MTWAPA_TOWN_ATC_4G,910
"736660767",MTWAPA_TOWN_ATC_2G,38
"736668031",MOMBASA_MTWAPA_2G,292
"736669487",MTWAPA_TOWN_ATC_4G,532
"736670362",MTWAPA_TOWN_ATC_2G,50
"736670876",MOMBASA_MTWAPA_3G,2744
"736674556",MOMBASA_MTWAPA_4G,0
"736680005",MTWAPA_MZAMBURUANI_3G,118
"736680769",MOMBASA_MTWAPA_MAWENI_4G,712
"736701608",MTWAPA_MZAMBURUANI_2G,274
"736716370",MTWAPA_TOWN_ATC_4G,1222
"736758124",MOMBASA_MTWAPA_MAWENI_3G,2442
"736760632",MTWAPA_TOWN_ATC_4G,1570
"736762976",MOMBASA_MTWAPA_2G,990
"736763467",MOMBASA_MTWAPA_MTOMONDONI_2G,906
"736807366",MOMBASA_MTWAPA_2G,126
"736820440",MOMBASA_MTWAPA_2G,410
"736913998",MTWAPA_MZAMBURUANI_2G,36
"736930399",MOMBASA_MTWAPA_MTOMONDONI_2G,
"737011760",MOMBASA_MTWAPA_MTOMONDONI_4G,1574
"737050639",MOMBASA_MTWAPA_MTOMONDONI_4G,3516
"737052762",MTWAPA_TOWN_ATC_4G,568
"737053547",MOMBASA_MTWAPA_MTOMONDONI_2G,534
"737061277",MOMBASA_MTWAPA_MAWENI_2G,396
"737066200",MOMBASA_MTWAPA_MTOMONDONI_3G,718
"737086897",MOMBASA_MTWAPA_4G,
"737126195",MOMBASA_MTWAPA_2G,526
"737132331",MOMBASA_MTWAPA_MTOMONDONI_2G,366
"737147600",MTWAPA_MZAMBURUANI_2G,60
"737204383",MOMBASA_MTWAPA_2G,766
"737209351",MOMBASA_MTWAPA_3G,410
"737214906",MOMBASA_MTWAPA_MAWENI_4G,1416
"737215039",MOMBASA_MTWAPA_MTOMONDONI_4G,400
"737255294",MOMBASA_MTWAPA_4G,168
"737285191",MOMBASA_MTWAPA_MAWENI_3G,
"737296577",MOMBASA_MTWAPA_MAWENI_2G,1142
"737299725",MTWAPA_TOWN_ATC_4G,3082
"737307390",MOMBASA_MTWAPA_MTOMONDONI_3G,868
"737320351",MTWAPA_MZAMBURUANI_2G,406
"737321853",MOMBASA_MTWAPA_MTOMONDONI_2G,54
"737325872",MTWAPA_TOWN_ATC_2G,584
"737328806",MOMBASA_MTWAPA_MAWENI_2G,186
"737344632",MTWAPA_TOWN_ATC_4G,678
"737361085",MOMBASA_MTWAPA_MTOMONDONI_3G,2670
"737369531",MOMBASA_MTWAPA_2G,162
"737380399",MOMBASA_MTWAPA_4G,100
"737386510",MOMBASA_MTWAPA_MTOMONDONI_4G,4340
"737393836",MOMBASA_MTWAPA_MAWENI_2G,
"737467618",MOMBASA_MTWAPA_MTOMONDONI_2G,0
"737473310",MOMBASA_MTWAPA_MTOMONDONI_4G,190
"737476626",MOMBASA_MTWAPA_3G,568
"737574751",MOMBASA_MTWAPA_2G,
"737604861",MOMBASA_MTWAPA_2G,20
"737681806",MOMBASA_MTWAPA_MTOMONDONI_3G,1920
"737696297",MOMBASA_MTWAPA_MTOMONDONI_3G,1500
"737724022",MOMBASA_MTWAPA_3G,1952
"737730721",MTWAPA_MZAMBURUANI_4G,2000
"737733252",MOMBASA_MTWAPA_MAWENI_2G,286
"737741767",MTWAPA_MZAMBURUANI_4G,1052
"737742207",MOMBASA_MTWAPA_MTOMONDONI_3G,188
"737748687",MOMBASA_MTWAPA_MAWENI_2G,484
"737765370",MOMBASA_MTWAPA_MTOMONDONI_3G,516
"737774544",MTWAPA_MZAMBURUANI_2G,494
"737774787",MOMBASA_MTWAPA_MAWENI_3G,1776
"737775153",MTWAPA_MZAMBURUANI_2G,28
"737779622",MOMBASA_MTWAPA_4G,1728
"737779957",MOMBASA_MTWAPA_MTOMONDONI_4G,1478
"737782419",MOMBASA_MTWAPA_MTOMONDONI_2G,24
"737783456",MOMBASA_MTWAPA_MTOMONDONI_2G,130
"737795574",MOMBASA_MTWAPA_MAWENI_2G,
"737798817",MOMBASA_MTWAPA_MAWENI_4G,220
"737812672",MOMBASA_MTWAPA_MTOMONDONI_2G,362
"737817258",MOMBASA_MTWAPA_4G,804
"737851398",MOMBASA_MTWAPA_MAWENI_4G,434
"737863466",MOMBASA_MTWAPA_4G,756
"737889721",MTWAPA_TOWN_ATC_4G,1802
"737998808",MOMBASA_MTWAPA_MAWENI_2G,138
"738026728",MOMBASA_MTWAPA_MTOMONDONI_3G,424
