"TELEPHONIC_ADDRESS_ID","SITE_NAME","3"
"100114355",NAIVASHA_KABATI_4G,994
"100125928",NAIVASHA_MARORO_2G,168
"100125935",NAIVASHA_SITE_AND_SERVICE_2G,78
"100201584",NAIVASHA_4G,624
"100224113",NAIVASHA_SOUTH_2G,398
"100236913",NAIVASHA_VIWANDANI_4G,376
"100245630",NAIVASHA_KENYATTA_AVENUE_4G,912
"100247794",NAIVASHA_KENYATTA_AVENUE_4G,2552
"100334432",NAIVASHA_2G,1206
"100380397",NAIVASHA_KABATI_2G,280
"100403045",NAIVASHA_MARORO_2G,336
"100406399",NAIVASHA_SOUTH_2G,160
"100406832",NAIVASHA_SITE_AND_SERVICE_4G,724
"100434812",NAIVASHA_CRATER_LAKE_3G,1302
"100473492",NAIVASHA_SOUTH_4G,206
"100484197",NAIVASHA_SOUTH_2G,480
"100484252",NAIVASHA_KABATI_4G,1278
"100485022",NAIVASHA_4G,210
"100486708",NAIVASHA_KABATI_2G,38
"100497504",NAIVASHA_MARORO_2G,614
"100527281",NAIVASHA_2G,0
"100527380",NAIVASHA_VIWANDANI_3G,106
"100528428",NAIVASHA_SULMAC_2G,80
"100528599",NAIVASHA_2G,8
"100551698",NAIVASHA_4G,5794
"100601144",NAIVASHA_SOUTH_2G,224
"100616009",NAIVASHA_SITE_AND_SERVICE_4G,
"100616015",NAIVASHA_MARORO_3G,3088
"100616114",NAIVASHA_NORTH_LAKE_ROAD_2G,6
"100616346",NAIVASHA_MARORO_4G,724
"100622066",NAIVASHA_MARORO_3G,108
"100650826",NAIVASHA_SOUTH_3G,410
"100652407",NAIVASHA_SITE_AND_SERVICE_4G,442
"100652942",NAIVASHA_KABATI_3G,3188
"100655301",NAIVASHA_SITE_AND_SERVICE_4G,102
"100657274",NAIVASHA_KENYATTA_AVENUE_2G,128
"100658314",NAIVASHA_MARORO_4G,1220
"100660871",NAIVASHA_SULMAC_2G,26
"100668763",NAIVASHA_3G,
"100669228",NAIVASHA_2G,114
"100670207",NAIVASHA_SOUTH_4G,2510
"100684276",NAIVASHA_MARORO_3G,672
"100757312",NAIVASHA_KABATI_2G,40
"100831003",NAIVASHA_SOUTH_3G,18
"100875343",NAIVASHA_SULMAC_2G,
"100886131",NAIVASHA_VIWANDANI_3G,4178
"100922134",NAIVASHA_2G,92
"100937130",NAIVASHA_2G,74
"100941392",NAIVASHA_NORTH_LAKE_ROAD_4G,294
"100952585",NAIVASHA_NORTH_LAKE_ROAD_4G,708
"100952997",NAIVASHA_2G,590
"100955138",NAIVASHA_2G,96
"100969842",NAIVASHA_3G,
"100970231",NAIVASHA_2G,116
"100970345",NAIVASHA_2G,286
"101014060",NAIVASHA_VIWANDANI_2G,492
"101065317",NAIVASHA_2G,214
"101089257",NAIVASHA_SOUTH_3G,276
"101172236",NAIVASHA_4G,1238
"101201528",NAIVASHA_CRATER_LAKE_3G,638
"101228130",NAIVASHA_MARORO_4G,598
"101252402",NAIVASHA_2G,3218
"101271613",NAIVASHA_MARORO_2G,314
"101286022",NAIVASHA_SITE_AND_SERVICE_4G,272
"101290947",NAIVASHA_SOUTH_3G,
"101304699",NAIVASHA_KABATI_2G,106
"101304927",NAIVASHA_KENYATTA_AVENUE_4G,1442
"101305308",NAIVASHA_4G,1984
"101353341",NAIVASHA_4G,2744
"101362484",NAIVASHA_VIWANDANI_4G,2160
"101380058",NAIVASHA_MARORO_3G,2682
"101397370",NAIVASHA_KABATI_2G,562
"101440532",NAIVASHA_2G,222
"101463214",NAIVASHA_SOUTH_3G,450
"101504635",NAIVASHA_MARORO_3G,300
"101537203",NAIVASHA_KENYATTA_AVENUE_4G,1374
"101542701",NAIVASHA_KENYATTA_AVENUE_2G,50
"101545313",NAIVASHA_VIWANDANI_3G,116
"101566240",NAIVASHA_SOUTH_2G,36
"101570988",NAIVASHA_SITE_AND_SERVICE_3G,868
"101594748",NAIVASHA_VIWANDANI_4G,832
"101599360",NAIVASHA_2G,254
"101617405",NAIVASHA_KENYATTA_AVENUE_4G,116
"101628601",NAIVASHA_VIWANDANI_2G,24
"101642635",NAIVASHA_MARORO_3G,986
"101675431",NAIVASHA_VIWANDANI_4G,1180
"101708218",NAIVASHA_SULMAC_3G,388
"101711681",NAIVASHA_SITE_AND_SERVICE_3G,60
"101712088",NAIVASHA_SULMAC_4G,956
"101712702",NAIVASHA_SOUTH_4G,1516
"101712767",NAIVASHA_VIWANDANI_3G,2396
"101717215",NAIVASHA_KABATI_2G,178
"101735785",NAIVASHA_VIWANDANI_2G,
"101748626",NAIVASHA_SOUTH_4G,
"101753267",NAIVASHA_MARORO_2G,762
"101755950",NAIVASHA_NORTH_LAKE_ROAD_2G,20
"101756919",NAIVASHA_2G,60
"101757062",NAIVASHA_4G,1654
"101757095",NAIVASHA_MARORO_2G,3738
"101757129",NAIVASHA_KENYATTA_AVENUE_3G,172
"101758120",NAIVASHA_SITE_AND_SERVICE_2G,48
"101758623",NAIVASHA_SULMAC_2G,248
"101773114",NAIVASHA_KENYATTA_AVENUE_4G,2398
"101781474",NAIVASHA_MARORO_2G,
"101787753",NAIVASHA_SITE_AND_SERVICE_4G,3290
"101789187",NAIVASHA_MARORO_4G,6210
"101810844",NAIVASHA_2G,294
"101812368",NAIVASHA_SITE_AND_SERVICE_4G,2548
"101821004",NAIVASHA_KENYATTA_AVENUE_4G,2478
"101836787",NAIVASHA_SITE_AND_SERVICE_4G,1722
"101838489",NAIVASHA_SITE_AND_SERVICE_2G,510
"101849871",NAIVASHA_2G,1040
"101857441",NAIVASHA_SITE_AND_SERVICE_3G,974
"101859642",NAIVASHA_VIWANDANI_4G,1548
"101875671",NAIVASHA_MARORO_2G,1370
"101924559",NAIVASHA_SITE_AND_SERVICE_2G,398
"101925571",NAIVASHA_NORTH_LAKE_ROAD_2G,186
"101929431",NAIVASHA_MARORO_4G,7426
"101964266",NAIVASHA_MARORO_4G,310
"101965343",NAIVASHA_MARORO_2G,10
"101986694",NAIVASHA_KENYATTA_AVENUE_4G,80
"101992554",NAIVASHA_SOUTH_2G,122
"102029412",NAIVASHA_MARORO_4G,
"102035106",NAIVASHA_SOUTH_4G,1384
"102041092",NAIVASHA_MARORO_2G,1588
"102041268",NAIVASHA_4G,2840
"102047197",NAIVASHA_MARORO_2G,126
"102047285",NAIVASHA_SOUTH_2G,336
"102047579",NAIVASHA_KENYATTA_AVENUE_3G,852
"102047814",NAIVASHA_4G,8642
"102047829",NAIVASHA_2G,364
"102070547",NAIVASHA_MARORO_3G,162
"102102057",NAIVASHA_NORTH_LAKE_ROAD_2G,100
"102189723",NAIVASHA_SOUTH_3G,596
"102191585",NAIVASHA_KENYATTA_AVENUE_4G,514
"102191673",NAIVASHA_CRATER_LAKE_2G,954
"102384863",NAIVASHA_SOUTH_2G,58
"102483238",NAIVASHA_MARORO_2G,642
"102504530",NAIVASHA_SOUTH_3G,1504
"102530868",NAIVASHA_CRATER_LAKE_4G,522
"102537070",NAIVASHA_MARORO_2G,420
"102563871",NAIVASHA_KENYATTA_AVENUE_2G,766
"102566360",NAIVASHA_KABATI_2G,1288
"102628930",NAIVASHA_MARORO_2G,288
"102629082",NAIVASHA_MARORO_2G,0
"102677016",NAIVASHA_2G,568
"102677466",NAIVASHA_SOUTH_2G,414
"102691913",NAIVASHA_2G,1682
"102692044",NAIVASHA_3G,1008
"102693661",NAIVASHA_SOUTH_3G,126
"102717272",NAIVASHA_SITE_AND_SERVICE_3G,1572
"102891290",NAIVASHA_SULMAC_3G,
"103005456",NAIVASHA_SOUTH_2G,534
"103027316",NAIVASHA_4G,4206
"103108211",NAIVASHA_NORTH_LAKE_ROAD_2G,332
"103130341",NAIVASHA_VIWANDANI_2G,534
"103250702",NAIVASHA_KABATI_2G,414
"103264191",NAIVASHA_MARORO_3G,278
"103309690",NAIVASHA_KENYATTA_AVENUE_4G,540
"103375598",NAIVASHA_2G,38
"103741545",NAIVASHA_2G,186
"103751004",NAIVASHA_SITE_AND_SERVICE_4G,634
"103828407",NAIVASHA_2G,
"103902985",NAIVASHA_VIWANDANI_4G,196
"103952105",NAIVASHA_KENYATTA_AVENUE_2G,1918
"103996226",NAIVASHA_2G,0
"104026560",NAIVASHA_MARORO_3G,366
"104130030",NAIVASHA_SOUTH_2G,1618
"104204488",NAIVASHA_KABATI_4G,1398
"104220436",NAIVASHA_SITE_AND_SERVICE_4G,1878
"104237828",NAIVASHA_KENYATTA_AVENUE_2G,234
"104300340",NAIVASHA_SITE_AND_SERVICE_2G,52
"104313349",NAIVASHA_2G,3630
"104323033",NAIVASHA_KABATI_2G,492
"104430055",NAIVASHA_2G,1308
"104484858",NAIVASHA_KABATI_4G,1096
"104520060",NAIVASHA_2G,0
"104568726",NAIVASHA_VIWANDANI_2G,2106
"104661746",NAIVASHA_KABATI_4G,
"104765178",NAIVASHA_2G,610
"105054509",NAIVASHA_2G,824
"105054659",NAIVASHA_MARORO_4G,2630
"105134117",NAIVASHA_SITE_AND_SERVICE_4G,642
"105236268",NAIVASHA_SITE_AND_SERVICE_4G,
"105424315",NAIVASHA_VIWANDANI_3G,496
"105424388",NAIVASHA_VIWANDANI_4G,610
"105426124",NAIVASHA_KABATI_2G,708
"105426241",NAIVASHA_VIWANDANI_2G,526
"105426278",NAIVASHA_SULMAC_2G,282
"105426476",NAIVASHA_SITE_AND_SERVICE_4G,1206
"105481429",NAIVASHA_MARORO_2G,80
"105482964",NAIVASHA_SOUTH_3G,152
"105483357",NAIVASHA_VIWANDANI_2G,126
"105526040",NAIVASHA_2G,332
"105567001",NAIVASHA_NORTH_LAKE_ROAD_2G,1104
"105640140",NAIVASHA_2G,544
"105640210",NAIVASHA_KENYATTA_AVENUE_3G,1424
"105640448",NAIVASHA_MARORO_3G,360
"105715638",NAIVASHA_VIWANDANI_4G,80
"105797587",NAIVASHA_SOUTH_2G,456
"105797947",NAIVASHA_MARORO_4G,60
"105887454",NAIVASHA_SITE_AND_SERVICE_4G,7962
"105887663",NAIVASHA_SOUTH_4G,242
"105887715",NAIVASHA_KENYATTA_AVENUE_4G,636
"105889961",NAIVASHA_VIWANDANI_3G,298
"105890029",NAIVASHA_SITE_AND_SERVICE_2G,154
"105890076",NAIVASHA_KENYATTA_AVENUE_2G,5334
"105897632",NAIVASHA_SULMAC_2G,248
"731011097",NAIVASHA_2G,78
"731011787",NAIVASHA_SITE_AND_SERVICE_3G,2084
"731016014",NAIVASHA_2G,92
"731029157",NAIVASHA_SOUTH_3G,4000
"731038575",NAIVASHA_SITE_AND_SERVICE_3G,842
"731043636",NAIVASHA_SOUTH_4G,108
"731093761",NAIVASHA_SOUTH_3G,1014
"731230914",NAIVASHA_SULMAC_2G,430
"731235065",NAIVASHA_2G,194
"731246997",NAIVASHA_SOUTH_2G,0
"731252050",NAIVASHA_4G,4350
"731252681",NAIVASHA_NORTH_LAKE_ROAD_4G,96
"731253752",NAIVASHA_SOUTH_4G,40
"731297347",NAIVASHA_KABATI_3G,24
"731297985",NAIVASHA_KABATI_2G,16
"731298027",NAIVASHA_MARORO_4G,490
"731307349",NAIVASHA_VIWANDANI_4G,100
"731315541",NAIVASHA_KENYATTA_AVENUE_3G,2938
"731318335",NAIVASHA_3G,332
"731347806",NAIVASHA_KABATI_4G,2996
"731387823",NAIVASHA_3G,540
"731407589",NAIVASHA_MARORO_3G,398
"731411116",NAIVASHA_2G,346
"731427332",NAIVASHA_NORTH_LAKE_ROAD_4G,1890
"731431190",NAIVASHA_KENYATTA_AVENUE_3G,832
"731459487",NAIVASHA_KENYATTA_AVENUE_2G,370
"731460473",NAIVASHA_2G,612
"731462119",NAIVASHA_2G,48
"731466367",NAIVASHA_3G,1130
"731471803",NAIVASHA_SITE_AND_SERVICE_3G,86
"731471978",NAIVASHA_NORTH_LAKE_ROAD_4G,2130
"731473030",NAIVASHA_CRATER_LAKE_2G,230
"731475773",NAIVASHA_SULMAC_2G,438
"731475898",NAIVASHA_SITE_AND_SERVICE_2G,158
"731477773",NAIVASHA_KABATI_2G,440
"731477861",NAIVASHA_KENYATTA_AVENUE_3G,1086
"731497675",NAIVASHA_VIWANDANI_4G,66
"731504026",NAIVASHA_SOUTH_3G,1006
"731507388",NAIVASHA_SOUTH_2G,426
"731517433",NAIVASHA_2G,546
"731549029",NAIVASHA_SOUTH_3G,272
"731557251",NAIVASHA_KABATI_2G,14
"731571051",NAIVASHA_KENYATTA_AVENUE_3G,762
"731572679",NAIVASHA_KABATI_2G,144
"731573336",NAIVASHA_SOUTH_2G,6
"731586432",NAIVASHA_CRATER_LAKE_2G,90
"731590560",NAIVASHA_SOUTH_2G,858
"731600488",NAIVASHA_MARORO_3G,1486
"731613075",NAIVASHA_SOUTH_3G,110
"731618832",NAIVASHA_VIWANDANI_2G,38
"731620203",NAIVASHA_SITE_AND_SERVICE_3G,1966
"731622770",NAIVASHA_SOUTH_4G,924
"731627800",NAIVASHA_SITE_AND_SERVICE_3G,1948
"731629534",NAIVASHA_SULMAC_3G,512
"731633782",NAIVASHA_2G,
"731640398",NAIVASHA_VIWANDANI_4G,2426
"731646332",NAIVASHA_SULMAC_2G,720
"731651390",NAIVASHA_SOUTH_3G,56
"731686660",NAIVASHA_SITE_AND_SERVICE_3G,96
"731688414",NAIVASHA_VIWANDANI_2G,148
"731698188",NAIVASHA_MARORO_2G,152
"731707188",NAIVASHA_2G,
"731708722",NAIVASHA_SITE_AND_SERVICE_3G,2562
"731717035",NAIVASHA_SOUTH_4G,2104
"731744120",NAIVASHA_SULMAC_2G,418
"731747237",NAIVASHA_MARORO_4G,1726
"731795312",NAIVASHA_VIWANDANI_2G,44
"731802567",NAIVASHA_2G,74
"731848277",NAIVASHA_KABATI_4G,498
"731849689",NAIVASHA_MARORO_2G,934
"731876036",NAIVASHA_SITE_AND_SERVICE_4G,3172
"731891224",NAIVASHA_3G,308
"731896754",NAIVASHA_2G,114
"731935764",NAIVASHA_KABATI_3G,590
"731952535",NAIVASHA_2G,1370
"731955496",NAIVASHA_SOUTH_2G,54
"731985395",NAIVASHA_3G,220
"731991277",NAIVASHA_3G,20
"732007048",NAIVASHA_2G,990
"732017244",NAIVASHA_VIWANDANI_3G,78
"732017725",NAIVASHA_KABATI_2G,584
"732027562",NAIVASHA_SOUTH_3G,48
"732038835",NAIVASHA_MARORO_3G,20
"732058160",NAIVASHA_MARORO_2G,246
"732099115",NAIVASHA_SITE_AND_SERVICE_2G,460
"732200355",NAIVASHA_MARORO_2G,68
"732217547",NAIVASHA_MARORO_4G,940
"732223954",NAIVASHA_2G,
"732231110",NAIVASHA_2G,78
"732238529",NAIVASHA_KENYATTA_AVENUE_4G,2498
"732242287",NAIVASHA_MARORO_2G,194
"732254498",NAIVASHA_KABATI_3G,230
"732284264",NAIVASHA_KABATI_4G,1548
"732286022",NAIVASHA_MARORO_2G,30
"732297287",NAIVASHA_MARORO_2G,
"732326800",NAIVASHA_3G,718
"732328337",NAIVASHA_SOUTH_2G,154
"732328931",NAIVASHA_2G,1590
"732388425",NAIVASHA_2G,400
"732396271",NAIVASHA_2G,168
"732407536",NAIVASHA_VIWANDANI_4G,3136
"732427108",NAIVASHA_SOUTH_3G,176
"732448816",NAIVASHA_VIWANDANI_4G,104
"732450738",NAIVASHA_CRATER_LAKE_4G,260
"732461538",NAIVASHA_CRATER_LAKE_2G,346
"732466818",NAIVASHA_KENYATTA_AVENUE_4G,1940
"732489596",NAIVASHA_VIWANDANI_3G,588
"732499192",NAIVASHA_SITE_AND_SERVICE_3G,1404
"732508728",NAIVASHA_MARORO_2G,672
"732539710",NAIVASHA_3G,1488
"732540290",NAIVASHA_SOUTH_2G,112
"732552463",NAIVASHA_MARORO_2G,354
"732565169",NAIVASHA_MARORO_3G,1488
"732565495",NAIVASHA_4G,8000
"732568443",NAIVASHA_MARORO_3G,58
"732570003",NAIVASHA_MARORO_3G,1540
"732591757",NAIVASHA_2G,130
"732625868",NAIVASHA_KENYATTA_AVENUE_4G,1018
"732638385",NAIVASHA_VIWANDANI_4G,84
"732644817",NAIVASHA_VIWANDANI_2G,6
"732663651",NAIVASHA_SOUTH_3G,108
"732683360",NAIVASHA_SITE_AND_SERVICE_3G,
"732683851",NAIVASHA_2G,2912
"732685506",NAIVASHA_VIWANDANI_2G,
"732688622",NAIVASHA_VIWANDANI_3G,2464
"732698788",NAIVASHA_SOUTH_2G,94
"732716666",NAIVASHA_SOUTH_2G,372
"732736466",NAIVASHA_VIWANDANI_2G,0
"732737171",NAIVASHA_SITE_AND_SERVICE_2G,206
"732740403",NAIVASHA_MARORO_4G,4226
"732742737",NAIVASHA_KABATI_3G,134
"732743443",NAIVASHA_MARORO_3G,900
"732745310",NAIVASHA_MARORO_2G,178
"732754565",NAIVASHA_VIWANDANI_4G,5134
"732755340",NAIVASHA_KABATI_2G,266
"732757365",NAIVASHA_KABATI_2G,840
"732758654",NAIVASHA_3G,742
"732758899",NAIVASHA_NORTH_LAKE_ROAD_4G,224
"732759991",NAIVASHA_SITE_AND_SERVICE_3G,3724
"732766304",NAIVASHA_2G,1678
"732780588",NAIVASHA_KABATI_2G,26
"732781436",NAIVASHA_SOUTH_3G,760
"732787745",NAIVASHA_KABATI_4G,1444
"732793724",NAIVASHA_VIWANDANI_3G,318
"732801416",NAIVASHA_MARORO_3G,376
"732801511",NAIVASHA_KENYATTA_AVENUE_4G,1866
"732801774",NAIVASHA_MARORO_2G,1112
"732807687",NAIVASHA_KABATI_2G,482
"732809820",NAIVASHA_2G,144
"732820721",NAIVASHA_KENYATTA_AVENUE_2G,586
"732835260",NAIVASHA_SOUTH_3G,370
"732838361",NAIVASHA_SOUTH_3G,28
"732858622",NAIVASHA_VIWANDANI_2G,
"732859887",NAIVASHA_SITE_AND_SERVICE_4G,
"732920528",NAIVASHA_KABATI_2G,110
"732921001",NAIVASHA_VIWANDANI_2G,2132
"732926818",NAIVASHA_MARORO_4G,1360
"732927155",NAIVASHA_MARORO_2G,1072
"732933917",NAIVASHA_2G,288
"732952985",NAIVASHA_MARORO_2G,494
"732983029",NAIVASHA_2G,336
"732983821",NAIVASHA_KENYATTA_AVENUE_4G,614
"732986383",NAIVASHA_VIWANDANI_3G,2680
"733127122",NAIVASHA_4G,
"733145931",NAIVASHA_SITE_AND_SERVICE_3G,702
"733211222",NAIVASHA_2G,22
"733249985",NAIVASHA_MARORO_2G,402
"733265124",NAIVASHA_NORTH_LAKE_ROAD_2G,500
"733268377",NAIVASHA_2G,1752
"733278028",NAIVASHA_NORTH_LAKE_ROAD_2G,3294
"733280674",NAIVASHA_2G,
"733284967",NAIVASHA_KENYATTA_AVENUE_4G,1630
"733294699",NAIVASHA_2G,720
"733383100",NAIVASHA_KABATI_2G,90
"733403999",NAIVASHA_2G,762
"733429284",NAIVASHA_SITE_AND_SERVICE_3G,1444
"733429691",NAIVASHA_MARORO_4G,1094
"733440978",NAIVASHA_4G,1730
"733445265",NAIVASHA_KABATI_4G,728
"733448840",NAIVASHA_SOUTH_2G,950
"733451842",NAIVASHA_MARORO_2G,194
"733457106",NAIVASHA_VIWANDANI_3G,622
"733460413",NAIVASHA_4G,3902
"733463609",NAIVASHA_2G,464
"733464376",NAIVASHA_2G,34
"733489133",NAIVASHA_KABATI_3G,378
"733489562",NAIVASHA_VIWANDANI_4G,474
"733501760",NAIVASHA_MARORO_3G,1488
"733509695",NAIVASHA_KABATI_2G,414
"733515138",NAIVASHA_SITE_AND_SERVICE_2G,672
"733520820",NAIVASHA_KENYATTA_AVENUE_4G,440
"733524254",NAIVASHA_SULMAC_4G,20
"733525936",NAIVASHA_2G,320
"733530827",NAIVASHA_NORTH_LAKE_ROAD_3G,
"733544745",NAIVASHA_SITE_AND_SERVICE_4G,4540
"733558156",NAIVASHA_VIWANDANI_4G,638
"733590293",NAIVASHA_4G,
"733602171",NAIVASHA_KABATI_4G,260
"733609227",NAIVASHA_2G,540
"733620308",NAIVASHA_SITE_AND_SERVICE_2G,650
"733621828",NAIVASHA_VIWANDANI_4G,1656
"733623142",NAIVASHA_3G,1612
"733647197",NAIVASHA_VIWANDANI_4G,186
"733655367",NAIVASHA_KENYATTA_AVENUE_2G,2336
"733683377",NAIVASHA_3G,382
"733707098",NAIVASHA_2G,398
"733757331",NAIVASHA_VIWANDANI_3G,2226
"733761151",NAIVASHA_KABATI_4G,58
"733769390",NAIVASHA_VIWANDANI_4G,
"733774210",NAIVASHA_SITE_AND_SERVICE_4G,178
"733779929",NAIVASHA_KABATI_2G,228
"733780106",NAIVASHA_2G,60
"733782487",NAIVASHA_NORTH_LAKE_ROAD_2G,4
"733797166",NAIVASHA_VIWANDANI_4G,238
"733806165",NAIVASHA_VIWANDANI_2G,1444
"733821209",NAIVASHA_2G,170
"733833823",NAIVASHA_3G,64
"733847600",NAIVASHA_VIWANDANI_3G,1170
"733848869",NAIVASHA_VIWANDANI_4G,2032
"733857927",NAIVASHA_4G,2000
"733872470",NAIVASHA_SOUTH_4G,714
"733894572",NAIVASHA_MARORO_3G,944
"733895093",NAIVASHA_MARORO_4G,1926
"733901862",NAIVASHA_MARORO_3G,20
"733903355",NAIVASHA_MARORO_2G,406
"733909952",NAIVASHA_KABATI_3G,1494
"733910003",NAIVASHA_VIWANDANI_4G,58
"733911493",NAIVASHA_KENYATTA_AVENUE_4G,3068
"733915226",NAIVASHA_KABATI_4G,602
"733930544",NAIVASHA_KABATI_3G,158
"733936218",NAIVASHA_MARORO_2G,774
"733938677",NAIVASHA_SOUTH_2G,282
"733953412",NAIVASHA_SOUTH_4G,2680
"733959945",NAIVASHA_SITE_AND_SERVICE_3G,738
"733975295",NAIVASHA_KABATI_2G,618
"733981327",NAIVASHA_SITE_AND_SERVICE_3G,0
"733995517",NAIVASHA_SOUTH_2G,760
"734005309",NAIVASHA_MARORO_2G,1114
"734006761",NAIVASHA_CRATER_LAKE_2G,204
"734012041",NAIVASHA_SITE_AND_SERVICE_3G,654
"734016678",NAIVASHA_2G,632
"734024672",NAIVASHA_SOUTH_3G,132
"734048782",NAIVASHA_KABATI_2G,4066
"734077860",NAIVASHA_VIWANDANI_3G,160
"734096150",NAIVASHA_MARORO_2G,576
"734222098",NAIVASHA_SITE_AND_SERVICE_3G,4192
"734229033",NAIVASHA_2G,300
"734229602",NAIVASHA_KABATI_4G,1332
"734262492",NAIVASHA_KABATI_4G,120
"734277415",NAIVASHA_4G,1318
"734288053",NAIVASHA_MARORO_2G,
"734295002",NAIVASHA_KABATI_2G,1180
"734300668",NAIVASHA_VIWANDANI_2G,864
"734313509",NAIVASHA_KABATI_2G,514
"734319060",NAIVASHA_2G,954
"734322532",NAIVASHA_MARORO_2G,276
"734350674",NAIVASHA_SITE_AND_SERVICE_3G,728
"734352866",NAIVASHA_KENYATTA_AVENUE_4G,1828
"734360557",NAIVASHA_SITE_AND_SERVICE_3G,26
"734365005",NAIVASHA_VIWANDANI_2G,80
"734372845",NAIVASHA_MARORO_4G,
"734397776",NAIVASHA_SITE_AND_SERVICE_2G,414
"734402082",NAIVASHA_VIWANDANI_3G,2692
"734407258",NAIVASHA_VIWANDANI_4G,0
"734411584",NAIVASHA_SITE_AND_SERVICE_3G,18
"734414314",NAIVASHA_MARORO_4G,140
"734414501",NAIVASHA_SULMAC_2G,38
"734425830",NAIVASHA_KENYATTA_AVENUE_2G,1248
"734429593",NAIVASHA_MARORO_2G,64
"734435652",NAIVASHA_4G,38
"734437245",NAIVASHA_SITE_AND_SERVICE_2G,1992
"734438978",NAIVASHA_KENYATTA_AVENUE_3G,2316
"734450445",NAIVASHA_SITE_AND_SERVICE_4G,448
"734452004",NAIVASHA_VIWANDANI_2G,388
"734453428",NAIVASHA_KENYATTA_AVENUE_3G,1112
"734461160",NAIVASHA_KENYATTA_AVENUE_3G,960
"734480879",NAIVASHA_SOUTH_2G,844
"734520931",NAIVASHA_2G,1306
"734540353",NAIVASHA_3G,1350
"734544154",NAIVASHA_KABATI_2G,368
"734551566",NAIVASHA_MARORO_2G,278
"734566997",NAIVASHA_MARORO_2G,1056
"734582142",NAIVASHA_SULMAC_2G,498
"734618967",NAIVASHA_KABATI_3G,1796
"734659206",NAIVASHA_SITE_AND_SERVICE_2G,
"734659984",NAIVASHA_SOUTH_3G,674
"734666838",NAIVASHA_VIWANDANI_2G,0
"734692227",NAIVASHA_SITE_AND_SERVICE_4G,1580
"734693235",NAIVASHA_VIWANDANI_2G,334
"734694858",NAIVASHA_2G,560
"734695540",NAIVASHA_SITE_AND_SERVICE_3G,2406
"734698022",NAIVASHA_SITE_AND_SERVICE_4G,952
