"TELEPHONIC_ADDRESS_ID","SITE_NAME","3"
"100125053",MOMBASA_NYALI_NORTH_3G,70
"100201634",MOMBASA_NYALI_BEACH_4G,186
"100206190",MOMBASA_NYALI_NORTH_2G,624
"100214860",MOMBASA_NYALI_SOUTH_3G,1234
"100233430",MOMBASA_NYALI_MAWENI_4G,216
"100267024",MOMBASA_NYALI_MAWENI_2G,164
"100310174",MOMBASA_NYALI_MAWENI_2G,1358
"100312558",MOMBASA_NYALI_NORTH_4G,1430
"100319881",MOMBASA_NYALI_MAWENI_2G,40
"100330242",MOMBASA_NYALI_CENTRE_3G,1144
"100387291",MOMBASA_NYALI_MAWENI_4G,1304
"100437942",MOMBASA_NYALI_MAWENI_4G,346
"100446974",MOMBASA_NYALI_MAWENI_2G,678
"100528682",MOMBASA_NYALI_MAWENI_3G,296
"100569873",MOMBASA_NYALI_MAWENI_2G,1402
"100626611",MOMBASA_NYALI_CENTRE_2G,382
"100631569",MOMBASA_NYALI_LINKS_4G,1432
"100641069",MOMBASA_NYALI_GOLF_COURSE_3G,882
"100663615",MOMBASA_NYALI_MAWENI_2G,1898
"100739872",MOMBASA_NYALI_CENTRE_4G,1194
"100783998",MOMBASA_NYALI_MAWENI_3G,2608
"100826066",MOMBASA_NYALI_CENTRE_2G,1324
"100855612",MOMBASA_NYALI_MAWENI_2G,118
"100930159",MOMBASA_NYALI_CENTRE_2G,6
"100958475",MOMBASA_NYALI_SOUTH_3G,1006
"100960130",MOMBASA_NYALI_CENTRE_2G,120
"101064006",MOMBASA_NYALI_SOUTH_2G,2366
"101064094",MOMBASA_NYALI_GOLF_COURSE_2G,716
"101080902",MOMBASA_NYALI_MAWENI_2G,1726
"101124858",MOMBASA_NYALI_NORTH_3G,86
"101177560",MOMBASA_NYALI_MAWENI_2G,48
"101184430",MOMBASA_NYALI_MAWENI_2G,30
"101207571",MOMBASA_NYALI_MAWENI_2G,300
"101208311",MOMBASA_NYALI_CENTRE_3G,194
"101209550",MOMBASA_NYALI_LINKS_4G,440
"101358892",MOMBASA_NYALI_BEACH_4G,2220
"101370637",MOMBASA_NYALI_NORTH_2G,62
"101377816",MOMBASA_NYALI_SOUTH_4G,1036
"101387077",MOMBASA_NYALI_MAWENI_3G,2430
"101408275",MOMBASA_NYALI_NORTH_3G,272
"101449775",MOMBASA_NYALI_MAWENI_3G,2244
"101452254",MOMBASA_NYALI_LINKS_2G,448
"101465612",MOMBASA_NYALI_NORTH_4G,
"101506589",MOMBASA_NYALI_SOUTH_3G,1790
"101510534",MOMBASA_NYALI_CENTRE_2G,270
"101532383",MOMBASA_NYALI_MAWENI_2G,146
"101575744",MOMBASA_NYALI_MAWENI_2G,1104
"101649582",MOMBASA_NYALI_MAWENI_2G,362
"101698136",MOMBASA_NYALI_GOLF_COURSE_2G,812
"101740691",MOMBASA_NYALI_BEACH_3G,0
"101845570",MOMBASA_NYALI_MAWENI_3G,216
"101912903",MOMBASA_NYALI_NORTH_2G,978
"101923239",MOMBASA_NYALI_SOUTH_4G,760
"101964381",MOMBASA_NYALI_LINKS_2G,396
"102131030",MOMBASA_NYALI_SOUTH_4G,260
"102195825",MOMBASA_NYALI_NORTH_3G,6374
"102306240",MOMBASA_NYALI_MAWENI_4G,1392
"102433980",MOMBASA_NYALI_MAWENI_2G,954
"102468030",MOMBASA_NYALI_SOUTH_2G,634
"102471228",MOMBASA_NYALI_NORTH_2G,176
"102647124",MOMBASA_NYALI_MAWENI_3G,658
"102699146",MOMBASA_NYALI_MAWENI_2G,1088
"102802810",MOMBASA_NYALI_NORTH_2G,68
"102942590",MOMBASA_NYALI_SOUTH_3G,964
"103044700",MOMBASA_NYALI_NORTH_2G,0
"103047433",MOMBASA_NYALI_NORTH_2G,378
"103085061",MOMBASA_NYALI_LINKS_2G,834
"103292200",MOMBASA_NYALI_NORTH_2G,1062
"103370250",MOMBASA_NYALI_MAWENI_3G,972
"103470669",MOMBASA_NYALI_MAWENI_2G,18
"103550711",MOMBASA_NYALI_NORTH_3G,2290
"103673300",MOMBASA_NYALI_MAWENI_3G,630
"103706464",MOMBASA_NYALI_NORTH_2G,374
"103707941",MOMBASA_NYALI_CENTRE_2G,3484
"103795462",MOMBASA_NYALI_MAWENI_4G,400
"103891291",MOMBASA_NYALI_SOUTH_2G,1398
"103906021",MOMBASA_NYALI_CENTRE_2G,
"103994494",MOMBASA_NYALI_SOUTH_4G,882
"104537175",MOMBASA_NYALI_NORTH_2G,300
"104768788",MOMBASA_NYALI_MAWENI_2G,612
"105050276",MOMBASA_NYALI_NORTH_4G,824
"105168869",MOMBASA_NYALI_MAWENI_2G,92
"105169028",MOMBASA_NYALI_NORTH_2G,102
"105192980",MOMBASA_NYALI_MAWENI_4G,2
"105195210",MOMBASA_NYALI_MAWENI_3G,4068
"105241252",MOMBASA_NYALI_NORTH_2G,288
"105241257",MOMBASA_NYALI_NORTH_4G,216
"105254082",MOMBASA_NYALI_NORTH_2G,2152
"105254314",MOMBASA_NYALI_MAWENI_2G,2280
"105272694",MOMBASA_NYALI_MAWENI_2G,1084
"105376570",MOMBASA_NYALI_MAWENI_2G,562
"105378745",MOMBASA_NYALI_MAWENI_3G,1344
"105381422",MOMBASA_NYALI_CENTRE_2G,540
"105406010",MOMBASA_NYALI_SOUTH_2G,660
"105409407",MOMBASA_NYALI_MAWENI_3G,454
"105410571",MOMBASA_NYALI_NORTH_3G,4042
"105445719",MOMBASA_NYALI_NORTH_2G,600
"105917722",MOMBASA_NYALI_MAWENI_2G,638
"731011129",MOMBASA_NYALI_MAWENI_4G,1412
"731041481",MOMBASA_NYALI_NORTH_2G,216
"731227863",MOMBASA_NYALI_LINKS_3G,344
"731231044",MOMBASA_NYALI_NORTH_4G,288
"731239615",MOMBASA_NYALI_MAWENI_2G,846
"731243897",MOMBASA_NYALI_CENTRE_3G,0
"731274818",MOMBASA_NYALI_MAWENI_2G,1060
"731277215",MOMBASA_NYALI_NORTH_3G,98
"731341948",MOMBASA_NYALI_MAWENI_3G,132
"731447402",MOMBASA_NYALI_MAWENI_3G,496
"731448162",MOMBASA_NYALI_LINKS_2G,430
"731570307",MOMBASA_NYALI_CENTRE_4G,3096
"731575651",MOMBASA_NYALI_NORTH_3G,1250
"731586654",MOMBASA_NYALI_BEACH_3G,72
"731609019",MOMBASA_NYALI_SOUTH_3G,2392
"731627775",MOMBASA_NYALI_MAWENI_2G,1598
"731690064",MOMBASA_NYALI_CENTRE_3G,1610
"731697932",MOMBASA_NYALI_MAWENI_2G,50
"731701362",MOMBASA_NYALI_SOUTH_2G,140
"731707145",MOMBASA_NYALI_CENTRE_2G,52
"731715384",MOMBASA_NYALI_LINKS_4G,398
"731783066",MOMBASA_NYALI_NORTH_3G,1064
"731838816",MOMBASA_NYALI_LINKS_2G,738
"731851006",MOMBASA_NYALI_MAWENI_3G,4544
"731864806",MOMBASA_NYALI_MAWENI_4G,148
"731936683",MOMBASA_NYALI_SOUTH_4G,
"731948173",MOMBASA_NYALI_NORTH_3G,0
"731958240",MOMBASA_NYALI_CENTRE_2G,762
"731959365",MOMBASA_NYALI_MAWENI_2G,2652
"732015884",MOMBASA_NYALI_LINKS_2G,304
"732072827",MOMBASA_NYALI_SOUTH_2G,590
"732078960",MOMBASA_NYALI_MAWENI_3G,
"732212842",MOMBASA_NYALI_MAWENI_3G,464
"732216883",MOMBASA_NYALI_NORTH_3G,128
"732267278",MOMBASA_NYALI_CENTRE_3G,1080
"732278393",MOMBASA_NYALI_NORTH_2G,84
"732287728",MOMBASA_NYALI_SOUTH_4G,4000
"732312425",MOMBASA_NYALI_MAWENI_3G,870
"732317751",MOMBASA_NYALI_MAWENI_3G,646
"732319507",MOMBASA_NYALI_MAWENI_2G,530
"732414999",MOMBASA_NYALI_CENTRE_2G,4298
"732461279",MOMBASA_NYALI_NORTH_3G,612
"732505668",MOMBASA_NYALI_MAWENI_2G,200
"732562050",MOMBASA_NYALI_NORTH_2G,568
"732614982",MOMBASA_NYALI_CENTRE_2G,0
"732627396",MOMBASA_NYALI_LINKS_2G,12
"732731381",MOMBASA_NYALI_MAWENI_3G,718
"732768403",MOMBASA_NYALI_MAWENI_2G,356
"732777344",MOMBASA_NYALI_NORTH_3G,118
"732793557",MOMBASA_NYALI_MAWENI_3G,756
"732823294",MOMBASA_NYALI_MAWENI_3G,3006
"732827901",MOMBASA_NYALI_MAWENI_3G,750
"732844045",MOMBASA_NYALI_SOUTH_2G,56
"732922690",MOMBASA_NYALI_CENTRE_4G,304
"733180164",MOMBASA_NYALI_CENTRE_2G,594
"733184649",MOMBASA_NYALI_NORTH_3G,1118
"733221281",MOMBASA_NYALI_CENTRE_2G,330
"733229934",MOMBASA_NYALI_GOLF_COURSE_4G,270
"733286225",MOMBASA_NYALI_LINKS_2G,1266
"733293229",MOMBASA_NYALI_SOUTH_3G,226
"733295376",MOMBASA_NYALI_MAWENI_2G,488
"733298621",MOMBASA_NYALI_MAWENI_3G,160
"733341842",MOMBASA_NYALI_MAWENI_3G,486
"733388561",MOMBASA_NYALI_MAWENI_4G,280
"733393801",MOMBASA_NYALI_MAWENI_3G,1462
"733396548",MOMBASA_NYALI_MAWENI_3G,6560
"733397971",MOMBASA_NYALI_MAWENI_2G,114
"733400343",MOMBASA_NYALI_NORTH_4G,574
"733401307",MOMBASA_NYALI_MAWENI_2G,818
"733420407",MOMBASA_NYALI_CENTRE_4G,3656
"733504737",MOMBASA_NYALI_MAWENI_3G,1186
"733506602",MOMBASA_NYALI_MAWENI_2G,14
"733646744",MOMBASA_NYALI_MAWENI_2G,
"733661782",MOMBASA_NYALI_MAWENI_3G,
"733667116",MOMBASA_NYALI_MAWENI_2G,1556
"733737278",MOMBASA_NYALI_MAWENI_2G,684
"733745149",MOMBASA_NYALI_MAWENI_3G,520
"733753376",MOMBASA_NYALI_NORTH_3G,1600
"733788507",MOMBASA_NYALI_NORTH_3G,872
"733920606",MOMBASA_NYALI_MAWENI_2G,360
"733948263",MOMBASA_NYALI_MAWENI_2G,214
"733991383",MOMBASA_NYALI_MAWENI_3G,920
"734024872",MOMBASA_NYALI_MAWENI_3G,334
"734049139",MOMBASA_NYALI_MAWENI_3G,1342
"734051875",MOMBASA_NYALI_CENTRE_2G,
"734099410",MOMBASA_NYALI_NORTH_4G,18
"734228737",MOMBASA_NYALI_CENTRE_4G,1416
"734238160",MOMBASA_NYALI_NORTH_3G,
"734270329",MOMBASA_NYALI_MAWENI_2G,272
"734274589",MOMBASA_NYALI_MAWENI_2G,140
"734362488",MOMBASA_NYALI_SOUTH_4G,1912
"734407498",MOMBASA_NYALI_MAWENI_3G,160
"734443703",MOMBASA_NYALI_MAWENI_2G,
"734495438",MOMBASA_NYALI_CENTRE_2G,202
"734502976",MOMBASA_NYALI_MAWENI_4G,200
"734503039",MOMBASA_NYALI_MAWENI_2G,446
"734526103",MOMBASA_NYALI_NORTH_4G,400
"734556507",MOMBASA_NYALI_NORTH_2G,396
"734565259",MOMBASA_NYALI_MAWENI_3G,1194
"734590906",MOMBASA_NYALI_CENTRE_2G,
"734613679",MOMBASA_NYALI_MAWENI_3G,280
"734636386",MOMBASA_NYALI_CENTRE_2G,340
"734650508",MOMBASA_NYALI_MAWENI_2G,
"734703040",MOMBASA_NYALI_NORTH_4G,400
"734767206",MOMBASA_NYALI_NORTH_4G,1782
"734773044",MOMBASA_NYALI_MAWENI_3G,14
"734780524",MOMBASA_NYALI_MAWENI_4G,898
"734814550",MOMBASA_NYALI_SOUTH_2G,132
"734831556",MOMBASA_NYALI_CENTRE_2G,320
"734839613",MOMBASA_NYALI_CENTRE_2G,1286
"734860592",MOMBASA_NYALI_BEACH_4G,1064
"734929680",MOMBASA_NYALI_NORTH_4G,170
"734984925",MOMBASA_NYALI_MAWENI_2G,272
"734993683",MOMBASA_NYALI_CENTRE_3G,18
"735001209",MOMBASA_NYALI_MAWENI_3G,1596
"735003500",MOMBASA_NYALI_CENTRE_4G,
"735031989",MOMBASA_NYALI_MAWENI_2G,220
"735041567",MOMBASA_NYALI_LINKS_4G,928
"735045500",MOMBASA_NYALI_MAWENI_2G,60
"735074383",MOMBASA_NYALI_LINKS_2G,124
"735149190",MOMBASA_NYALI_NORTH_4G,160
"735170468",MOMBASA_NYALI_MAWENI_4G,182
"735278034",MOMBASA_NYALI_LINKS_4G,356
"735326048",MOMBASA_NYALI_SOUTH_2G,2962
"735329891",MOMBASA_NYALI_LINKS_3G,50
"735348279",MOMBASA_NYALI_MAWENI_2G,58
"735351460",MOMBASA_NYALI_MAWENI_4G,156
"735372577",MOMBASA_NYALI_GOLF_COURSE_2G,624
"735388038",MOMBASA_NYALI_BEACH_2G,878
"735428692",MOMBASA_NYALI_MAWENI_4G,2444
"735446192",MOMBASA_NYALI_MAWENI_4G,
"735462883",MOMBASA_NYALI_CENTRE_3G,86
"735494616",MOMBASA_NYALI_NORTH_4G,2430
"735506001",MOMBASA_NYALI_MAWENI_3G,866
"735521191",MOMBASA_NYALI_SOUTH_4G,846
"735521537",MOMBASA_NYALI_MAWENI_2G,
"735523394",MOMBASA_NYALI_MAWENI_3G,808
"735532317",MOMBASA_NYALI_MAWENI_2G,522
"735542008",MOMBASA_NYALI_CENTRE_4G,1676
"735591058",MOMBASA_NYALI_MAWENI_2G,
"735674880",MOMBASA_NYALI_MAWENI_2G,460
"735711008",MOMBASA_NYALI_CENTRE_2G,2140
"735784664",MOMBASA_NYALI_MAWENI_2G,276
"735816225",MOMBASA_NYALI_MAWENI_2G,704
"735863943",MOMBASA_NYALI_LINKS_2G,1882
"735885695",MOMBASA_NYALI_MAWENI_4G,456
"735911053",MOMBASA_NYALI_CENTRE_4G,
"735923909",MOMBASA_NYALI_MAWENI_3G,676
"735924584",MOMBASA_NYALI_LINKS_2G,106
"735926042",MOMBASA_NYALI_LINKS_2G,46
"735943880",MOMBASA_NYALI_SOUTH_2G,128
"735970102",MOMBASA_NYALI_SOUTH_4G,
"735975933",MOMBASA_NYALI_NORTH_4G,
"735981298",MOMBASA_NYALI_MAWENI_4G,730
"735997629",MOMBASA_NYALI_NORTH_2G,2042
"735997984",MOMBASA_NYALI_NORTH_3G,1820
"736054267",MOMBASA_NYALI_MAWENI_2G,
"736057431",MOMBASA_NYALI_NORTH_2G,264
"736099613",MOMBASA_NYALI_MAWENI_2G,356
"736129725",MOMBASA_NYALI_LINKS_4G,262
"736136281",MOMBASA_NYALI_NORTH_2G,902
"736138786",MOMBASA_NYALI_MAWENI_4G,878
"736141922",MOMBASA_NYALI_MAWENI_3G,546
"736163616",MOMBASA_NYALI_NORTH_3G,1212
"736165412",MOMBASA_NYALI_NORTH_2G,204
"736195534",MOMBASA_NYALI_MAWENI_2G,558
"736214593",MOMBASA_NYALI_MAWENI_2G,770
"736277086",MOMBASA_NYALI_LINKS_3G,1236
"736304281",MOMBASA_NYALI_NORTH_2G,370
"736315373",MOMBASA_NYALI_CENTRE_3G,520
"736319038",MOMBASA_NYALI_MAWENI_2G,510
"736343203",MOMBASA_NYALI_NORTH_2G,20
"736348387",MOMBASA_NYALI_CENTRE_2G,
"736408619",MOMBASA_NYALI_LINKS_4G,6000
"736420590",MOMBASA_NYALI_BEACH_4G,1024
"736447884",MOMBASA_NYALI_CENTRE_3G,1220
"736507419",MOMBASA_NYALI_LINKS_2G,284
"736526173",MOMBASA_NYALI_MAWENI_3G,14
"736544825",MOMBASA_NYALI_LINKS_4G,2674
"736592448",MOMBASA_NYALI_NORTH_2G,1334
"736594954",MOMBASA_NYALI_MAWENI_2G,140
"736595024",MOMBASA_NYALI_MAWENI_2G,242
"736599078",MOMBASA_NYALI_CENTRE_2G,688
"736614157",MOMBASA_NYALI_MAWENI_2G,672
"736625851",MOMBASA_NYALI_LINKS_2G,838
"736636636",MOMBASA_NYALI_NORTH_4G,908
"736641494",MOMBASA_NYALI_MAWENI_2G,320
"736657018",MOMBASA_NYALI_NORTH_2G,252
"736677934",MOMBASA_NYALI_MAWENI_2G,54
"736737444",MOMBASA_NYALI_CENTRE_3G,2450
"736752034",MOMBASA_NYALI_BEACH_2G,1064
"736756574",MOMBASA_NYALI_SOUTH_2G,110
"736757635",MOMBASA_NYALI_NORTH_2G,1496
"736762440",MOMBASA_NYALI_MAWENI_2G,132
"736806033",MOMBASA_NYALI_MAWENI_3G,498
"736806876",MOMBASA_NYALI_CENTRE_4G,1694
"736820256",MOMBASA_NYALI_MAWENI_3G,246
"736837009",MOMBASA_NYALI_NORTH_2G,318
"736871630",MOMBASA_NYALI_MAWENI_3G,2826
"736906547",MOMBASA_NYALI_MAWENI_3G,172
"736912383",MOMBASA_NYALI_MAWENI_2G,286
"736914718",MOMBASA_NYALI_NORTH_3G,2328
"736940905",MOMBASA_NYALI_MAWENI_2G,740
"736984473",MOMBASA_NYALI_CENTRE_2G,790
"736985055",MOMBASA_NYALI_MAWENI_3G,56
"736986388",MOMBASA_NYALI_NORTH_3G,522
"737014079",MOMBASA_NYALI_MAWENI_2G,340
"737037710",MOMBASA_NYALI_NORTH_2G,1166
"737115144",MOMBASA_NYALI_NORTH_2G,578
"737122923",MOMBASA_NYALI_SOUTH_3G,574
"737138308",MOMBASA_NYALI_CENTRE_4G,814
"737147997",MOMBASA_NYALI_NORTH_2G,
"737155612",MOMBASA_NYALI_BEACH_2G,664
"737158209",MOMBASA_NYALI_MAWENI_2G,928
"737182754",MOMBASA_NYALI_GOLF_COURSE_4G,900
"737189681",MOMBASA_NYALI_SOUTH_2G,286
"737191136",MOMBASA_NYALI_MAWENI_4G,958
"737191517",MOMBASA_NYALI_SOUTH_2G,324
"737191971",MOMBASA_NYALI_MAWENI_2G,430
"737193009",MOMBASA_NYALI_MAWENI_2G,
"737214487",MOMBASA_NYALI_MAWENI_2G,558
"737272590",MOMBASA_NYALI_MAWENI_4G,5636
"737278969",MOMBASA_NYALI_MAWENI_3G,1160
"737296508",MOMBASA_NYALI_MAWENI_2G,850
"737346845",MOMBASA_NYALI_NORTH_2G,688
"737370961",MOMBASA_NYALI_NORTH_4G,2224
"737421444",MOMBASA_NYALI_CENTRE_2G,956
"737456337",MOMBASA_NYALI_MAWENI_2G,
"737464222",MOMBASA_NYALI_NORTH_2G,360
"737473597",MOMBASA_NYALI_MAWENI_2G,168
"737500867",MOMBASA_NYALI_SOUTH_2G,0
"737508117",MOMBASA_NYALI_NORTH_2G,172
"737514336",MOMBASA_NYALI_NORTH_2G,162
"737534352",MOMBASA_NYALI_NORTH_2G,326
"737546202",MOMBASA_NYALI_CENTRE_3G,994
"737566925",MOMBASA_NYALI_LINKS_4G,252
"737601673",MOMBASA_NYALI_MAWENI_2G,
"737619327",MOMBASA_NYALI_MAWENI_3G,86
"737620240",MOMBASA_NYALI_NORTH_3G,578
"737637856",MOMBASA_NYALI_MAWENI_2G,
"737645752",MOMBASA_NYALI_CENTRE_2G,1146
"737652481",MOMBASA_NYALI_NORTH_2G,130
"737657919",MOMBASA_NYALI_NORTH_4G,678
"737715455",MOMBASA_NYALI_MAWENI_4G,1052
"737718153",MOMBASA_NYALI_MAWENI_2G,160
"737721623",MOMBASA_NYALI_NORTH_2G,740
"737724612",MOMBASA_NYALI_MAWENI_2G,148
"737738522",MOMBASA_NYALI_MAWENI_4G,310
"737745364",MOMBASA_NYALI_MAWENI_3G,3016
"737764343",MOMBASA_NYALI_CENTRE_2G,800
"737776886",MOMBASA_NYALI_CENTRE_2G,398
"737844974",MOMBASA_NYALI_MAWENI_2G,678
"737847865",MOMBASA_NYALI_MAWENI_3G,532
"737871989",MOMBASA_NYALI_LINKS_3G,478
"737950544",MOMBASA_NYALI_MAWENI_2G,
"738021735",MOMBASA_NYALI_SOUTH_3G,
"738060168",MOMBASA_NYALI_MAWENI_2G,328
"738095095",MOMBASA_NYALI_CENTRE_2G,42
"738122418",MOMBASA_NYALI_MAWENI_2G,926
"738151016",MOMBASA_NYALI_NORTH_3G,400
"738212052",MOMBASA_NYALI_SOUTH_4G,1322
"738291258",MOMBASA_NYALI_MAWENI_3G,786
"738316650",MOMBASA_NYALI_NORTH_2G,498
"738335289",MOMBASA_NYALI_SOUTH_2G,
"738335609",MOMBASA_NYALI_LINKS_2G,1556
"738368705",MOMBASA_NYALI_CENTRE_4G,
"100103284",MOMBASA_NYALI_MAWENI_3G,2098
"100124593",MOMBASA_NYALI_MAWENI_4G,4
"100137813",MOMBASA_NYALI_NORTH_2G,58
"100171815",MOMBASA_NYALI_CENTRE_4G,912
"100219052",MOMBASA_NYALI_MAWENI_2G,236
"100231497",MOMBASA_NYALI_CENTRE_2G,1060
"100232249",MOMBASA_NYALI_NORTH_2G,200
"100264179",MOMBASA_NYALI_MAWENI_2G,930
"100283174",MOMBASA_NYALI_MAWENI_2G,228
"100283372",MOMBASA_NYALI_NORTH_2G,100
"100300206",MOMBASA_NYALI_LINKS_2G,
"100362129",MOMBASA_NYALI_LINKS_2G,686
"100420986",MOMBASA_NYALI_NORTH_2G,0
"100479434",MOMBASA_NYALI_CENTRE_2G,326
"100493945",MOMBASA_NYALI_LINKS_3G,438
"100575616",MOMBASA_NYALI_BEACH_2G,2836
"100577117",MOMBASA_NYALI_MAWENI_4G,2866
"100640433",MOMBASA_NYALI_MAWENI_2G,196
"100765105",MOMBASA_NYALI_MAWENI_3G,332
"100842925",MOMBASA_NYALI_MAWENI_3G,
"100860363",MOMBASA_NYALI_NORTH_2G,74
"100860730",MOMBASA_NYALI_GOLF_COURSE_4G,1552
"100862775",MOMBASA_NYALI_MAWENI_4G,2000
"100906536",MOMBASA_NYALI_SOUTH_2G,20
"100976195",MOMBASA_NYALI_CENTRE_3G,1668
"100998317",MOMBASA_NYALI_MAWENI_2G,312
"101057467",MOMBASA_NYALI_MAWENI_2G,378
"101060432",MOMBASA_NYALI_MAWENI_3G,1116
"101095798",MOMBASA_NYALI_MAWENI_3G,696
"101159812",MOMBASA_NYALI_NORTH_3G,714
"101170886",MOMBASA_NYALI_CENTRE_3G,2006
"101179968",MOMBASA_NYALI_CENTRE_2G,1116
"101200285",MOMBASA_NYALI_SOUTH_4G,3116
"101206809",MOMBASA_NYALI_CENTRE_3G,4902
"101208246",MOMBASA_NYALI_NORTH_3G,440
"101234467",MOMBASA_NYALI_SOUTH_4G,162
"101246880",MOMBASA_NYALI_NORTH_2G,298
"101266105",MOMBASA_NYALI_GOLF_COURSE_4G,2494
"101323877",MOMBASA_NYALI_NORTH_4G,0
"101331570",MOMBASA_NYALI_NORTH_3G,1360
"101350669",MOMBASA_NYALI_GOLF_COURSE_4G,
"101371695",MOMBASA_NYALI_NORTH_4G,1746
"101436447",MOMBASA_NYALI_MAWENI_2G,512
"101446995",MOMBASA_NYALI_CENTRE_4G,4
"101454993",MOMBASA_NYALI_LINKS_2G,192
"101465672",MOMBASA_NYALI_MAWENI_3G,352
"101548370",MOMBASA_NYALI_MAWENI_4G,390
"101568639",MOMBASA_NYALI_NORTH_2G,1388
"101601239",MOMBASA_NYALI_LINKS_2G,52
"101605191",MOMBASA_NYALI_CENTRE_2G,8994
"101678657",MOMBASA_NYALI_MAWENI_2G,248
"101696078",MOMBASA_NYALI_MAWENI_3G,186
"101715688",MOMBASA_NYALI_CENTRE_2G,486
"101739021",MOMBASA_NYALI_MAWENI_2G,312
"101781456",MOMBASA_NYALI_NORTH_4G,280
"101792765",MOMBASA_NYALI_LINKS_3G,438
"101796966",MOMBASA_NYALI_CENTRE_4G,790
"101957442",MOMBASA_NYALI_MAWENI_4G,1208
"102196398",MOMBASA_NYALI_BEACH_4G,1240
"102307188",MOMBASA_NYALI_LINKS_4G,
"102420250",MOMBASA_NYALI_MAWENI_4G,1102
"102425521",MOMBASA_NYALI_SOUTH_4G,3084
"102664347",MOMBASA_NYALI_NORTH_2G,336
"102700270",MOMBASA_NYALI_MAWENI_2G,22
"102701014",MOMBASA_NYALI_NORTH_2G,6
"102978725",MOMBASA_NYALI_LINKS_2G,898
"103012568",MOMBASA_NYALI_MAWENI_3G,1502
"103108512",MOMBASA_NYALI_CENTRE_2G,1246
"103679533",MOMBASA_NYALI_CENTRE_2G,1758
"103693606",MOMBASA_NYALI_MAWENI_3G,260
"103706878",MOMBASA_NYALI_LINKS_4G,442
"103752264",MOMBASA_NYALI_NORTH_4G,96
"103763252",MOMBASA_NYALI_LINKS_2G,
"103809109",MOMBASA_NYALI_NORTH_2G,376
"103860260",MOMBASA_NYALI_GOLF_COURSE_2G,850
"103905684",MOMBASA_NYALI_LINKS_4G,2148
"103991841",MOMBASA_NYALI_NORTH_2G,978
"104074164",MOMBASA_NYALI_SOUTH_4G,1350
"104678924",MOMBASA_NYALI_SOUTH_4G,4468
"104976004",MOMBASA_NYALI_CENTRE_3G,460
"105105307",MOMBASA_NYALI_MAWENI_2G,468
"105105490",MOMBASA_NYALI_NORTH_2G,372
"105168484",MOMBASA_NYALI_MAWENI_4G,120
"105168583",MOMBASA_NYALI_MAWENI_3G,724
"105169282",MOMBASA_NYALI_NORTH_4G,916
"105375042",MOMBASA_NYALI_NORTH_4G,1834
"105375233",MOMBASA_NYALI_SOUTH_2G,496
"105381736",MOMBASA_NYALI_MAWENI_4G,230
"105384879",MOMBASA_NYALI_NORTH_4G,50
"105405905",MOMBASA_NYALI_MAWENI_3G,1454
"105405963",MOMBASA_NYALI_SOUTH_4G,1266
"105415091",MOMBASA_NYALI_MAWENI_2G,76
"105673253",MOMBASA_NYALI_SOUTH_3G,1454
"105755385",MOMBASA_NYALI_MAWENI_2G,512
"105930415",MOMBASA_NYALI_CENTRE_3G,1122
"105930712",MOMBASA_NYALI_CENTRE_4G,972
"731037566",MOMBASA_NYALI_CENTRE_2G,60
"731053788",MOMBASA_NYALI_CENTRE_2G,1030
"731073717",MOMBASA_NYALI_MAWENI_4G,3994
"731147401",MOMBASA_NYALI_CENTRE_2G,226
"731292274",MOMBASA_NYALI_NORTH_4G,2488
"731301797",MOMBASA_NYALI_MAWENI_3G,1096
"731305532",MOMBASA_NYALI_MAWENI_2G,74
"731314842",MOMBASA_NYALI_LINKS_4G,938
"731372708",MOMBASA_NYALI_MAWENI_3G,2100
"731401300",MOMBASA_NYALI_SOUTH_2G,320
"731447186",MOMBASA_NYALI_MAWENI_3G,3648
"731455070",MOMBASA_NYALI_MAWENI_2G,1988
"731472851",MOMBASA_NYALI_LINKS_3G,2000
"731475337",MOMBASA_NYALI_CENTRE_2G,352
"731504759",MOMBASA_NYALI_NORTH_2G,846
"731506080",MOMBASA_NYALI_MAWENI_2G,1740
"731509760",MOMBASA_NYALI_CENTRE_3G,
"731549418",MOMBASA_NYALI_MAWENI_2G,36
"731583005",MOMBASA_NYALI_CENTRE_2G,1036
"731598950",MOMBASA_NYALI_LINKS_4G,1350
"731600051",MOMBASA_NYALI_CENTRE_3G,36
"731602148",MOMBASA_NYALI_LINKS_4G,140
"731647654",MOMBASA_NYALI_MAWENI_2G,330
"731648115",MOMBASA_NYALI_MAWENI_2G,466
"731691733",MOMBASA_NYALI_NORTH_2G,264
"731716453",MOMBASA_NYALI_NORTH_2G,176
"731724463",MOMBASA_NYALI_CENTRE_2G,342
"731725495",MOMBASA_NYALI_MAWENI_3G,3192
"731757708",MOMBASA_NYALI_MAWENI_2G,526
"731831235",MOMBASA_NYALI_MAWENI_4G,3988
"731836967",MOMBASA_NYALI_CENTRE_3G,224
"731849500",MOMBASA_NYALI_CENTRE_2G,732
"731850492",MOMBASA_NYALI_LINKS_2G,58
"731866338",MOMBASA_NYALI_LINKS_4G,1670
"731900348",MOMBASA_NYALI_BEACH_2G,310
"731914228",MOMBASA_NYALI_BEACH_2G,626
"731950007",MOMBASA_NYALI_MAWENI_4G,1770
"731997012",MOMBASA_NYALI_SOUTH_4G,878
"732005554",MOMBASA_NYALI_NORTH_3G,4048
"732022114",MOMBASA_NYALI_MAWENI_3G,302
