"TELEPHONIC_ADDRESS_ID","SITE_NAME","3"
"100594430",NYAMIRA_TOWN_3G,4814
"101291515",NYAMIRA_MANGA_4G,4002
"101469218",NYAMIRA_SIAMANI_3G,2426
"105018323",NYAMIRA_MANGA_2G,2518
"731081924",NYAMIRA_MANGA_3G,2386
"731283421",NYAMIRA_TOWN_4G,11082
"731953067",NYAMIRA_TOWN_3G,2078
"731961751",NYAMIRA_TOWN_2G,2704
"732551970",NYAMIRA_TOWN_3G,2078
"732707534",NYAMIRA_TOWN_2G,4272
"733130992",NYAMIRA_TOWN_2G,3432
"733206903",NYAMIRA_TOWN_2G,3436
"733475857",NYAMIRA_MANGA_3G,8796
"733624423",NYAMIRA_TOWN_3G,2326
"733706860",NYAMIRA_MANGA_4G,8056
"733776238",NYAMIRA_TOWN_4G,2178
"733886998",NYAMIRA_TOWN_3G,3330
"734012397",NYAMIRA_SIAMANI_3G,3300
"734351745",NYAMIRA_SIAMANI_4G,2580
"734649723",NYAMIRA_MANGA_4G,6030
"734675827",NYAMIRA_TOWN_3G,7002
"734694111",NYAMIRA_TOWN_3G,2052
"734706046",NYAMIRA_SIAMANI_3G,2694
"735857163",NYAMIRA_MANGA_4G,2994
"736100009",NYAMIRA_TOWN_3G,2892
"736880270",NYAMIRA_MANGA_4G,2184
"736885757",NYAMIRA_MANGA_4G,2576
"736998935",NYAMIRA_SIAMANI_4G,3588
"738191199",NYAMIRA_TOWN_3G,2458
"738317045",NYAMIRA_TOWN_4G,2586
"738322316",NYAMIRA_SIAMANI_3G,4000
"738709856",NYAMIRA_MANGA_2G,2170
"739234928",NYAMIRA_MANGA_3G,3072
"739853163",NYAMIRA_SIAMANI_3G,2918
"751461812",NYAMIRA_TOWN_3G,2100
"751530118",NYAMIRA_TOWN_3G,6170
"752287503",NYAMIRA_TOWN_4G,3948
"752732211",NYAMIRA_SIAMANI_3G,8756
"752918877",NYAMIRA_SIAMANI_4G,2018
"753455904",NYAMIRA_MANGA_3G,3678
"754238634",NYAMIRA_MANGA_4G,3798
"754942372",NYAMIRA_TOWN_3G,2040
"755815136",NYAMIRA_SIAMANI_3G,4870
"756397016",NYAMIRA_TOWN_3G,3276
"756641061",NYAMIRA_TOWN_3G,4840
"762110469",NYAMIRA_TOWN_4G,2604
"780161764",NYAMIRA_TOWN_4G,5616
"780370394",NYAMIRA_SIAMANI_4G,3072
"780401650",NYAMIRA_SIAMANI_3G,2434
"780465209",NYAMIRA_TOWN_4G,8804
"780858745",NYAMIRA_SIAMANI_2G,4944
"780913375",NYAMIRA_TOWN_3G,2722
"780936619",NYAMIRA_TOWN_4G,2348
"781027113",NYAMIRA_TOWN_4G,3064
"781626585",NYAMIRA_MANGA_4G,2180
"781851041",NYAMIRA_MANGA_3G,2178
"782012160",NYAMIRA_MANGA_2G,2010
"783786419",NYAMIRA_MANGA_4G,2232
"784055907",NYAMIRA_TOWN_3G,3590
"784360660",NYAMIRA_TOWN_3G,5306
"784365777",NYAMIRA_TOWN_4G,7546
"784395205",NYAMIRA_TOWN_3G,4918
"785262525",NYAMIRA_TOWN_4G,2196
"785571856",NYAMIRA_SIAMANI_2G,3306
"785639922",NYAMIRA_TOWN_4G,2072
"785908786",NYAMIRA_TOWN_3G,3198
"786812161",NYAMIRA_MANGA_4G,3124
"787887060",NYAMIRA_MANGA_3G,4058
"789205744",NYAMIRA_SIAMANI_2G,3058
"789647656",NYAMIRA_MANGA_3G,2738
"100346238",NYAMIRA_TOWN_3G,8264
"100346740",NYAMIRA_SIAMANI_3G,2352
"100537878",NYAMIRA_SIAMANI_2G,2380
"100576760",NYAMIRA_SIAMANI_4G,2478
"100594997",NYAMIRA_SIAMANI_3G,2862
"102875457",NYAMIRA_MANGA_3G,3022
"103030373",NYAMIRA_TOWN_3G,2714
"731177403",NYAMIRA_MANGA_4G,2088
"731441472",NYAMIRA_MANGA_4G,4536
"731701742",NYAMIRA_SIAMANI_4G,2200
"731705910",NYAMIRA_TOWN_3G,3430
"732033137",NYAMIRA_SIAMANI_3G,2990
"732071402",NYAMIRA_MANGA_3G,2988
"732211106",NYAMIRA_SIAMANI_3G,2080
"732664089",NYAMIRA_TOWN_3G,2124
"732755630",NYAMIRA_MANGA_3G,3956
"732767648",NYAMIRA_TOWN_3G,2802
"732767934",NYAMIRA_TOWN_3G,2230
"733182905",NYAMIRA_TOWN_3G,2394
"733434560",NYAMIRA_SIAMANI_2G,2576
"733457230",NYAMIRA_TOWN_3G,2024
"733644577",NYAMIRA_TOWN_3G,2308
"733910645",NYAMIRA_TOWN_3G,3134
"734197576",NYAMIRA_TOWN_3G,6000
"734290319",NYAMIRA_TOWN_2G,3378
"734737241",NYAMIRA_SIAMANI_3G,3756
"734905266",NYAMIRA_TOWN_2G,2054
"735490302",NYAMIRA_TOWN_4G,4016
"736095579",NYAMIRA_TOWN_4G,2424
"736703878",NYAMIRA_TOWN_3G,2622
"736767586",NYAMIRA_TOWN_4G,2400
"737349411",NYAMIRA_MANGA_2G,4028
"737897603",NYAMIRA_SIAMANI_3G,2104
"737935710",NYAMIRA_SIAMANI_4G,2214
"738535803",NYAMIRA_TOWN_4G,6550
"738644348",NYAMIRA_SIAMANI_4G,2224
"738886132",NYAMIRA_TOWN_2G,2120
"739087936",NYAMIRA_TOWN_4G,5326
"739129216",NYAMIRA_SIAMANI_3G,4020
"739500038",NYAMIRA_SIAMANI_2G,2984
"750122777",NYAMIRA_MANGA_4G,4198
"750795751",NYAMIRA_TOWN_2G,2188
"750829790",NYAMIRA_SIAMANI_4G,3538
"751075123",NYAMIRA_SIAMANI_4G,5208
"751414958",NYAMIRA_TOWN_3G,2098
"751607142",NYAMIRA_TOWN_3G,2858
"752008789",NYAMIRA_TOWN_4G,4222
"752027972",NYAMIRA_TOWN_3G,2380
"752835751",NYAMIRA_MANGA_4G,2090
"752892180",NYAMIRA_TOWN_4G,6166
"753338903",NYAMIRA_TOWN_2G,2080
"754207417",NYAMIRA_TOWN_4G,3844
"754774603",NYAMIRA_SIAMANI_3G,3038
"754891183",NYAMIRA_SIAMANI_3G,2308
"756288964",NYAMIRA_TOWN_4G,3612
"756738866",NYAMIRA_MANGA_3G,3898
"756781410",NYAMIRA_SIAMANI_4G,2578
"756937356",NYAMIRA_TOWN_3G,2246
"762082703",NYAMIRA_SIAMANI_3G,2300
"762137210",NYAMIRA_TOWN_2G,2308
"762248294",NYAMIRA_TOWN_4G,2920
"762781027",NYAMIRA_TOWN_2G,3058
"780156231",NYAMIRA_MANGA_3G,2504
"780481231",NYAMIRA_TOWN_3G,2308
"780513987",NYAMIRA_SIAMANI_2G,2582
"781205681",NYAMIRA_TOWN_3G,6264
"781278113",NYAMIRA_SIAMANI_3G,2070
"781355605",NYAMIRA_TOWN_4G,2276
"781366362",NYAMIRA_TOWN_3G,2164
"781709853",NYAMIRA_SIAMANI_4G,2270
"781994933",NYAMIRA_TOWN_4G,2496
"782076140",NYAMIRA_MANGA_4G,4460
"782399447",NYAMIRA_TOWN_4G,2720
"783395760",NYAMIRA_TOWN_4G,2684
"783478743",NYAMIRA_SIAMANI_4G,3784
"784104702",NYAMIRA_SIAMANI_4G,3730
"784226581",NYAMIRA_TOWN_4G,2368
"784646788",NYAMIRA_TOWN_3G,2050
"784708511",NYAMIRA_TOWN_3G,6600
"785893714",NYAMIRA_SIAMANI_3G,4772
"786600747",NYAMIRA_TOWN_3G,5414
"786929204",NYAMIRA_SIAMANI_3G,4026
"787285373",NYAMIRA_TOWN_3G,2672
"787827979",NYAMIRA_TOWN_3G,5044
"788897733",NYAMIRA_TOWN_3G,3776
"789167119",NYAMIRA_TOWN_3G,3510
"789363390",NYAMIRA_TOWN_4G,3820
"100210848",NYAMIRA_TOWN_3G,3250
"100317819",NYAMIRA_MANGA_4G,4848
"100424164",NYAMIRA_MANGA_3G,3690
"100712010",NYAMIRA_MANGA_3G,3428
"100737332",NYAMIRA_SIAMANI_4G,3550
"105157874",NYAMIRA_TOWN_3G,3134
"105404376",NYAMIRA_SIAMANI_4G,4130
"731536408",NYAMIRA_MANGA_3G,2070
"731644282",NYAMIRA_SIAMANI_3G,4884
"731758682",NYAMIRA_SIAMANI_4G,4410
"731782469",NYAMIRA_TOWN_3G,2668
"731786216",NYAMIRA_TOWN_4G,5000
"731879909",NYAMIRA_MANGA_3G,2088
"732029995",NYAMIRA_MANGA_3G,2092
"733272915",NYAMIRA_TOWN_4G,2368
"733346050",NYAMIRA_MANGA_2G,2318
"734284937",NYAMIRA_TOWN_4G,2156
"734405813",NYAMIRA_MANGA_4G,9214
"734436267",NYAMIRA_SIAMANI_3G,4142
"734617335",NYAMIRA_MANGA_3G,2374
"734772179",NYAMIRA_TOWN_3G,2330
"734813428",NYAMIRA_TOWN_2G,3936
"734980690",NYAMIRA_MANGA_2G,3000
"735012934",NYAMIRA_SIAMANI_2G,2480
"735575900",NYAMIRA_TOWN_4G,3550
"735804334",NYAMIRA_TOWN_4G,4308
"736508865",NYAMIRA_TOWN_3G,4426
"736577764",NYAMIRA_TOWN_3G,3756
"736999023",NYAMIRA_SIAMANI_4G,2028
"737566587",NYAMIRA_TOWN_4G,3646
"737621768",NYAMIRA_TOWN_4G,2888
"738243178",NYAMIRA_MANGA_2G,3018
"738640864",NYAMIRA_TOWN_3G,4968
"738982502",NYAMIRA_TOWN_4G,3038
"739322882",NYAMIRA_TOWN_3G,2736
"739514508",NYAMIRA_TOWN_3G,2946
"739869958",NYAMIRA_SIAMANI_4G,2036
"739881331",NYAMIRA_TOWN_4G,3520
"751358235",NYAMIRA_SIAMANI_2G,5616
"751415041",NYAMIRA_TOWN_2G,2532
"752091221",NYAMIRA_TOWN_2G,2252
"752769002",NYAMIRA_TOWN_2G,4430
"752856535",NYAMIRA_MANGA_3G,2558
"753306559",NYAMIRA_SIAMANI_3G,2504
"753847699",NYAMIRA_SIAMANI_4G,4296
"754726986",NYAMIRA_TOWN_3G,2320
"755574825",NYAMIRA_MANGA_3G,3892
"755663075",NYAMIRA_TOWN_2G,2592
"755985301",NYAMIRA_MANGA_4G,2266
"762310202",NYAMIRA_SIAMANI_4G,2972
"762958947",NYAMIRA_MANGA_3G,2852
"780667387",NYAMIRA_TOWN_4G,6054
"781370260",NYAMIRA_TOWN_3G,3188
"781593848",NYAMIRA_MANGA_4G,2030
"781657811",NYAMIRA_MANGA_4G,5932
"782052336",NYAMIRA_SIAMANI_4G,2324
"782969128",NYAMIRA_TOWN_3G,2256
"783252524",NYAMIRA_TOWN_4G,2120
"783441010",NYAMIRA_TOWN_4G,2056
"783464554",NYAMIRA_TOWN_4G,2390
"783557816",NYAMIRA_TOWN_4G,2850
"783753620",NYAMIRA_SIAMANI_3G,4502
"783969429",NYAMIRA_MANGA_4G,2540
"784451059",NYAMIRA_TOWN_2G,2600
"784916873",NYAMIRA_TOWN_3G,2022
"786508998",NYAMIRA_TOWN_4G,2494
"786740990",NYAMIRA_TOWN_3G,3480
"787612157",NYAMIRA_SIAMANI_3G,2086
"787830853",NYAMIRA_TOWN_4G,5666
"788875119",NYAMIRA_SIAMANI_3G,5216
"789002551",NYAMIRA_SIAMANI_4G,3040
"789033588",NYAMIRA_MANGA_4G,2200
"789807150",NYAMIRA_MANGA_3G,3368
"789969234",NYAMIRA_TOWN_3G,2432
"100418305",NYAMIRA_TOWN_3G,4566
"101340456",NYAMIRA_TOWN_4G,3708
"103040187",NYAMIRA_SIAMANI_3G,3960
"103431244",NYAMIRA_TOWN_4G,4778
"103643596",NYAMIRA_TOWN_4G,2960
"105231396",NYAMIRA_MANGA_3G,2922
"731072274",NYAMIRA_MANGA_3G,2616
"731175305",NYAMIRA_TOWN_3G,2046
"731383197",NYAMIRA_TOWN_3G,3980
"731390327",NYAMIRA_SIAMANI_4G,6808
"731826941",NYAMIRA_SIAMANI_3G,4576
"731963759",NYAMIRA_TOWN_3G,8556
"732217461",NYAMIRA_SIAMANI_4G,6222
"732324724",NYAMIRA_TOWN_2G,2464
"732537166",NYAMIRA_SIAMANI_3G,2296
"732936332",NYAMIRA_TOWN_4G,3306
"733203395",NYAMIRA_MANGA_2G,2682
"733347150",NYAMIRA_MANGA_3G,4724
"733455193",NYAMIRA_SIAMANI_3G,4398
"733566943",NYAMIRA_TOWN_4G,4388
"733664470",NYAMIRA_SIAMANI_2G,2130
"733755365",NYAMIRA_SIAMANI_3G,2434
"733880207",NYAMIRA_SIAMANI_3G,7014
"734223375",NYAMIRA_TOWN_4G,4640
"734823831",NYAMIRA_TOWN_4G,2226
"735096140",NYAMIRA_TOWN_2G,2786
"735233077",NYAMIRA_SIAMANI_4G,2098
"735289746",NYAMIRA_TOWN_3G,2168
"735761325",NYAMIRA_MANGA_4G,2214
"736053577",NYAMIRA_SIAMANI_4G,7388
"736257365",NYAMIRA_SIAMANI_3G,3174
"736335035",NYAMIRA_SIAMANI_4G,5162
"736753898",NYAMIRA_TOWN_3G,2706
"736940022",NYAMIRA_MANGA_3G,3330
"736972316",NYAMIRA_TOWN_3G,3584
"737175796",NYAMIRA_SIAMANI_4G,6846
"737203746",NYAMIRA_TOWN_3G,3856
"737308518",NYAMIRA_SIAMANI_3G,6112
"737386276",NYAMIRA_TOWN_3G,3810
"737600485",NYAMIRA_TOWN_3G,2058
"737720195",NYAMIRA_MANGA_4G,3126
"738501411",NYAMIRA_TOWN_3G,3206
"738510078",NYAMIRA_SIAMANI_3G,2372
"738697076",NYAMIRA_SIAMANI_4G,3132
"738976261",NYAMIRA_SIAMANI_3G,2954
"739116897",NYAMIRA_TOWN_3G,3138
"739153501",NYAMIRA_SIAMANI_3G,2418
"739486140",NYAMIRA_MANGA_3G,3426
"739665992",NYAMIRA_TOWN_3G,8012
"750018302",NYAMIRA_TOWN_3G,3478
"750416031",NYAMIRA_MANGA_4G,6616
"751208076",NYAMIRA_TOWN_2G,2618
"751410182",NYAMIRA_TOWN_3G,8388
"751571205",NYAMIRA_TOWN_3G,2418
"751635553",NYAMIRA_TOWN_3G,2620
"751673611",NYAMIRA_SIAMANI_4G,3566
"752717683",NYAMIRA_MANGA_3G,3280
"752833112",NYAMIRA_MANGA_3G,2170
"753031740",NYAMIRA_SIAMANI_3G,2020
"754024970",NYAMIRA_SIAMANI_3G,3278
"754173573",NYAMIRA_TOWN_3G,2420
"755139129",NYAMIRA_TOWN_2G,2082
"755865572",NYAMIRA_SIAMANI_3G,6360
"756507031",NYAMIRA_TOWN_4G,2942
"756813150",NYAMIRA_TOWN_4G,5124
"762096482",NYAMIRA_TOWN_3G,2664
"762452479",NYAMIRA_SIAMANI_2G,2694
"780193775",NYAMIRA_TOWN_3G,2232
"780227956",NYAMIRA_MANGA_3G,4304
"780508118",NYAMIRA_TOWN_2G,2286
"780658300",NYAMIRA_MANGA_3G,2372
"780856623",NYAMIRA_TOWN_4G,3602
"781401855",NYAMIRA_TOWN_3G,2318
"781582611",NYAMIRA_MANGA_3G,4268
"781696994",NYAMIRA_SIAMANI_3G,2584
"782268634",NYAMIRA_MANGA_2G,2034
"782345151",NYAMIRA_TOWN_3G,4458
"782999200",NYAMIRA_TOWN_3G,5756
"784031237",NYAMIRA_MANGA_4G,3330
"784054171",NYAMIRA_TOWN_3G,4358
"784899001",NYAMIRA_MANGA_2G,4122
"784945714",NYAMIRA_SIAMANI_3G,3106
"785500956",NYAMIRA_MANGA_2G,6036
"785562085",NYAMIRA_TOWN_4G,2242
"785938919",NYAMIRA_TOWN_2G,2208
"786160480",NYAMIRA_TOWN_3G,5904
"787188150",NYAMIRA_TOWN_3G,3648
"788187467",NYAMIRA_TOWN_4G,2910
"788457970",NYAMIRA_TOWN_3G,6462
"788701801",NYAMIRA_TOWN_4G,2668
"789007528",NYAMIRA_TOWN_4G,3070
"100346659",NYAMIRA_TOWN_4G,4228
"100643120",NYAMIRA_TOWN_3G,3252
"102060056",NYAMIRA_TOWN_2G,2372
"102438849",NYAMIRA_TOWN_2G,2356
"105190937",NYAMIRA_TOWN_4G,4148
"105749190",NYAMIRA_SIAMANI_3G,3502
"731414963",NYAMIRA_MANGA_4G,2008
"731988299",NYAMIRA_TOWN_2G,2434
"732203318",NYAMIRA_SIAMANI_3G,3320
"732485952",NYAMIRA_MANGA_4G,3868
"732807043",NYAMIRA_MANGA_4G,4568
"733293990",NYAMIRA_SIAMANI_2G,2396
"733609372",NYAMIRA_TOWN_3G,2436
"733711548",NYAMIRA_MANGA_4G,2458
"734081860",NYAMIRA_TOWN_4G,5710
"734599260",NYAMIRA_SIAMANI_3G,2532
"735688283",NYAMIRA_TOWN_3G,2212
"735788707",NYAMIRA_TOWN_3G,2010
"735850461",NYAMIRA_SIAMANI_4G,6794
"736377541",NYAMIRA_MANGA_3G,4482
"736509992",NYAMIRA_SIAMANI_2G,3048
"736738422",NYAMIRA_TOWN_4G,2276
"737392263",NYAMIRA_TOWN_2G,2600
"737568835",NYAMIRA_TOWN_3G,3360
"737826456",NYAMIRA_TOWN_3G,2660
"737880688",NYAMIRA_TOWN_4G,2722
"737903798",NYAMIRA_SIAMANI_4G,2466
"738334789",NYAMIRA_SIAMANI_3G,3242
"738336257",NYAMIRA_SIAMANI_3G,4016
"738637533",NYAMIRA_SIAMANI_3G,2204
"738950944",NYAMIRA_TOWN_3G,3038
"739061349",NYAMIRA_MANGA_4G,3146
"739076194",NYAMIRA_TOWN_3G,2566
"739484230",NYAMIRA_TOWN_3G,2312
"739554141",NYAMIRA_TOWN_3G,2474
"739650749",NYAMIRA_SIAMANI_4G,4134
"739714071",NYAMIRA_TOWN_3G,6200
"739758014",NYAMIRA_TOWN_2G,6586
"739828236",NYAMIRA_SIAMANI_4G,2100
"750457797",NYAMIRA_MANGA_3G,3964
"750849359",NYAMIRA_TOWN_2G,2490
"751539434",NYAMIRA_TOWN_3G,3112
"751574740",NYAMIRA_SIAMANI_4G,2610
"751610686",NYAMIRA_SIAMANI_2G,2276
"751643735",NYAMIRA_TOWN_2G,3018
"751644851",NYAMIRA_SIAMANI_3G,2730
"751801855",NYAMIRA_TOWN_4G,3712
"751818338",NYAMIRA_TOWN_4G,2278
"752027953",NYAMIRA_TOWN_2G,2198
"752133108",NYAMIRA_TOWN_3G,2738
"752849592",NYAMIRA_TOWN_4G,3492
"753003553",NYAMIRA_MANGA_2G,2862
"753353735",NYAMIRA_SIAMANI_3G,4106
"753605458",NYAMIRA_TOWN_3G,3212
"753811010",NYAMIRA_TOWN_4G,3248
"753999842",NYAMIRA_TOWN_4G,3230
"754082461",NYAMIRA_TOWN_3G,2976
"754120165",NYAMIRA_MANGA_4G,2018
"754186900",NYAMIRA_SIAMANI_2G,4066
"754418710",NYAMIRA_MANGA_2G,2310
"754452486",NYAMIRA_TOWN_3G,3456
"754681991",NYAMIRA_MANGA_3G,3814
"754740550",NYAMIRA_MANGA_4G,2376
"754981903",NYAMIRA_SIAMANI_3G,3320
"755832932",NYAMIRA_TOWN_4G,3034
"755855468",NYAMIRA_SIAMANI_3G,3262
"756082102",NYAMIRA_TOWN_3G,2350
"756335449",NYAMIRA_MANGA_4G,2312
"756526331",NYAMIRA_TOWN_3G,2998
"762263123",NYAMIRA_MANGA_3G,2640
"762750010",NYAMIRA_TOWN_4G,7018
"780084850",NYAMIRA_MANGA_3G,2576
"780336176",NYAMIRA_MANGA_3G,3350
"780927759",NYAMIRA_SIAMANI_3G,4782
"781108777",NYAMIRA_TOWN_4G,3362
"781977401",NYAMIRA_TOWN_3G,4796
"782389977",NYAMIRA_SIAMANI_3G,2450
"783095711",NYAMIRA_TOWN_3G,4130
"783740075",NYAMIRA_TOWN_4G,4396
"784708521",NYAMIRA_TOWN_4G,2406
"784736236",NYAMIRA_SIAMANI_4G,2690
"785110500",NYAMIRA_TOWN_4G,5752
"785434406",NYAMIRA_TOWN_2G,3620
"785559480",NYAMIRA_MANGA_4G,2098
"785783683",NYAMIRA_MANGA_2G,2582
"785844805",NYAMIRA_SIAMANI_4G,5850
"786779486",NYAMIRA_TOWN_3G,5276
"787029426",NYAMIRA_TOWN_3G,2674
"787310065",NYAMIRA_MANGA_3G,9212
"787535447",NYAMIRA_TOWN_3G,3478
"789197890",NYAMIRA_TOWN_3G,2680
"789942695",NYAMIRA_SIAMANI_4G,2264
"100218267",NYAMIRA_MANGA_4G,2092
"105794463",NYAMIRA_MANGA_4G,2652
"731202224",NYAMIRA_TOWN_2G,2248
"731281292",NYAMIRA_MANGA_3G,3644
"731374942",NYAMIRA_TOWN_3G,2232
"731391048",NYAMIRA_TOWN_3G,3162
"731798061",NYAMIRA_SIAMANI_3G,4690
"732040227",NYAMIRA_TOWN_3G,2406
"732349263",NYAMIRA_MANGA_3G,2314
"733457170",NYAMIRA_TOWN_4G,5974
"733603025",NYAMIRA_SIAMANI_4G,3592
"733609969",NYAMIRA_TOWN_3G,5792
"733815661",NYAMIRA_TOWN_2G,2160
"734087576",NYAMIRA_MANGA_3G,2974
"734090617",NYAMIRA_MANGA_4G,9492
"734292007",NYAMIRA_MANGA_4G,5456
"735160265",NYAMIRA_TOWN_3G,2966
"735354298",NYAMIRA_MANGA_3G,4276
"735419521",NYAMIRA_SIAMANI_3G,3668
"735571620",NYAMIRA_MANGA_2G,2264
"735977467",NYAMIRA_SIAMANI_2G,287762
"736184564",NYAMIRA_SIAMANI_3G,4000
"736402938",NYAMIRA_SIAMANI_3G,2040
"736455700",NYAMIRA_SIAMANI_4G,2234
"736745210",NYAMIRA_TOWN_2G,2270
"736861982",NYAMIRA_TOWN_4G,2910
"737177965",NYAMIRA_SIAMANI_3G,2654
"738454689",NYAMIRA_MANGA_3G,4178
"738764727",NYAMIRA_TOWN_4G,3632
"738896367",NYAMIRA_TOWN_4G,5964
"739114124",NYAMIRA_SIAMANI_3G,2552
"739124438",NYAMIRA_SIAMANI_3G,3660
"739250178",NYAMIRA_SIAMANI_3G,4410
"739626820",NYAMIRA_MANGA_4G,2164
"739652849",NYAMIRA_SIAMANI_3G,3628
"739817155",NYAMIRA_MANGA_2G,3744
"750017595",NYAMIRA_SIAMANI_3G,7626
"750142932",NYAMIRA_TOWN_2G,2556
"750487188",NYAMIRA_SIAMANI_3G,3980
"750778293",NYAMIRA_TOWN_3G,2326
"751225785",NYAMIRA_SIAMANI_2G,2020
"751452028",NYAMIRA_TOWN_3G,2970
"751563505",NYAMIRA_SIAMANI_4G,4170
"751600470",NYAMIRA_MANGA_3G,2690
"752945583",NYAMIRA_TOWN_4G,2418
"752958345",NYAMIRA_SIAMANI_3G,2050
"752999901",NYAMIRA_SIAMANI_4G,2458
"753341195",NYAMIRA_SIAMANI_3G,2762
"753341569",NYAMIRA_TOWN_3G,3582
"753631448",NYAMIRA_TOWN_2G,2198
"753724422",NYAMIRA_TOWN_4G,4000
"753782851",NYAMIRA_TOWN_3G,4038
"753954660",NYAMIRA_MANGA_4G,2102
"754313113",NYAMIRA_SIAMANI_4G,2298
"755860698",NYAMIRA_TOWN_4G,6920
"756149427",NYAMIRA_SIAMANI_4G,3064
"756257695",NYAMIRA_SIAMANI_3G,3562
"756582795",NYAMIRA_TOWN_3G,3798
"762310704",NYAMIRA_SIAMANI_4G,3200
"762427973",NYAMIRA_MANGA_3G,2868
"762712930",NYAMIRA_TOWN_3G,2416
"780078107",NYAMIRA_MANGA_4G,3068
"780235698",NYAMIRA_SIAMANI_2G,545830
"780367815",NYAMIRA_TOWN_3G,3486
"780668556",NYAMIRA_MANGA_3G,3800
"780935921",NYAMIRA_TOWN_4G,2154
"781189469",NYAMIRA_TOWN_2G,3856
"781213834",NYAMIRA_SIAMANI_4G,2966
"781296403",NYAMIRA_TOWN_3G,2098
"781854445",NYAMIRA_TOWN_4G,2526
"781911883",NYAMIRA_MANGA_3G,2486
"783091207",NYAMIRA_TOWN_4G,6052
"783653189",NYAMIRA_MANGA_2G,3456
"784190550",NYAMIRA_MANGA_3G,8126
"784583783",NYAMIRA_TOWN_4G,2880
"784896341",NYAMIRA_MANGA_3G,2356
"785688108",NYAMIRA_TOWN_3G,2066
"785922820",NYAMIRA_TOWN_3G,2140
"786327116",NYAMIRA_TOWN_4G,2260
"786403753",NYAMIRA_SIAMANI_3G,2170
"786777706",NYAMIRA_TOWN_2G,3330
"787105533",NYAMIRA_SIAMANI_3G,4100
"787447884",NYAMIRA_TOWN_3G,3000
"787818567",NYAMIRA_SIAMANI_3G,3548
"787856150",NYAMIRA_TOWN_2G,2162
"787886490",NYAMIRA_TOWN_3G,2740
