"TELEPHONIC_ADDRESS_ID","SITE_NAME","3"
"100101677",NYERI_HILL_3G,384
"100106608",NYERI_HILL_4G,16
"100106968",NYERI_HILL_3G,1058
"100128290",NYERI_SIKUTA_2G,834
"100136285",NYERI_KIMATHI_INSTITUTE_4G,782
"100143784",OUTSPAN_HOSPITAL_NYERI_3G,332
"100249914",NYERI_HILL_4G,1508
"100256115",NYERI_HILL_3G,1618
"100259724",NYERI_THEGENGE_3G,794
"100317055",NYERI_SIKUTA_2G,514
"100323780",OUTSPAN_HOSPITAL_NYERI_3G,2606
"100329663",NYERI_RURINGU_4G,90
"100392501",NYERI_RURINGU_4G,1784
"100418919",NYERI_NORTH_4G,
"100441789",NYERI_THEGENGE_4G,576
"100453510",NYERI_SIKUTA_3G,400
"100486244",NYERI_PROVINCIAL_HOSPITAL_4G,
"100542549",NYERI_HILL_2G,540
"100556902",NYERI_SIKUTA_3G,964
"100557863",NYERI_PAMKI_CBD_3G,1216
"100566324",NYERI_KIMATHI_INSTITUTE_2G,
"100575770",NYERI_PAMKI_CBD_2G,228
"100678971",NYERI_PROVINCIAL_HOSPITAL_4G,1168
"100681193",NYERI_RURINGU_2G,302
"100690128",NYERI_NORTH_2G,
"100729168",NYERI_PROVINCIAL_HOSPITAL_2G,180
"100729652",NYERI_PAMKI_CBD_2G,4
"100756595",NYERI_SIKUTA_3G,20
"100859117",NYERI_PROVINCIAL_HOSPITAL_4G,304
"100859567",NYERI_SIKUTA_3G,484
"100878039",NYERI_SIKUTA_2G,1176
"100940823",NYERI_PAMKI_CBD_2G,1512
"100956890",NYERI_PAMKI_CBD_4G,3910
"101008143",NYERI_EAST_4G,148
"101037970",NYERI_RURINGU_2G,478
"101052180",NYERI_THEGENGE_3G,294
"101053186",NYERI_EAST_2G,156
"101063613",NYERI_PROVINCIAL_HOSPITAL_4G,2726
"101077205",NYERI_RURINGU_2G,1112
"101079703",NYERI_PAMKI_CBD_4G,1372
"101136204",NYERI_KIMATHI_INSTITUTE_3G,1176
"101141312",NYERI_PAMKI_CBD_4G,484
"101152872",NYERI_PROVINCIAL_HOSPITAL_4G,618
"101158765",NYERI_SIKUTA_3G,896
"101164784",NYERI_RURINGU_2G,760
"101179050",NYERI_SIKUTA_2G,370
"101180558",NYERI_PAMKI_CBD_3G,1506
"101201604",NYERI_HILL_3G,242
"101204094",NYERI_PAMKI_CBD_4G,1178
"101212717",NYERI_EAST_2G,132
"101238645",NYERI_HILL_2G,530
"101240023",NYERI_SIKUTA_2G,34
"101250512",NYERI_NORTH_4G,120
"101253712",NYERI_PAMKI_CBD_2G,112
"101276807",NYERI_NORTH_3G,2
"101281085",NYERI_PROVINCIAL_HOSPITAL_2G,118
"101332845",NYERI_PROVINCIAL_HOSPITAL_2G,664
"101355207",NYERI_SIKUTA_2G,1236
"101358172",NYERI_NORTH_4G,144
"101360921",NYERI_PAMKI_CBD_4G,1056
"101370528",NYERI_GICHAGA_2G,382
"101372034",NYERI_RURINGU_4G,994
"101390280",NYERI_PROVINCIAL_HOSPITAL_4G,2896
"101429026",NYERI_SIKUTA_4G,3396
"101436439",NYERI_HILL_4G,1330
"101479611",NYERI_GICHAGA_2G,624
"101495372",NYERI_RURINGU_2G,20
"101505814",NYERI_EAST_4G,710
"101509761",NYERI_RURINGU_4G,2776
"101530187",NYERI_PAMKI_CBD_2G,588
"101546509",NYERI_HILL_4G,940
"101551677",NYERI_PROVINCIAL_HOSPITAL_2G,40
"101563572",NYERI_SIKUTA_3G,1188
"101585627",NYERI_KIMATHI_INSTITUTE_3G,880
"101606113",NYERI_RURINGU_2G,40
"101606212",OUTSPAN_HOSPITAL_NYERI_2G,348
"101608894",NYERI_KIMATHI_INSTITUTE_3G,86
"101628620",NYERI_SIKUTA_2G,2436
"101639012",NYERI_KIMATHI_INSTITUTE_4G,3446
"101639863",NYERI_KIMATHI_INSTITUTE_4G,1230
"101650155",NYERI_THEGENGE_4G,2118
"101686064",NYERI_SIKUTA_4G,1410
"101688164",NYERI_PAMKI_CBD_3G,1730
"101688715",NYERI_PAMKI_CBD_4G,4292
"101705937",NYERI_KIMATHI_INSTITUTE_4G,238
"101718329",NYERI_HILL_4G,2390
"101721015",NYERI_THEGENGE_3G,752
"101743342",NYERI_PAMKI_CBD_3G,888
"101746781",NYERI_RURINGU_2G,
"101764023",NYERI_GICHAGA_4G,720
"101776755",NYERI_NATIONAL_POLYTECHNIC_4G,428
"101783851",NYERI_NORTH_4G,6
"101789157",NYERI_SIKUTA_3G,3452
"101793130",NYERI_SIKUTA_2G,1058
"101821320",NYERI_SIKUTA_4G,6
"101848095",NYERI_RURINGU_4G,120
"101851265",NYERI_PAMKI_CBD_4G,86
"101866060",NYERI_PAMKI_CBD_4G,2
"101866219",OUTSPAN_HOSPITAL_NYERI_2G,1392
"101866442",NYERI_HILL_2G,302
"101910403",NYERI_NORTH_4G,
"101919592",NYERI_GICHAGA_4G,290
"101968951",NYERI_GICHAGA_4G,1658
"101984306",NYERI_HILL_2G,
"101995493",NYERI_RURINGU_2G,674
"102004370",OUTSPAN_HOSPITAL_NYERI_4G,2604
"102057746",NYERI_SIKUTA_2G,488
"102057757",NYERI_PROVINCIAL_HOSPITAL_2G,3858
"102099028",NYERI_RURINGU_3G,1820
"102109959",NYERI_GICHAGA_3G,
"102183229",NYERI_PROVINCIAL_HOSPITAL_2G,446
"102183559",NYERI_PROVINCIAL_HOSPITAL_2G,262
"102280499",NYERI_PROVINCIAL_HOSPITAL_4G,76
"102413129",NYERI_GICHAGA_3G,3930
"102498660",NYERI_KIMATHI_INSTITUTE_3G,280
"102507138",NYERI_HILL_2G,1436
"102547236",NYERI_NORTH_2G,718
"102547434",NYERI_ST_MARYS_3G,3100
"102547584",NYERI_PAMKI_CBD_3G,2758
"102548231",NYERI_SIKUTA_2G,678
"102564208",NYERI_SIKUTA_3G,2502
"102572092",NYERI_ST_MARYS_4G,
"102574016",NYERI_KIMATHI_INSTITUTE_3G,526
"102574020",NYERI_HILL_2G,576
"102574041",NYERI_PAMKI_CBD_3G,3070
"102574115",NYERI_RURINGU_3G,80
"102574287",NYERI_PAMKI_CBD_4G,1224
"102623132",NYERI_SIKUTA_2G,420
"102636164",NYERI_SIKUTA_3G,242
"102640395",NYERI_ST_MARYS_2G,314
"102655758",NYERI_ST_MARYS_4G,4174
"102756525",NYERI_HILL_4G,4752
"102756892",NYERI_HILL_3G,202
"102759754",NYERI_HILL_3G,448
"102760106",NYERI_NORTH_2G,
"102793897",NYERI_PAMKI_CBD_2G,770
"102798482",NYERI_KIMATHI_INSTITUTE_3G,2900
"102958416",NYERI_HILL_4G,
"103011880",NYERI_ST_MARYS_3G,164
"103046407",NYERI_SIKUTA_3G,760
"103049558",NYERI_SIKUTA_2G,434
"103063013",NYERI_HILL_2G,108
"103077919",NYERI_PAMKI_CBD_2G,26
"103116623",NYERI_PROVINCIAL_HOSPITAL_4G,1044
"103121852",NYERI_THEGENGE_2G,686
"103147158",NYERI_PROVINCIAL_HOSPITAL_4G,7204
"103165105",NYERI_SIKUTA_3G,1764
"103170256",NYERI_SIKUTA_3G,244
"103174617",NYERI_NORTH_4G,1312
"103179317",NYERI_HILL_2G,914
"103190828",NYERI_SIKUTA_2G,524
"103203516",NYERI_HILL_3G,162
"103205479",NYERI_SIKUTA_3G,
"103210413",NYERI_THEGENGE_3G,588
"103224350",NYERI_THEGENGE_3G,336
"103227153",NYERI_HILL_2G,0
"103231647",NYERI_HILL_2G,918
"103246434",NYERI_SIKUTA_2G,572
"103249981",NYERI_NATIONAL_POLYTECHNIC_3G,252
"103257585",NYERI_THEGENGE_4G,2948
"103261731",NYERI_PAMKI_CBD_3G,1310
"103281182",NYERI_GICHAGA_3G,
"103317199",NYERI_RURINGU_3G,2150
"103317496",NYERI_EAST_3G,1342
"103353763",NYERI_EAST_4G,416
"103369275",NYERI_HILL_2G,398
"103404637",NYERI_SIKUTA_2G,8
"103406688",NYERI_NORTH_3G,1042
"103441585",NYERI_HILL_2G,38
"103482912",NYERI_ST_MARYS_4G,8794
"103502370",NYERI_KIMATHI_INSTITUTE_3G,10
"103551561",NYERI_PAMKI_CBD_3G,2750
"103556904",NYERI_EAST_2G,440
"103559831",NYERI_NATIONAL_POLYTECHNIC_2G,358
"103561271",NYERI_NATIONAL_POLYTECHNIC_4G,1504
"103596162",NYERI_PROVINCIAL_HOSPITAL_3G,20
"103603710",NYERI_HILL_2G,
"103631919",NYERI_ST_MARYS_2G,154
"103654626",NYERI_GICHAGA_4G,926
"103669185",NYERI_THEGENGE_3G,258
"103700183",OUTSPAN_HOSPITAL_NYERI_2G,288
"103701412",NYERI_PROVINCIAL_HOSPITAL_4G,168
"103710043",OUTSPAN_HOSPITAL_NYERI_2G,318
"103724008",NYERI_ST_MARYS_4G,810
"103753300",OUTSPAN_HOSPITAL_NYERI_3G,74
"103771078",NYERI_HILL_2G,36
"103796270",NYERI_NATIONAL_POLYTECHNIC_4G,1258
"103814604",NYERI_ST_MARYS_4G,3302
"103862561",NYERI_SIKUTA_2G,16
"103889831",NYERI_GICHAGA_3G,12
"103931484",NYERI_THEGENGE_2G,1598
"103946194",NYERI_HILL_3G,
"103963460",NYERI_THEGENGE_3G,540
"103983440",NYERI_PAMKI_CBD_4G,196
"103996324",NYERI_HILL_2G,670
"104075857",NYERI_RURINGU_4G,534
"104089887",NYERI_PAMKI_CBD_3G,3014
"104130440",NYERI_PROVINCIAL_HOSPITAL_2G,42
"104209280",NYERI_RURINGU_4G,1848
"104312702",NYERI_THEGENGE_4G,582
"104348878",NYERI_EAST_3G,450
"104418167",NYERI_ST_MARYS_4G,182
"104574108",NYERI_PROVINCIAL_HOSPITAL_2G,138
"104587303",NYERI_THEGENGE_3G,1144
"104757815",NYERI_HILL_4G,546
"104792022",NYERI_GICHAGA_4G,850
"104986443",NYERI_PAMKI_CBD_4G,574
"104998341",NYERI_KIMATHI_INSTITUTE_2G,738
"105035261",NYERI_NORTH_2G,290
"105174900",NYERI_HILL_3G,118
"105213356",NYERI_RURINGU_3G,1910
"105242279",NYERI_KIMATHI_INSTITUTE_2G,1606
"105267072",NYERI_GICHAGA_2G,776
"105427170",NYERI_RURINGU_2G,164
"105427464",NYERI_SIKUTA_4G,686
"105445062",NYERI_THEGENGE_3G,1256
"105452429",NYERI_PROVINCIAL_HOSPITAL_3G,248
"105452528",NYERI_HILL_2G,308
"105452579",NYERI_HILL_2G,518
"105480950",NYERI_KIMATHI_INSTITUTE_3G,
"105494700",NYERI_EAST_4G,220
"105496902",NYERI_RURINGU_2G,30
"105713456",NYERI_THEGENGE_3G,140
"105713994",NYERI_SIKUTA_2G,1592
"105716696",NYERI_SIKUTA_4G,2494
"105793266",NYERI_ST_MARYS_2G,104
"105820737",NYERI_RURINGU_2G,
"105821920",NYERI_SIKUTA_2G,1060
"105846298",NYERI_HILL_3G,92
"105867203",NYERI_GICHAGA_2G,558
"105892670",NYERI_NORTH_4G,12658
"105897783",NYERI_THEGENGE_4G,394
"105948944",NYERI_HILL_2G,274
"731003157",NYERI_SIKUTA_4G,3416
"731005347",NYERI_PROVINCIAL_HOSPITAL_4G,884
"731032912",NYERI_PAMKI_CBD_2G,34
"731038513",NYERI_SIKUTA_4G,1030
"731048211",NYERI_EAST_2G,28
"731049294",NYERI_NATIONAL_POLYTECHNIC_4G,60
"731077340",NYERI_KIMATHI_INSTITUTE_3G,1642
"731078368",NYERI_PROVINCIAL_HOSPITAL_2G,38
"731087442",NYERI_PAMKI_CBD_2G,784
"731145004",NYERI_SIKUTA_2G,338
"731180118",NYERI_HILL_4G,160
"731196725",NYERI_RURINGU_3G,1986
"731201472",NYERI_SIKUTA_4G,830
"731265721",NYERI_NATIONAL_POLYTECHNIC_4G,556
"731276070",NYERI_RURINGU_3G,770
"731276173",NYERI_NATIONAL_POLYTECHNIC_3G,1788
"731280888",NYERI_PAMKI_CBD_4G,686
"731296422",NYERI_THEGENGE_3G,58
"731311552",NYERI_RURINGU_2G,118
"731327896",NYERI_HILL_2G,60
"731328535",NYERI_ST_MARYS_4G,444
"731328646",NYERI_PROVINCIAL_HOSPITAL_4G,2168
"731333141",NYERI_HILL_3G,338
"731359533",NYERI_RURINGU_2G,852
"731370209",NYERI_KIMATHI_INSTITUTE_4G,140
"731382272",NYERI_GICHAGA_3G,1422
"731393082",NYERI_HILL_2G,754
"731400645",OUTSPAN_HOSPITAL_NYERI_4G,1108
"731402581",NYERI_HILL_3G,74
"731436764",NYERI_GICHAGA_3G,
"731454064",NYERI_EAST_3G,2336
"731477916",NYERI_NORTH_4G,5780
"731481729",NYERI_PAMKI_CBD_3G,2254
"731486399",NYERI_NORTH_2G,892
"731493963",NYERI_PAMKI_CBD_4G,9926
"731523195",NYERI_HILL_3G,458
"731533088",NYERI_EAST_3G,400
"731535229",NYERI_PAMKI_CBD_3G,1178
"731541753",NYERI_HILL_2G,1452
"731542446",NYERI_RURINGU_4G,256
"731545618",NYERI_EAST_2G,238
"731545705",NYERI_PAMKI_CBD_4G,0
"731560057",NYERI_PAMKI_CBD_3G,332
"731560178",NYERI_SIKUTA_3G,1176
"731564185",NYERI_HILL_3G,142
"731567532",NYERI_GICHAGA_2G,
"731611848",NYERI_GICHAGA_3G,314
"731640406",NYERI_SIKUTA_2G,48
"731645056",NYERI_HILL_3G,0
"731648092",NYERI_SIKUTA_2G,142
"731648867",NYERI_HILL_4G,160
"731685289",NYERI_SIKUTA_4G,5584
"731688291",NYERI_GICHAGA_3G,1098
"731689303",NYERI_SIKUTA_3G,688
"731693621",NYERI_KIMATHI_INSTITUTE_4G,624
"731697130",NYERI_RURINGU_2G,124
"731716482",NYERI_SIKUTA_3G,26
"731726710",NYERI_NORTH_4G,892
"731734210",NYERI_HILL_2G,68
"731739009",NYERI_EAST_2G,238
"731779682",NYERI_SIKUTA_2G,258
"731780694",NYERI_EAST_3G,394
"731783829",NYERI_ST_MARYS_3G,
"731786046",NYERI_PAMKI_CBD_4G,396
"731787547",NYERI_NORTH_4G,300
"731811832",OUTSPAN_HOSPITAL_NYERI_4G,1190
"731834904",NYERI_ST_MARYS_2G,552
"731838194",NYERI_PAMKI_CBD_3G,1712
"731858954",NYERI_PROVINCIAL_HOSPITAL_4G,150
"731862386",NYERI_SIKUTA_4G,
"731913307",NYERI_GICHAGA_2G,284
"731918560",NYERI_EAST_4G,1404
"731919900",NYERI_PROVINCIAL_HOSPITAL_2G,0
"731921196",NYERI_ST_MARYS_3G,822
"731922993",NYERI_SIKUTA_4G,310
"731936945",NYERI_PROVINCIAL_HOSPITAL_2G,178
"731942325",NYERI_PAMKI_CBD_2G,930
"731946382",NYERI_RURINGU_2G,490
"731946467",NYERI_SIKUTA_4G,198
"731947584",OUTSPAN_HOSPITAL_NYERI_3G,198
"731952930",NYERI_PAMKI_CBD_2G,846
"731953399",NYERI_THEGENGE_4G,1772
"731957622",NYERI_PAMKI_CBD_4G,5564
"731982201",NYERI_HILL_2G,274
"731987655",NYERI_NATIONAL_POLYTECHNIC_4G,610
"731988895",NYERI_PROVINCIAL_HOSPITAL_2G,800
"731990850",NYERI_EAST_2G,150
"731994024",NYERI_PAMKI_CBD_2G,1660
"731994896",NYERI_PAMKI_CBD_3G,540
"731997284",NYERI_PROVINCIAL_HOSPITAL_2G,514
"732000633",NYERI_PAMKI_CBD_3G,1486
"732012103",NYERI_RURINGU_3G,160
"732030356",NYERI_NATIONAL_POLYTECHNIC_4G,1152
"732032746",NYERI_THEGENGE_2G,1336
"732046727",NYERI_PROVINCIAL_HOSPITAL_2G,8
"732049144",NYERI_GICHAGA_2G,290
"732058876",NYERI_PAMKI_CBD_2G,42
"732072031",NYERI_RURINGU_2G,294
"732073708",NYERI_PAMKI_CBD_2G,112
"732075793",NYERI_HILL_2G,1352
"732099195",NYERI_KIMATHI_INSTITUTE_3G,
"732099856",NYERI_NATIONAL_POLYTECHNIC_2G,182
"732209059",NYERI_NORTH_2G,766
"732217675",NYERI_SIKUTA_2G,1586
"732221700",NYERI_SIKUTA_2G,758
"732226894",NYERI_SIKUTA_3G,312
"732229526",NYERI_SIKUTA_3G,1328
"732239422",NYERI_HILL_4G,3366
"732242585",NYERI_NATIONAL_POLYTECHNIC_4G,1330
"732244105",NYERI_GICHAGA_3G,856
"732270283",NYERI_PROVINCIAL_HOSPITAL_2G,538
"732283188",NYERI_NATIONAL_POLYTECHNIC_4G,442
"732287145",NYERI_KIMATHI_INSTITUTE_4G,
"732296216",OUTSPAN_HOSPITAL_NYERI_4G,808
"732309893",NYERI_THEGENGE_4G,3628
"732329827",NYERI_HILL_4G,536
"732332161",NYERI_SIKUTA_4G,2440
"732368500",NYERI_NATIONAL_POLYTECHNIC_4G,964
"732373226",NYERI_KIMATHI_INSTITUTE_4G,
"732376570",NYERI_NORTH_4G,306
"732385206",NYERI_RURINGU_2G,288
"732393261",NYERI_HILL_2G,318
"732396391",NYERI_RURINGU_2G,356
"732397031",NYERI_HILL_2G,834
"732444341",NYERI_HILL_2G,428
"732445615",NYERI_EAST_3G,1154
"732448952",NYERI_NATIONAL_POLYTECHNIC_3G,1806
"732449147",NYERI_NORTH_2G,14
"732472780",NYERI_NORTH_3G,288
"732482974",NYERI_THEGENGE_4G,328
"732491345",NYERI_KIMATHI_INSTITUTE_3G,174
"732507680",NYERI_SIKUTA_2G,60
"732507757",NYERI_HILL_3G,922
"732527731",NYERI_RURINGU_4G,240
"732558021",NYERI_PROVINCIAL_HOSPITAL_2G,412
"732567216",NYERI_THEGENGE_2G,254
"732568835",NYERI_PAMKI_CBD_3G,898
"732586164",NYERI_THEGENGE_2G,1118
"732586319",OUTSPAN_HOSPITAL_NYERI_4G,640
"732594218",NYERI_SIKUTA_2G,606
"732599941",NYERI_HILL_4G,7682
"732618490",NYERI_SIKUTA_2G,102
"732627890",NYERI_RURINGU_2G,1524
"732642350",OUTSPAN_HOSPITAL_NYERI_3G,732
"732647706",NYERI_ST_MARYS_3G,802
"732659894",NYERI_EAST_2G,864
"732689137",NYERI_HILL_2G,1562
"732700522",NYERI_RURINGU_4G,100
"732710794",NYERI_THEGENGE_4G,100
"732730139",NYERI_THEGENGE_2G,1036
"732739161",NYERI_RURINGU_4G,544
"732741428",NYERI_RURINGU_2G,110
"732750715",NYERI_NATIONAL_POLYTECHNIC_3G,1482
"732757461",NYERI_PAMKI_CBD_2G,770
"732782015",NYERI_HILL_2G,356
"732836646",NYERI_RURINGU_4G,3762
"732842440",NYERI_HILL_2G,724
"732842550",NYERI_HILL_2G,2958
"732851267",NYERI_PROVINCIAL_HOSPITAL_4G,420
"732856723",NYERI_SIKUTA_2G,194
"732858814",NYERI_PROVINCIAL_HOSPITAL_3G,538
"732861087",NYERI_HILL_4G,2000
"732864738",NYERI_SIKUTA_4G,120
"732880523",NYERI_PROVINCIAL_HOSPITAL_2G,236
"732899911",NYERI_HILL_3G,244
"732902399",NYERI_HILL_2G,354
"732902469",NYERI_HILL_4G,3182
"732962067",NYERI_HILL_2G,2
"732985892",NYERI_PROVINCIAL_HOSPITAL_4G,60
"732998908",NYERI_GICHAGA_3G,1438
"733171672",NYERI_EAST_4G,2198
"733244511",NYERI_THEGENGE_4G,348
"733264532",NYERI_THEGENGE_2G,426
"733271435",NYERI_THEGENGE_4G,250
"733388441",NYERI_SIKUTA_4G,400
"733392057",NYERI_RURINGU_2G,532
"733399542",NYERI_EAST_2G,76
"733403067",NYERI_EAST_2G,462
"733420617",NYERI_SIKUTA_2G,572
"733442506",NYERI_RURINGU_2G,10
"733474196",NYERI_PAMKI_CBD_2G,72
"733506817",NYERI_RURINGU_3G,780
"733530165",NYERI_SIKUTA_4G,4000
"733544788",NYERI_PROVINCIAL_HOSPITAL_2G,1014
"733547920",NYERI_SIKUTA_4G,4800
"733582567",NYERI_PAMKI_CBD_2G,898
"733629498",NYERI_HILL_2G,300
"733660067",NYERI_KIMATHI_INSTITUTE_4G,1478
"733670418",NYERI_EAST_4G,4080
"733691334",NYERI_PROVINCIAL_HOSPITAL_2G,90
"733750678",NYERI_PROVINCIAL_HOSPITAL_2G,114
"733780404",NYERI_PAMKI_CBD_3G,1232
"733807571",OUTSPAN_HOSPITAL_NYERI_4G,1580
"733815375",NYERI_RURINGU_2G,476
"733846718",NYERI_HILL_3G,310
"733861210",NYERI_PAMKI_CBD_3G,174
"733879872",NYERI_EAST_2G,502
"733896157",NYERI_NORTH_3G,5772
"733915063",NYERI_RURINGU_3G,116
"733966999",NYERI_PAMKI_CBD_2G,14
"733978345",OUTSPAN_HOSPITAL_NYERI_4G,
"733978763",NYERI_THEGENGE_3G,192
"733979669",NYERI_RURINGU_4G,
"733988666",NYERI_SIKUTA_2G,90
"733993049",NYERI_PAMKI_CBD_4G,854
"734036052",NYERI_PAMKI_CBD_3G,636
"734039698",NYERI_PAMKI_CBD_4G,1274
"734099937",NYERI_NORTH_4G,4000
"734221315",NYERI_HILL_4G,1054
"734244959",NYERI_PAMKI_CBD_2G,416
"734251109",NYERI_HILL_2G,116
"734268252",NYERI_RURINGU_2G,0
"734285761",NYERI_KIMATHI_INSTITUTE_4G,40
"734296273",NYERI_SIKUTA_2G,100
"734312284",NYERI_RURINGU_4G,1160
"734317804",NYERI_NORTH_4G,60
"734322983",NYERI_PROVINCIAL_HOSPITAL_3G,2908
"734348904",NYERI_SIKUTA_2G,304
"734364447",OUTSPAN_HOSPITAL_NYERI_2G,64
"734404119",NYERI_HILL_3G,1732
"734426977",NYERI_RURINGU_2G,1978
"734461460",NYERI_HILL_2G,156
"734478565",NYERI_HILL_2G,80
"734485994",NYERI_HILL_2G,1484
"734496657",NYERI_NATIONAL_POLYTECHNIC_2G,422
"734498778",OUTSPAN_HOSPITAL_NYERI_3G,1262
"734620814",NYERI_NORTH_3G,1390
"734630953",NYERI_PAMKI_CBD_2G,1116
"734636171",NYERI_PAMKI_CBD_4G,350
"734668197",NYERI_ST_MARYS_4G,58
"734679806",NYERI_ST_MARYS_3G,
"734681380",NYERI_HILL_2G,200
"734700287",NYERI_HILL_2G,126
"734713934",NYERI_HILL_3G,2218
"734714078",OUTSPAN_HOSPITAL_NYERI_3G,2314
"734751556",OUTSPAN_HOSPITAL_NYERI_4G,7594
"734758750",NYERI_PROVINCIAL_HOSPITAL_2G,1272
"734763594",NYERI_SIKUTA_4G,2370
"734838007",NYERI_PROVINCIAL_HOSPITAL_3G,2400
"734839371",NYERI_THEGENGE_4G,3066
"734845443",NYERI_PAMKI_CBD_4G,2556
"734854929",NYERI_NORTH_4G,
"734901009",NYERI_PAMKI_CBD_3G,1048
"734921889",NYERI_EAST_2G,400
"734964159",NYERI_KIMATHI_INSTITUTE_2G,1656
"734968912",NYERI_RURINGU_4G,
"734983037",NYERI_SIKUTA_2G,144
"734985016",NYERI_SIKUTA_2G,44
"734985063",NYERI_PROVINCIAL_HOSPITAL_2G,1044
"734989089",NYERI_RURINGU_3G,2742
"734992393",NYERI_HILL_2G,66
"734998080",NYERI_PROVINCIAL_HOSPITAL_4G,2964
"735001743",NYERI_NATIONAL_POLYTECHNIC_2G,2440
"735010929",NYERI_NATIONAL_POLYTECHNIC_4G,3682
"735013125",NYERI_NORTH_3G,1072
"735030611",NYERI_SIKUTA_3G,232
"735079030",NYERI_PROVINCIAL_HOSPITAL_2G,6
"735098586",NYERI_PAMKI_CBD_4G,2762
"735101663",NYERI_HILL_4G,1676
"735137534",NYERI_THEGENGE_2G,130
"735155101",NYERI_HILL_2G,372
"735159367",NYERI_SIKUTA_3G,5450
"735197180",NYERI_RURINGU_2G,368
"735207558",NYERI_EAST_3G,798
"735209703",NYERI_PROVINCIAL_HOSPITAL_2G,1580
"735213820",OUTSPAN_HOSPITAL_NYERI_4G,2578
"735214963",NYERI_SIKUTA_3G,368
