"TELEPHONIC_ADDRESS_ID","SITE_NAME","3"
"100482048",NAIROBI_WESTLANDS_4G,2538
"100560598",NAIROBI_URBAN_RING_RD_WESTLANDS_2G,256
"100819472",NAIROBI_WESTLANDS_4G,
"100918099",NAIROBI_WESTLANDS_4G,400
"101044058",NAIROBI_URBAN_RING_RD_WESTLANDS_2G,0
"101392832",NAIROBI_WESTLANDS_4G,354
"101578151",NAIROBI_URBAN_RING_RD_WESTLANDS_2G,1262
"101881313",NAIROBI_WESTLANDS_4G,758
"102638954",NAIROBI_WESTLANDS_3G,384
"102760665",NAIROBI_WESTLANDS_4G,2104
"103909464",NAIROBI_WESTLANDS_2G,384
"731339256",NAIROBI_WESTLANDS_2G,86
"731565875",NAIROBI_URBAN_RING_RD_WESTLANDS_2G,132
"731907477",NAIROBI_WESTLANDS_2G,1696
"731977702",NAIROBI_WESTLANDS_2G,
"732091995",NAIROBI_WESTLANDS_3G,732
"732278059",NAIROBI_URBAN_RING_RD_WESTLANDS_3G,160
"732408280",NAIROBI_URBAN_RING_RD_WESTLANDS_4G,1182
"732506411",NAIROBI_URBAN_RING_RD_WESTLANDS_2G,792
"732561382",NAIROBI_WESTLANDS_3G,
"732668162",NAIROBI_URBAN_RING_RD_WESTLANDS_4G,860
"733287411",NAIROBI_WESTLANDS_2G,138
"733289460",NAIROBI_WESTLANDS_3G,
"733375742",NAIROBI_URBAN_RING_RD_WESTLANDS_4G,620
"733484458",NAIROBI_URBAN_RING_RD_WESTLANDS_2G,
"733497687",NAIROBI_WESTLANDS_2G,1288
"733866283",NAIROBI_WESTLANDS_3G,1598
"734204500",NAIROBI_WESTLANDS_2G,40
"734284093",NAIROBI_URBAN_RING_RD_WESTLANDS_4G,468
"734343768",NAIROBI_URBAN_RING_RD_WESTLANDS_3G,1694
"734391972",NAIROBI_URBAN_RING_RD_WESTLANDS_4G,
"734425310",NAIROBI_URBAN_RING_RD_WESTLANDS_2G,78
"734509581",NAIROBI_WESTLANDS_4G,1700
"734632346",NAIROBI_WESTLANDS_4G,908
"734906276",NAIROBI_URBAN_RING_RD_WESTLANDS_4G,192
"734920735",NAIROBI_WESTLANDS_4G,10144
"735332773",NAIROBI_URBAN_RING_RD_WESTLANDS_2G,318
"735407770",NAIROBI_URBAN_RING_RD_WESTLANDS_3G,460
"735683953",NAIROBI_URBAN_RING_RD_WESTLANDS_4G,2160
"735688346",NAIROBI_WESTLANDS_2G,294
"735733507",NAIROBI_WESTLANDS_4G,4000
"735754928",NAIROBI_WESTLANDS_2G,80
"735903905",NAIROBI_WESTLANDS_2G,628
"736190837",NAIROBI_URBAN_RING_RD_WESTLANDS_2G,560
"736215210",NAIROBI_WESTLANDS_3G,4000
"736720314",NAIROBI_URBAN_RING_RD_WESTLANDS_2G,244
"736802300",NAIROBI_WESTLANDS_2G,490
"736870125",NAIROBI_URBAN_RING_RD_WESTLANDS_3G,900
"736931967",NAIROBI_WESTLANDS_4G,4472
"736998071",NAIROBI_URBAN_RING_RD_WESTLANDS_2G,40
"737396755",NAIROBI_WESTLANDS_3G,1796
"737437505",NAIROBI_URBAN_RING_RD_WESTLANDS_2G,800
"737652783",NAIROBI_URBAN_RING_RD_WESTLANDS_2G,0
"738000852",NAIROBI_URBAN_RING_RD_WESTLANDS_3G,400
"738178567",NAIROBI_WESTLANDS_2G,740
"738195051",NAIROBI_URBAN_RING_RD_WESTLANDS_4G,
"738324091",NAIROBI_URBAN_RING_RD_WESTLANDS_2G,2044
"738371895",NAIROBI_URBAN_RING_RD_WESTLANDS_4G,108
"738392228",NAIROBI_URBAN_RING_RD_WESTLANDS_3G,56
"738404233",NAIROBI_WESTLANDS_3G,656
"738656535",NAIROBI_URBAN_RING_RD_WESTLANDS_4G,98
"738944122",NAIROBI_WESTLANDS_3G,196
"739093160",NAIROBI_WESTLANDS_2G,1034
"739523693",NAIROBI_WESTLANDS_3G,
"739779988",NAIROBI_URBAN_RING_RD_WESTLANDS_2G,704
"739858491",NAIROBI_URBAN_RING_RD_WESTLANDS_4G,20
"750211290",NAIROBI_WESTLANDS_4G,1758
"750605775",NAIROBI_URBAN_RING_RD_WESTLANDS_2G,122
"751194635",NAIROBI_URBAN_RING_RD_WESTLANDS_4G,178
"751633185",NAIROBI_URBAN_RING_RD_WESTLANDS_2G,1002
"751790564",NAIROBI_WESTLANDS_4G,56
"751802514",NAIROBI_WESTLANDS_2G,116
"751861376",NAIROBI_WESTLANDS_3G,514
"752029635",NAIROBI_WESTLANDS_3G,952
"752136660",NAIROBI_WESTLANDS_2G,896
"752294594",NAIROBI_WESTLANDS_4G,
"752874870",NAIROBI_WESTLANDS_3G,0
"753007307",NAIROBI_URBAN_RING_RD_WESTLANDS_2G,258
"753071703",NAIROBI_WESTLANDS_2G,668
"753299602",NAIROBI_URBAN_RING_RD_WESTLANDS_4G,2856
"753344073",NAIROBI_WESTLANDS_2G,
"753403821",NAIROBI_WESTLANDS_2G,2188
"753496434",NAIROBI_URBAN_RING_RD_WESTLANDS_3G,668
"753850221",NAIROBI_URBAN_RING_RD_WESTLANDS_4G,1600
"754009980",NAIROBI_WESTLANDS_2G,170
"754055736",NAIROBI_WESTLANDS_2G,772
"754231883",NAIROBI_WESTLANDS_2G,598
"754408467",NAIROBI_WESTLANDS_2G,
"754591802",NAIROBI_WESTLANDS_2G,1336
"754830141",NAIROBI_URBAN_RING_RD_WESTLANDS_2G,1270
"755125954",NAIROBI_URBAN_RING_RD_WESTLANDS_3G,40
"755191606",NAIROBI_URBAN_RING_RD_WESTLANDS_4G,212
"755518511",NAIROBI_URBAN_RING_RD_WESTLANDS_2G,1602
"756128071",NAIROBI_URBAN_RING_RD_WESTLANDS_4G,40
"756158703",NAIROBI_URBAN_RING_RD_WESTLANDS_3G,2880
"762037592",NAIROBI_URBAN_RING_RD_WESTLANDS_4G,1030
"762358462",NAIROBI_WESTLANDS_4G,4
"762834642",NAIROBI_WESTLANDS_3G,608
"762896577",NAIROBI_WESTLANDS_4G,44
"762927356",NAIROBI_URBAN_RING_RD_WESTLANDS_4G,
"780045789",NAIROBI_WESTLANDS_2G,362
"780055599",NAIROBI_URBAN_RING_RD_WESTLANDS_2G,170
"780165900",NAIROBI_WESTLANDS_2G,1784
"780188966",NAIROBI_WESTLANDS_4G,556
"780471101",NAIROBI_WESTLANDS_2G,562
"780556196",NAIROBI_URBAN_RING_RD_WESTLANDS_2G,1096
"781219102",NAIROBI_URBAN_RING_RD_WESTLANDS_2G,792
"781354842",NAIROBI_WESTLANDS_3G,874
"781500125",NAIROBI_WESTLANDS_4G,220
"781599556",NAIROBI_URBAN_RING_RD_WESTLANDS_2G,1040
"781626570",NAIROBI_URBAN_RING_RD_WESTLANDS_4G,980
"781726498",NAIROBI_URBAN_RING_RD_WESTLANDS_2G,258
"781849300",NAIROBI_WESTLANDS_2G,
"782154568",NAIROBI_WESTLANDS_3G,1204
"782307577",NAIROBI_WESTLANDS_2G,
"782676760",NAIROBI_URBAN_RING_RD_WESTLANDS_2G,178
"783047457",NAIROBI_WESTLANDS_4G,4062
"783082530",NAIROBI_URBAN_RING_RD_WESTLANDS_2G,400
"783152614",NAIROBI_WESTLANDS_2G,502
"783550145",NAIROBI_WESTLANDS_4G,
"783813903",NAIROBI_WESTLANDS_4G,266
"783982970",NAIROBI_URBAN_RING_RD_WESTLANDS_2G,974
"783992883",NAIROBI_WESTLANDS_3G,934
"784060444",NAIROBI_WESTLANDS_4G,608
"784211631",NAIROBI_URBAN_RING_RD_WESTLANDS_4G,400
"784333255",NAIROBI_URBAN_RING_RD_WESTLANDS_2G,566
"784550003",NAIROBI_URBAN_RING_RD_WESTLANDS_2G,644
"784707386",NAIROBI_WESTLANDS_4G,
"784838882",NAIROBI_URBAN_RING_RD_WESTLANDS_2G,192
"785157582",NAIROBI_WESTLANDS_3G,390
"785535858",NAIROBI_URBAN_RING_RD_WESTLANDS_4G,286
"785835376",NAIROBI_URBAN_RING_RD_WESTLANDS_2G,1334
"786155955",NAIROBI_WESTLANDS_3G,4000
"786166191",NAIROBI_URBAN_RING_RD_WESTLANDS_3G,
"786190343",NAIROBI_WESTLANDS_2G,500
"786474546",NAIROBI_URBAN_RING_RD_WESTLANDS_4G,3838
"786530810",NAIROBI_URBAN_RING_RD_WESTLANDS_4G,1900
"786703082",NAIROBI_URBAN_RING_RD_WESTLANDS_2G,1588
"786715456",NAIROBI_URBAN_RING_RD_WESTLANDS_2G,402
"786770920",NAIROBI_WESTLANDS_2G,160
"786830416",NAIROBI_WESTLANDS_4G,1522
"787060786",NAIROBI_URBAN_RING_RD_WESTLANDS_3G,688
"787178803",NAIROBI_URBAN_RING_RD_WESTLANDS_3G,774
"787323645",NAIROBI_WESTLANDS_3G,4048
"787585407",NAIROBI_WESTLANDS_2G,874
"787844969",NAIROBI_URBAN_RING_RD_WESTLANDS_3G,138
"788221489",NAIROBI_WESTLANDS_3G,176
"788284832",NAIROBI_WESTLANDS_2G,1314
"788294144",NAIROBI_URBAN_RING_RD_WESTLANDS_4G,518
"788769709",NAIROBI_URBAN_RING_RD_WESTLANDS_2G,490
"789053493",NAIROBI_URBAN_RING_RD_WESTLANDS_4G,196
"789358056",NAIROBI_URBAN_RING_RD_WESTLANDS_2G,846
"789429895",NAIROBI_WESTLANDS_2G,188
"789471232",NAIROBI_WESTLANDS_2G,806
"789523154",NAIROBI_URBAN_RING_RD_WESTLANDS_2G,1540
"789736723",NAIROBI_WESTLANDS_4G,606
"789784316",NAIROBI_WESTLANDS_4G,134
"100486494",NAIROBI_WESTLANDS_4G,
"101064271",NAIROBI_URBAN_RING_RD_WESTLANDS_4G,
"102377343",NAIROBI_URBAN_RING_RD_WESTLANDS_2G,120
"103998043",NAIROBI_URBAN_RING_RD_WESTLANDS_2G,56
"731032015",NAIROBI_URBAN_RING_RD_WESTLANDS_2G,486
"731313043",NAIROBI_WESTLANDS_4G,1160
"731720199",NAIROBI_URBAN_RING_RD_WESTLANDS_4G,
"731829099",NAIROBI_WESTLANDS_4G,
"731882284",NAIROBI_WESTLANDS_4G,100
"731904186",NAIROBI_URBAN_RING_RD_WESTLANDS_4G,1810
"732204880",NAIROBI_WESTLANDS_2G,532
"732367203",NAIROBI_URBAN_RING_RD_WESTLANDS_3G,976
"732405008",NAIROBI_WESTLANDS_3G,708
"732478739",NAIROBI_URBAN_RING_RD_WESTLANDS_2G,258
"732550185",NAIROBI_URBAN_RING_RD_WESTLANDS_2G,544
"732678146",NAIROBI_WESTLANDS_4G,212
"732919000",NAIROBI_URBAN_RING_RD_WESTLANDS_4G,452
"733205104",NAIROBI_WESTLANDS_4G,194
"733249493",NAIROBI_WESTLANDS_2G,522
"733548081",NAIROBI_WESTLANDS_2G,180
"733730168",NAIROBI_URBAN_RING_RD_WESTLANDS_2G,194
"733829358",NAIROBI_WESTLANDS_3G,3680
"733890836",NAIROBI_WESTLANDS_4G,1412
"734393782",NAIROBI_URBAN_RING_RD_WESTLANDS_2G,536
"734402878",NAIROBI_URBAN_RING_RD_WESTLANDS_2G,840
"734501280",NAIROBI_URBAN_RING_RD_WESTLANDS_2G,
"734658455",NAIROBI_WESTLANDS_2G,148
"735112016",NAIROBI_WESTLANDS_2G,802
"735198470",NAIROBI_WESTLANDS_4G,2520
"735341592",NAIROBI_WESTLANDS_4G,
"735396440",NAIROBI_URBAN_RING_RD_WESTLANDS_4G,8000
"735416139",NAIROBI_WESTLANDS_2G,180
"735619765",NAIROBI_WESTLANDS_3G,2876
"735633081",NAIROBI_WESTLANDS_2G,950
"735669136",NAIROBI_WESTLANDS_4G,1070
"735959850",NAIROBI_WESTLANDS_4G,940
"736040826",NAIROBI_WESTLANDS_4G,
"736384140",NAIROBI_WESTLANDS_2G,110
"736484753",NAIROBI_URBAN_RING_RD_WESTLANDS_2G,0
"736569074",NAIROBI_URBAN_RING_RD_WESTLANDS_3G,1276
"737082256",NAIROBI_WESTLANDS_2G,282
"737114558",NAIROBI_WESTLANDS_2G,0
"737308461",NAIROBI_WESTLANDS_4G,682
"737468736",NAIROBI_URBAN_RING_RD_WESTLANDS_4G,386
"737551874",NAIROBI_WESTLANDS_3G,
"737668345",NAIROBI_URBAN_RING_RD_WESTLANDS_3G,
"737731609",NAIROBI_URBAN_RING_RD_WESTLANDS_2G,1048
"737773459",NAIROBI_URBAN_RING_RD_WESTLANDS_2G,530
"737791384",NAIROBI_WESTLANDS_2G,72
"738401890",NAIROBI_WESTLANDS_4G,1032
"738533668",NAIROBI_WESTLANDS_2G,2168
"738581095",NAIROBI_WESTLANDS_2G,178
"738752353",NAIROBI_URBAN_RING_RD_WESTLANDS_4G,
"738905978",NAIROBI_WESTLANDS_2G,582
"738999454",NAIROBI_WESTLANDS_2G,74
"739093177",NAIROBI_URBAN_RING_RD_WESTLANDS_2G,160
"739097387",NAIROBI_URBAN_RING_RD_WESTLANDS_2G,
"739167380",NAIROBI_URBAN_RING_RD_WESTLANDS_2G,906
"739340714",NAIROBI_WESTLANDS_4G,220
"739372484",NAIROBI_WESTLANDS_3G,590
"739710268",NAIROBI_WESTLANDS_4G,742
"739717557",NAIROBI_URBAN_RING_RD_WESTLANDS_2G,416
"739926685",NAIROBI_WESTLANDS_2G,54
"750492610",NAIROBI_URBAN_RING_RD_WESTLANDS_2G,66
"750679350",NAIROBI_URBAN_RING_RD_WESTLANDS_2G,
"750919044",NAIROBI_URBAN_RING_RD_WESTLANDS_2G,354
"751178710",NAIROBI_URBAN_RING_RD_WESTLANDS_2G,596
"751182712",NAIROBI_URBAN_RING_RD_WESTLANDS_4G,1340
"751575929",NAIROBI_URBAN_RING_RD_WESTLANDS_2G,574
"751633242",NAIROBI_WESTLANDS_2G,636
"751962053",NAIROBI_WESTLANDS_2G,348
"752335608",NAIROBI_URBAN_RING_RD_WESTLANDS_3G,1596
"752358272",NAIROBI_URBAN_RING_RD_WESTLANDS_2G,4388
"752363206",NAIROBI_URBAN_RING_RD_WESTLANDS_4G,472
"752388421",NAIROBI_URBAN_RING_RD_WESTLANDS_2G,408
"752475846",NAIROBI_URBAN_RING_RD_WESTLANDS_2G,2848
"752814076",NAIROBI_URBAN_RING_RD_WESTLANDS_2G,740
"753078473",NAIROBI_WESTLANDS_3G,
"753397603",NAIROBI_URBAN_RING_RD_WESTLANDS_3G,746
"753788600",NAIROBI_URBAN_RING_RD_WESTLANDS_3G,1090
"754173165",NAIROBI_URBAN_RING_RD_WESTLANDS_2G,378
"754531723",NAIROBI_WESTLANDS_2G,160
"754670229",NAIROBI_URBAN_RING_RD_WESTLANDS_3G,
"755025659",NAIROBI_URBAN_RING_RD_WESTLANDS_2G,456
"755307155",NAIROBI_URBAN_RING_RD_WESTLANDS_3G,1554
"755471998",NAIROBI_WESTLANDS_3G,2144
"755831815",NAIROBI_WESTLANDS_2G,1008
"755909809",NAIROBI_URBAN_RING_RD_WESTLANDS_2G,24
"756126708",NAIROBI_URBAN_RING_RD_WESTLANDS_2G,2244
"756191258",NAIROBI_WESTLANDS_2G,638
"756325557",NAIROBI_URBAN_RING_RD_WESTLANDS_2G,180
"756331593",NAIROBI_URBAN_RING_RD_WESTLANDS_3G,244
"756562734",NAIROBI_URBAN_RING_RD_WESTLANDS_3G,2588
"756865855",NAIROBI_WESTLANDS_4G,84
"762433596",NAIROBI_URBAN_RING_RD_WESTLANDS_4G,990
"762514544",NAIROBI_URBAN_RING_RD_WESTLANDS_3G,1298
"762799477",NAIROBI_URBAN_RING_RD_WESTLANDS_4G,4770
"762962387",NAIROBI_URBAN_RING_RD_WESTLANDS_3G,690
"780120534",NAIROBI_URBAN_RING_RD_WESTLANDS_2G,132
"780143881",NAIROBI_URBAN_RING_RD_WESTLANDS_2G,304
"780329537",NAIROBI_WESTLANDS_2G,320
"780574619",NAIROBI_URBAN_RING_RD_WESTLANDS_3G,186
"780604952",NAIROBI_WESTLANDS_4G,2556
"780815624",NAIROBI_URBAN_RING_RD_WESTLANDS_3G,44
"781254941",NAIROBI_WESTLANDS_4G,
"781289838",NAIROBI_WESTLANDS_3G,504
"781743579",NAIROBI_WESTLANDS_2G,800
"782190409",NAIROBI_WESTLANDS_4G,1616
"782392358",NAIROBI_WESTLANDS_4G,276
"782504650",NAIROBI_URBAN_RING_RD_WESTLANDS_4G,296
"782731028",NAIROBI_WESTLANDS_2G,220
"782852004",NAIROBI_WESTLANDS_3G,1054
"782863198",NAIROBI_URBAN_RING_RD_WESTLANDS_3G,372
"783104510",NAIROBI_URBAN_RING_RD_WESTLANDS_2G,238
"783556902",NAIROBI_URBAN_RING_RD_WESTLANDS_3G,616
"783611962",NAIROBI_WESTLANDS_2G,2132
"783688223",NAIROBI_WESTLANDS_2G,1752
"783748756",NAIROBI_URBAN_RING_RD_WESTLANDS_3G,918
"784108040",NAIROBI_URBAN_RING_RD_WESTLANDS_3G,1058
"784168151",NAIROBI_URBAN_RING_RD_WESTLANDS_3G,496
"784287067",NAIROBI_URBAN_RING_RD_WESTLANDS_2G,30
"784322887",NAIROBI_WESTLANDS_2G,204
"784407026",NAIROBI_WESTLANDS_3G,6050
"784525481",NAIROBI_URBAN_RING_RD_WESTLANDS_4G,2008
"784896124",NAIROBI_URBAN_RING_RD_WESTLANDS_3G,498
"785720144",NAIROBI_URBAN_RING_RD_WESTLANDS_2G,746
"785770318",NAIROBI_URBAN_RING_RD_WESTLANDS_3G,1366
"786177184",NAIROBI_URBAN_RING_RD_WESTLANDS_3G,2
"786643085",NAIROBI_URBAN_RING_RD_WESTLANDS_3G,1860
"786722249",NAIROBI_URBAN_RING_RD_WESTLANDS_2G,4
"786751188",NAIROBI_URBAN_RING_RD_WESTLANDS_2G,38
"786766134",NAIROBI_URBAN_RING_RD_WESTLANDS_4G,2104
"786848688",NAIROBI_WESTLANDS_2G,68
"787063129",NAIROBI_URBAN_RING_RD_WESTLANDS_2G,434
"787717433",NAIROBI_WESTLANDS_2G,
"788236099",NAIROBI_WESTLANDS_4G,
"788264321",NAIROBI_URBAN_RING_RD_WESTLANDS_2G,
"788391792",NAIROBI_URBAN_RING_RD_WESTLANDS_4G,
"788453542",NAIROBI_WESTLANDS_2G,1148
"788643606",NAIROBI_URBAN_RING_RD_WESTLANDS_2G,162
"788909514",NAIROBI_URBAN_RING_RD_WESTLANDS_3G,24
"789098272",NAIROBI_WESTLANDS_4G,730
"789100158",NAIROBI_WESTLANDS_2G,102
"789108633",NAIROBI_URBAN_RING_RD_WESTLANDS_4G,
"789125983",NAIROBI_URBAN_RING_RD_WESTLANDS_3G,400
"789315450",NAIROBI_URBAN_RING_RD_WESTLANDS_2G,2012
"789621932",NAIROBI_URBAN_RING_RD_WESTLANDS_2G,206
"100172344",NAIROBI_WESTLANDS_2G,666
"101367362",NAIROBI_WESTLANDS_4G,604
"101502489",NAIROBI_URBAN_RING_RD_WESTLANDS_2G,568
"101772161",NAIROBI_WESTLANDS_2G,940
"101907205",NAIROBI_WESTLANDS_2G,10
"102796863",NAIROBI_URBAN_RING_RD_WESTLANDS_2G,188
"102893390",NAIROBI_URBAN_RING_RD_WESTLANDS_4G,
"103046123",NAIROBI_URBAN_RING_RD_WESTLANDS_2G,
"103249204",NAIROBI_URBAN_RING_RD_WESTLANDS_4G,1296
"105078913",NAIROBI_URBAN_RING_RD_WESTLANDS_3G,880
"105270865",NAIROBI_URBAN_RING_RD_WESTLANDS_4G,100
"731006941",NAIROBI_WESTLANDS_3G,628
"731049123",NAIROBI_URBAN_RING_RD_WESTLANDS_2G,552
"731064730",NAIROBI_WESTLANDS_3G,404
"731086649",NAIROBI_WESTLANDS_2G,8728
"731332587",NAIROBI_URBAN_RING_RD_WESTLANDS_2G,400
"731525611",NAIROBI_WESTLANDS_3G,968
"731823011",NAIROBI_WESTLANDS_2G,66
"731887610",NAIROBI_WESTLANDS_4G,404
"731957662",NAIROBI_URBAN_RING_RD_WESTLANDS_2G,240
"731981469",NAIROBI_WESTLANDS_4G,810
"732099431",NAIROBI_WESTLANDS_3G,444
"732305363",NAIROBI_WESTLANDS_3G,296
"732306701",NAIROBI_URBAN_RING_RD_WESTLANDS_4G,
"732449027",NAIROBI_URBAN_RING_RD_WESTLANDS_4G,250
"732465641",NAIROBI_WESTLANDS_2G,2554
"732507636",NAIROBI_WESTLANDS_4G,846
"732886170",NAIROBI_WESTLANDS_3G,674
"732899203",NAIROBI_WESTLANDS_2G,450
"733181658",NAIROBI_URBAN_RING_RD_WESTLANDS_2G,10
"733255037",NAIROBI_WESTLANDS_4G,936
"733615924",NAIROBI_URBAN_RING_RD_WESTLANDS_4G,
"733648047",NAIROBI_URBAN_RING_RD_WESTLANDS_2G,30
"733673397",NAIROBI_WESTLANDS_3G,2458
"733684200",NAIROBI_WESTLANDS_4G,4100
"733687508",NAIROBI_URBAN_RING_RD_WESTLANDS_4G,1176
"733705149",NAIROBI_WESTLANDS_3G,620
"733893224",NAIROBI_URBAN_RING_RD_WESTLANDS_2G,1722
"734262538",NAIROBI_WESTLANDS_2G,1066
"734480904",NAIROBI_WESTLANDS_2G,2880
"734524722",NAIROBI_WESTLANDS_2G,180
"734619537",NAIROBI_URBAN_RING_RD_WESTLANDS_2G,564
"734653370",NAIROBI_WESTLANDS_4G,4000
"734722851",NAIROBI_WESTLANDS_3G,190
"734844748",NAIROBI_WESTLANDS_4G,240
"734933361",NAIROBI_WESTLANDS_3G,2094
"735273524",NAIROBI_WESTLANDS_3G,126
"735450669",NAIROBI_URBAN_RING_RD_WESTLANDS_4G,
"735551342",NAIROBI_WESTLANDS_4G,1290
"735824168",NAIROBI_WESTLANDS_2G,72
"735841286",NAIROBI_WESTLANDS_2G,908
"735971061",NAIROBI_URBAN_RING_RD_WESTLANDS_3G,164
"736158271",NAIROBI_URBAN_RING_RD_WESTLANDS_2G,408
"736607787",NAIROBI_URBAN_RING_RD_WESTLANDS_4G,3912
"736667048",NAIROBI_WESTLANDS_2G,1478
"736727370",NAIROBI_URBAN_RING_RD_WESTLANDS_4G,600
"736889899",NAIROBI_URBAN_RING_RD_WESTLANDS_3G,1000
"737114770",NAIROBI_WESTLANDS_3G,578
"737251501",NAIROBI_WESTLANDS_2G,1320
"737403345",NAIROBI_WESTLANDS_3G,2000
"737538023",NAIROBI_WESTLANDS_4G,872
"737785544",NAIROBI_WESTLANDS_3G,178
"737924466",NAIROBI_URBAN_RING_RD_WESTLANDS_2G,82
"737967839",NAIROBI_URBAN_RING_RD_WESTLANDS_3G,1166
"738007777",NAIROBI_WESTLANDS_3G,
"738124462",NAIROBI_WESTLANDS_3G,10
"738206505",NAIROBI_URBAN_RING_RD_WESTLANDS_2G,124
"738284211",NAIROBI_WESTLANDS_3G,734
"738535622",NAIROBI_WESTLANDS_4G,560
"738543561",NAIROBI_WESTLANDS_4G,140
"738825402",NAIROBI_URBAN_RING_RD_WESTLANDS_2G,1508
"738852234",NAIROBI_WESTLANDS_2G,208
"739000379",NAIROBI_WESTLANDS_2G,1038
"739164113",NAIROBI_URBAN_RING_RD_WESTLANDS_2G,352
"739321531",NAIROBI_URBAN_RING_RD_WESTLANDS_2G,0
"739463628",NAIROBI_WESTLANDS_3G,
"739746324",NAIROBI_URBAN_RING_RD_WESTLANDS_3G,1574
"750028561",NAIROBI_URBAN_RING_RD_WESTLANDS_3G,4272
"750155320",NAIROBI_WESTLANDS_2G,46
"750457638",NAIROBI_URBAN_RING_RD_WESTLANDS_2G,782
"750553285",NAIROBI_WESTLANDS_2G,136
"751235593",NAIROBI_URBAN_RING_RD_WESTLANDS_2G,760
"751322431",NAIROBI_WESTLANDS_4G,78
"751326089",NAIROBI_URBAN_RING_RD_WESTLANDS_2G,
"751389656",NAIROBI_WESTLANDS_2G,5066
"751554695",NAIROBI_URBAN_RING_RD_WESTLANDS_2G,1198
"751584477",NAIROBI_WESTLANDS_4G,600
"752214537",NAIROBI_WESTLANDS_2G,444
"752409791",NAIROBI_WESTLANDS_4G,2158
"752525603",NAIROBI_WESTLANDS_3G,104
"752546653",NAIROBI_URBAN_RING_RD_WESTLANDS_2G,50
"752701888",NAIROBI_URBAN_RING_RD_WESTLANDS_4G,
"752741991",NAIROBI_URBAN_RING_RD_WESTLANDS_3G,444
"753174472",NAIROBI_URBAN_RING_RD_WESTLANDS_4G,392
"753882173",NAIROBI_WESTLANDS_3G,2078
"753938410",NAIROBI_WESTLANDS_2G,616
"754236464",NAIROBI_URBAN_RING_RD_WESTLANDS_4G,158
"754653483",NAIROBI_WESTLANDS_2G,
"754809139",NAIROBI_WESTLANDS_2G,114
"754907915",NAIROBI_WESTLANDS_2G,
"754954310",NAIROBI_URBAN_RING_RD_WESTLANDS_2G,828
"755198022",NAIROBI_WESTLANDS_4G,3792
"755549704",NAIROBI_URBAN_RING_RD_WESTLANDS_2G,76
"755689756",NAIROBI_WESTLANDS_4G,80
"755972224",NAIROBI_URBAN_RING_RD_WESTLANDS_2G,240
"756451890",NAIROBI_URBAN_RING_RD_WESTLANDS_2G,258
"756770081",NAIROBI_URBAN_RING_RD_WESTLANDS_4G,466
"762087909",NAIROBI_WESTLANDS_4G,1128
"762439348",NAIROBI_URBAN_RING_RD_WESTLANDS_4G,770
"762591549",NAIROBI_WESTLANDS_2G,226
"780160550",NAIROBI_WESTLANDS_3G,4218
"780286942",NAIROBI_WESTLANDS_4G,188
"780935080",NAIROBI_URBAN_RING_RD_WESTLANDS_3G,1502
"780990849",NAIROBI_WESTLANDS_2G,618
"781025504",NAIROBI_WESTLANDS_2G,232
"781092260",NAIROBI_WESTLANDS_2G,782
"781117623",NAIROBI_WESTLANDS_2G,20
"781164921",NAIROBI_WESTLANDS_3G,374
"781853985",NAIROBI_WESTLANDS_2G,306
"782222685",NAIROBI_URBAN_RING_RD_WESTLANDS_4G,320
"782284493",NAIROBI_URBAN_RING_RD_WESTLANDS_3G,192
"782904911",NAIROBI_WESTLANDS_2G,1966
"783799309",NAIROBI_WESTLANDS_2G,1394
"784428230",NAIROBI_WESTLANDS_3G,
"784656248",NAIROBI_WESTLANDS_3G,68
"784777415",NAIROBI_URBAN_RING_RD_WESTLANDS_4G,182
"784851520",NAIROBI_WESTLANDS_3G,1438
"784968784",NAIROBI_WESTLANDS_2G,
"785029007",NAIROBI_URBAN_RING_RD_WESTLANDS_2G,928
"785262343",NAIROBI_WESTLANDS_3G,368
"785294446",NAIROBI_WESTLANDS_4G,98
"785396340",NAIROBI_WESTLANDS_4G,
"785399663",NAIROBI_WESTLANDS_4G,410
"786417925",NAIROBI_WESTLANDS_4G,4020
"786587817",NAIROBI_WESTLANDS_2G,120
"787048644",NAIROBI_WESTLANDS_3G,380
"787163475",NAIROBI_URBAN_RING_RD_WESTLANDS_4G,384
"787383806",NAIROBI_URBAN_RING_RD_WESTLANDS_4G,1304
"787424566",NAIROBI_WESTLANDS_2G,2108
"787750815",NAIROBI_URBAN_RING_RD_WESTLANDS_2G,1100
"787768319",NAIROBI_WESTLANDS_2G,32
"788162068",NAIROBI_WESTLANDS_3G,710
"788351022",NAIROBI_URBAN_RING_RD_WESTLANDS_4G,690
"788517183",NAIROBI_URBAN_RING_RD_WESTLANDS_2G,606
"788557350",NAIROBI_WESTLANDS_3G,926
"788630066",NAIROBI_URBAN_RING_RD_WESTLANDS_2G,76
"788691471",NAIROBI_URBAN_RING_RD_WESTLANDS_4G,
"789381697",NAIROBI_URBAN_RING_RD_WESTLANDS_2G,1162
"789863424",NAIROBI_URBAN_RING_RD_WESTLANDS_3G,4156
"100297287",NAIROBI_WESTLANDS_3G,1074
"100591601",NAIROBI_WESTLANDS_2G,568
"100735113",NAIROBI_WESTLANDS_3G,1490
"101190676",NAIROBI_WESTLANDS_3G,2894
"101775569",NAIROBI_WESTLANDS_3G,86
"101799491",NAIROBI_URBAN_RING_RD_WESTLANDS_2G,
"101973671",NAIROBI_URBAN_RING_RD_WESTLANDS_4G,4190
"102146532",NAIROBI_URBAN_RING_RD_WESTLANDS_4G,494
"103024671",NAIROBI_URBAN_RING_RD_WESTLANDS_4G,50
"103048267",NAIROBI_URBAN_RING_RD_WESTLANDS_4G,98
"103405094",NAIROBI_WESTLANDS_3G,3206
"731294563",NAIROBI_WESTLANDS_4G,698
"731326076",NAIROBI_WESTLANDS_4G,
"731438298",NAIROBI_WESTLANDS_4G,2034
"731468849",NAIROBI_URBAN_RING_RD_WESTLANDS_2G,1286
"731631400",NAIROBI_WESTLANDS_4G,0
"731711711",NAIROBI_URBAN_RING_RD_WESTLANDS_4G,0
"731723422",NAIROBI_WESTLANDS_2G,70
"731786777",NAIROBI_URBAN_RING_RD_WESTLANDS_4G,2252
"731893247",NAIROBI_URBAN_RING_RD_WESTLANDS_4G,3022
"731944239",NAIROBI_WESTLANDS_2G,
"732003908",NAIROBI_WESTLANDS_2G,322
"732227441",NAIROBI_WESTLANDS_2G,152
"732242700",NAIROBI_URBAN_RING_RD_WESTLANDS_4G,158
"732297461",NAIROBI_URBAN_RING_RD_WESTLANDS_4G,
"732884326",NAIROBI_WESTLANDS_2G,696
"733638204",NAIROBI_URBAN_RING_RD_WESTLANDS_2G,0
"733701166",NAIROBI_URBAN_RING_RD_WESTLANDS_4G,694
"733714039",NAIROBI_URBAN_RING_RD_WESTLANDS_4G,22
"734755158",NAIROBI_WESTLANDS_2G,
"734755587",NAIROBI_WESTLANDS_2G,412
"734832656",NAIROBI_WESTLANDS_4G,92
"735012714",NAIROBI_URBAN_RING_RD_WESTLANDS_2G,92
"735212121",NAIROBI_URBAN_RING_RD_WESTLANDS_4G,7994
"735469312",NAIROBI_WESTLANDS_3G,360
"735855993",NAIROBI_URBAN_RING_RD_WESTLANDS_4G,0
"735873917",NAIROBI_WESTLANDS_2G,386
"736171203",NAIROBI_WESTLANDS_2G,
"736344919",NAIROBI_WESTLANDS_3G,0
"736483044",NAIROBI_WESTLANDS_2G,2590
"736773136",NAIROBI_WESTLANDS_4G,368
"736909085",NAIROBI_WESTLANDS_2G,1628
"737184622",NAIROBI_URBAN_RING_RD_WESTLANDS_3G,162
"737576454",NAIROBI_URBAN_RING_RD_WESTLANDS_3G,1020
"737811317",NAIROBI_WESTLANDS_4G,2990
"737892007",NAIROBI_WESTLANDS_2G,6
"737910931",NAIROBI_WESTLANDS_3G,8102
