"TELEPHONIC_ADDRESS_ID","SITE_NAME","3"
"101347612",NAIROBI_PARKSIDE_TOWERS_4G,648
"101487502",NAIROBI_PARKSIDE_TOWERS_4G,
"101904095",NAIROBI_PARKSIDE_INDOOR_2G,92
"101923651",NAIROBI_PARKSIDE_TOWERS_2G,1530
"102161142",NAIROBI_PARKSIDE_TOWERS_2G,302
"103549116",NAIROBI_PARKSIDE_TOWERS_2G,828
"731041883",NAIROBI_PARKSIDE_TOWERS_2G,428
"731050053",NAIROBI_PARKSIDE_TOWERS_3G,820
"731501575",NAIROBI_PARKSIDE_TOWERS_4G,1670
"731584553",NAIROBI_PARKSIDE_TOWERS_2G,98
"731737388",NAIROBI_PARKSIDE_INDOOR_4G,1180
"731927358",NAIROBI_PARKSIDE_TOWERS_4G,686
"732326599",NAIROBI_PARKSIDE_TOWERS_2G,158
"733333535",NAIROBI_PARKSIDE_TOWERS_3G,
"733478055",NAIROBI_PARKSIDE_INDOOR_2G,8
"733485682",NAIROBI_PARKSIDE_TOWERS_3G,4212
"733485965",NAIROBI_PARKSIDE_TOWERS_4G,1426
"733564136",NAIROBI_PARKSIDE_TOWERS_2G,1190
"734499127",NAIROBI_PARKSIDE_TOWERS_3G,
"734737765",NAIROBI_PARKSIDE_TOWERS_4G,1700
"734896012",NAIROBI_PARKSIDE_TOWERS_4G,6302
"734903759",NAIROBI_PARKSIDE_TOWERS_3G,76
"734916745",NAIROBI_PARKSIDE_TOWERS_4G,1190
"735376373",NAIROBI_PARKSIDE_INDOOR_4G,6746
"736433783",NAIROBI_PARKSIDE_TOWERS_2G,332
"736577803",NAIROBI_PARKSIDE_TOWERS_4G,328
"736601623",NAIROBI_PARKSIDE_TOWERS_4G,
"736725000",NAIROBI_PARKSIDE_TOWERS_4G,
"736765325",NAIROBI_PARKSIDE_TOWERS_3G,1054
"737427978",NAIROBI_PARKSIDE_TOWERS_2G,
"737614166",NAIROBI_PARKSIDE_TOWERS_2G,278
"737871796",NAIROBI_PARKSIDE_TOWERS_2G,828
"738169851",NAIROBI_PARKSIDE_TOWERS_3G,1170
"738192260",NAIROBI_PARKSIDE_TOWERS_4G,
"739086925",NAIROBI_PARKSIDE_TOWERS_4G,14000
"739296673",NAIROBI_PARKSIDE_INDOOR_3G,
"739771946",NAIROBI_PARKSIDE_INDOOR_4G,1474
"739886465",NAIROBI_PARKSIDE_TOWERS_4G,400
"750128451",NAIROBI_PARKSIDE_TOWERS_4G,200
"750154793",NAIROBI_PARKSIDE_TOWERS_2G,1188
"750316817",NAIROBI_PARKSIDE_TOWERS_4G,878
"750455740",NAIROBI_PARKSIDE_INDOOR_4G,1166
"750580538",NAIROBI_PARKSIDE_TOWERS_2G,82
"750735175",NAIROBI_PARKSIDE_TOWERS_4G,
"751657710",NAIROBI_PARKSIDE_TOWERS_4G,4156
"751894817",NAIROBI_PARKSIDE_TOWERS_4G,
"752368897",NAIROBI_PARKSIDE_TOWERS_2G,302
"753023452",NAIROBI_PARKSIDE_INDOOR_3G,3680
"753854587",NAIROBI_PARKSIDE_TOWERS_4G,
"754281513",NAIROBI_PARKSIDE_TOWERS_4G,440
"754606400",NAIROBI_PARKSIDE_TOWERS_4G,326
"755943413",NAIROBI_PARKSIDE_TOWERS_3G,
"756474050",NAIROBI_PARKSIDE_TOWERS_2G,
"756929647",NAIROBI_PARKSIDE_TOWERS_2G,
"762489826",NAIROBI_PARKSIDE_TOWERS_2G,1452
"762825266",NAIROBI_PARKSIDE_TOWERS_4G,396
"762864038",NAIROBI_PARKSIDE_TOWERS_3G,718
"780139864",NAIROBI_PARKSIDE_TOWERS_4G,1020
"780274337",NAIROBI_PARKSIDE_TOWERS_3G,98
"780455410",NAIROBI_PARKSIDE_TOWERS_2G,208
"780751549",NAIROBI_PARKSIDE_TOWERS_4G,718
"781095190",NAIROBI_PARKSIDE_TOWERS_4G,
"781385366",NAIROBI_PARKSIDE_TOWERS_3G,404
"782120126",NAIROBI_PARKSIDE_TOWERS_4G,2902
"782909050",NAIROBI_PARKSIDE_TOWERS_3G,226
"783250797",NAIROBI_PARKSIDE_TOWERS_4G,2380
"783275588",NAIROBI_PARKSIDE_TOWERS_3G,3582
"783488445",NAIROBI_PARKSIDE_TOWERS_2G,380
"783610255",NAIROBI_PARKSIDE_TOWERS_4G,480
"783655129",NAIROBI_PARKSIDE_INDOOR_2G,5038
"783733556",NAIROBI_PARKSIDE_TOWERS_2G,176
"784038500",NAIROBI_PARKSIDE_TOWERS_3G,570
"784791987",NAIROBI_PARKSIDE_TOWERS_4G,
"785816421",NAIROBI_PARKSIDE_TOWERS_3G,1232
"786466762",NAIROBI_PARKSIDE_TOWERS_4G,28
"786519418",NAIROBI_PARKSIDE_TOWERS_3G,178
"786958587",NAIROBI_PARKSIDE_TOWERS_4G,524
"787144236",NAIROBI_PARKSIDE_TOWERS_4G,
"787780621",NAIROBI_PARKSIDE_TOWERS_4G,58
"100199606",NAIROBI_PARKSIDE_TOWERS_2G,20
"100403494",NAIROBI_PARKSIDE_TOWERS_4G,252
"101839043",NAIROBI_PARKSIDE_TOWERS_4G,230
"101885413",NAIROBI_PARKSIDE_TOWERS_4G,418
"102032114",NAIROBI_PARKSIDE_TOWERS_2G,304
"102050234",NAIROBI_PARKSIDE_TOWERS_4G,120
"102831003",NAIROBI_PARKSIDE_TOWERS_2G,4022
"103414167",NAIROBI_PARKSIDE_TOWERS_2G,764
"103970681",NAIROBI_PARKSIDE_TOWERS_4G,516
"104727449",NAIROBI_PARKSIDE_TOWERS_4G,5356
"731503797",NAIROBI_PARKSIDE_TOWERS_4G,24
"731721717",NAIROBI_PARKSIDE_TOWERS_2G,328
"731975722",NAIROBI_PARKSIDE_TOWERS_4G,
"732426600",NAIROBI_PARKSIDE_TOWERS_2G,392
"732490959",NAIROBI_PARKSIDE_TOWERS_4G,426
"732613746",NAIROBI_PARKSIDE_TOWERS_4G,2000
"732621711",NAIROBI_PARKSIDE_TOWERS_2G,
"733412786",NAIROBI_PARKSIDE_TOWERS_3G,4238
"733984952",NAIROBI_PARKSIDE_INDOOR_3G,1946
"734053170",NAIROBI_PARKSIDE_TOWERS_2G,480
"734489487",NAIROBI_PARKSIDE_TOWERS_4G,28
"734609867",NAIROBI_PARKSIDE_TOWERS_4G,1812
"734838656",NAIROBI_PARKSIDE_TOWERS_4G,1222
"735194130",NAIROBI_PARKSIDE_TOWERS_4G,
"735280330",NAIROBI_PARKSIDE_TOWERS_4G,1074
"735403091",NAIROBI_PARKSIDE_TOWERS_2G,1162
"735473030",NAIROBI_PARKSIDE_TOWERS_4G,494
"735571154",NAIROBI_PARKSIDE_TOWERS_2G,500
"735789584",NAIROBI_PARKSIDE_TOWERS_2G,1476
"736106332",NAIROBI_PARKSIDE_TOWERS_2G,368
"736472784",NAIROBI_PARKSIDE_TOWERS_4G,
"736900803",NAIROBI_PARKSIDE_TOWERS_4G,
"737156263",NAIROBI_PARKSIDE_TOWERS_4G,
"737337593",NAIROBI_PARKSIDE_TOWERS_4G,2060
"737633665",NAIROBI_PARKSIDE_TOWERS_2G,402
"737936818",NAIROBI_PARKSIDE_TOWERS_3G,120
"738351312",NAIROBI_PARKSIDE_TOWERS_3G,
"738478117",NAIROBI_PARKSIDE_TOWERS_2G,1196
"738733969",NAIROBI_PARKSIDE_TOWERS_4G,
"750230399",NAIROBI_PARKSIDE_TOWERS_4G,6600
"751570969",NAIROBI_PARKSIDE_TOWERS_4G,340
"753304117",NAIROBI_PARKSIDE_TOWERS_3G,1158
"753566341",NAIROBI_PARKSIDE_TOWERS_4G,344
"753716774",NAIROBI_PARKSIDE_TOWERS_2G,550
"754012319",NAIROBI_PARKSIDE_INDOOR_3G,190
"755174374",NAIROBI_PARKSIDE_TOWERS_4G,2040
"755769190",NAIROBI_PARKSIDE_TOWERS_3G,1296
"756136775",NAIROBI_PARKSIDE_TOWERS_2G,344
"756291063",NAIROBI_PARKSIDE_TOWERS_2G,1532
"756318700",NAIROBI_PARKSIDE_TOWERS_4G,612
"756481702",NAIROBI_PARKSIDE_TOWERS_4G,
"756600656",NAIROBI_PARKSIDE_TOWERS_2G,234
"756656718",NAIROBI_PARKSIDE_TOWERS_4G,1034
"756907856",NAIROBI_PARKSIDE_TOWERS_4G,212
"780291826",NAIROBI_PARKSIDE_TOWERS_4G,6854
"780620145",NAIROBI_PARKSIDE_TOWERS_2G,502
"781476930",NAIROBI_PARKSIDE_TOWERS_4G,2068
"781727146",NAIROBI_PARKSIDE_TOWERS_2G,298
"782407907",NAIROBI_PARKSIDE_TOWERS_4G,
"782454700",NAIROBI_PARKSIDE_TOWERS_4G,278
"782873017",NAIROBI_PARKSIDE_TOWERS_4G,116
"783007093",NAIROBI_PARKSIDE_TOWERS_2G,5648
"783431092",NAIROBI_PARKSIDE_TOWERS_4G,178
"783447800",NAIROBI_PARKSIDE_TOWERS_2G,40
"783889008",NAIROBI_PARKSIDE_TOWERS_4G,302
"784750205",NAIROBI_PARKSIDE_TOWERS_3G,3140
"785754688",NAIROBI_PARKSIDE_TOWERS_4G,
"785981755",NAIROBI_PARKSIDE_TOWERS_4G,80
"786317678",NAIROBI_PARKSIDE_TOWERS_2G,598
"786685942",NAIROBI_PARKSIDE_TOWERS_4G,
"787566760",NAIROBI_PARKSIDE_TOWERS_3G,36
"787718143",NAIROBI_PARKSIDE_TOWERS_4G,2036
"788362297",NAIROBI_PARKSIDE_TOWERS_4G,2858
"788670137",NAIROBI_PARKSIDE_TOWERS_3G,238
"789358655",NAIROBI_PARKSIDE_TOWERS_2G,378
"789626291",NAIROBI_PARKSIDE_TOWERS_4G,100
"101649438",NAIROBI_PARKSIDE_TOWERS_2G,6
"101690550",NAIROBI_PARKSIDE_TOWERS_4G,2042
"103429443",NAIROBI_PARKSIDE_TOWERS_4G,1030
"731043121",NAIROBI_PARKSIDE_TOWERS_4G,2726
"731435713",NAIROBI_PARKSIDE_TOWERS_2G,1268
"731515613",NAIROBI_PARKSIDE_TOWERS_2G,590
"732347145",NAIROBI_PARKSIDE_TOWERS_4G,140
"733914979",NAIROBI_PARKSIDE_TOWERS_4G,2000
"734239010",NAIROBI_PARKSIDE_TOWERS_2G,298
"734609268",NAIROBI_PARKSIDE_TOWERS_3G,344
"734664218",NAIROBI_PARKSIDE_TOWERS_3G,3338
"735533913",NAIROBI_PARKSIDE_TOWERS_2G,330
"735930906",NAIROBI_PARKSIDE_TOWERS_4G,
"736495645",NAIROBI_PARKSIDE_TOWERS_3G,298
"736728839",NAIROBI_PARKSIDE_TOWERS_4G,508
"736904347",NAIROBI_PARKSIDE_TOWERS_4G,898
"737647817",NAIROBI_PARKSIDE_TOWERS_4G,5464
"737681419",NAIROBI_PARKSIDE_TOWERS_3G,158
"738277180",NAIROBI_PARKSIDE_TOWERS_2G,836
"739126291",NAIROBI_PARKSIDE_TOWERS_4G,176
"739291698",NAIROBI_PARKSIDE_INDOOR_4G,498
"739783682",NAIROBI_PARKSIDE_TOWERS_4G,2692
"739921038",NAIROBI_PARKSIDE_TOWERS_4G,942
"750003868",NAIROBI_PARKSIDE_TOWERS_3G,560
"750548993",NAIROBI_PARKSIDE_TOWERS_3G,10
"751767597",NAIROBI_PARKSIDE_TOWERS_2G,280
"752205277",NAIROBI_PARKSIDE_TOWERS_3G,340
"754662566",NAIROBI_PARKSIDE_TOWERS_3G,3652
"754914635",NAIROBI_PARKSIDE_TOWERS_4G,10456
"754928898",NAIROBI_PARKSIDE_TOWERS_2G,48
"755170500",NAIROBI_PARKSIDE_TOWERS_4G,196
"755191915",NAIROBI_PARKSIDE_TOWERS_3G,2000
"762757419",NAIROBI_PARKSIDE_TOWERS_2G,42
"762951371",NAIROBI_PARKSIDE_TOWERS_3G,1026
"780956548",NAIROBI_PARKSIDE_TOWERS_3G,3890
"780959277",NAIROBI_PARKSIDE_TOWERS_4G,9494
"781197984",NAIROBI_PARKSIDE_TOWERS_3G,
"781279703",NAIROBI_PARKSIDE_TOWERS_2G,478
"781326005",NAIROBI_PARKSIDE_TOWERS_2G,204
"781644317",NAIROBI_PARKSIDE_TOWERS_2G,302
"781800534",NAIROBI_PARKSIDE_TOWERS_2G,342
"781944799",NAIROBI_PARKSIDE_TOWERS_2G,
"781963457",NAIROBI_PARKSIDE_TOWERS_4G,910
"781985555",NAIROBI_PARKSIDE_TOWERS_4G,560
"783369860",NAIROBI_PARKSIDE_TOWERS_2G,1268
"783524720",NAIROBI_PARKSIDE_TOWERS_4G,3372
"783922587",NAIROBI_PARKSIDE_TOWERS_4G,4386
"783955113",NAIROBI_PARKSIDE_TOWERS_2G,300
"784332468",NAIROBI_PARKSIDE_TOWERS_2G,392
"784592473",NAIROBI_PARKSIDE_TOWERS_2G,596
"785164100",NAIROBI_PARKSIDE_TOWERS_4G,74
"786322285",NAIROBI_PARKSIDE_TOWERS_3G,110
"786466065",NAIROBI_PARKSIDE_TOWERS_2G,1194
"787356873",NAIROBI_PARKSIDE_TOWERS_2G,366
"787722769",NAIROBI_PARKSIDE_TOWERS_3G,198
"788243811",NAIROBI_PARKSIDE_INDOOR_2G,0
"788647826",NAIROBI_PARKSIDE_TOWERS_2G,486
"788878627",NAIROBI_PARKSIDE_TOWERS_4G,98
"789170717",NAIROBI_PARKSIDE_TOWERS_4G,400
"789516052",NAIROBI_PARKSIDE_TOWERS_2G,150
"789520220",NAIROBI_PARKSIDE_TOWERS_4G,1158
"789577843",NAIROBI_PARKSIDE_TOWERS_4G,5256
"789590838",NAIROBI_PARKSIDE_TOWERS_2G,1340
"789788407",NAIROBI_PARKSIDE_TOWERS_4G,
"789824616",NAIROBI_PARKSIDE_TOWERS_4G,298
"100662976",NAIROBI_PARKSIDE_TOWERS_3G,1458
"100711756",NAIROBI_PARKSIDE_TOWERS_4G,400
"101318228",NAIROBI_PARKSIDE_TOWERS_3G,36
"731002712",NAIROBI_PARKSIDE_TOWERS_2G,60
"731096719",NAIROBI_PARKSIDE_TOWERS_4G,390
"731477961",NAIROBI_PARKSIDE_TOWERS_4G,420
"732292335",NAIROBI_PARKSIDE_TOWERS_4G,400
"733568340",NAIROBI_PARKSIDE_TOWERS_3G,1800
"734033536",NAIROBI_PARKSIDE_TOWERS_4G,
"735277722",NAIROBI_PARKSIDE_TOWERS_3G,
"735292699",NAIROBI_PARKSIDE_TOWERS_2G,252
"735419215",NAIROBI_PARKSIDE_TOWERS_4G,196
"735446571",NAIROBI_PARKSIDE_TOWERS_3G,426
"736000309",NAIROBI_PARKSIDE_TOWERS_4G,
"736319045",NAIROBI_PARKSIDE_TOWERS_2G,596
"736648534",NAIROBI_PARKSIDE_TOWERS_4G,2614
"737334483",NAIROBI_PARKSIDE_TOWERS_4G,2040
"737977406",NAIROBI_PARKSIDE_TOWERS_2G,352
"738446521",NAIROBI_PARKSIDE_TOWERS_4G,204
"738487452",NAIROBI_PARKSIDE_TOWERS_2G,96
"739202944",NAIROBI_PARKSIDE_TOWERS_4G,782
"739511517",NAIROBI_PARKSIDE_TOWERS_4G,1370
"739775895",NAIROBI_PARKSIDE_TOWERS_2G,274
"739783315",NAIROBI_PARKSIDE_TOWERS_4G,1792
"739974967",NAIROBI_PARKSIDE_TOWERS_2G,512
"750599382",NAIROBI_PARKSIDE_TOWERS_4G,2000
"750787600",NAIROBI_PARKSIDE_TOWERS_2G,618
"750790028",NAIROBI_PARKSIDE_TOWERS_2G,1244
"750894013",NAIROBI_PARKSIDE_TOWERS_2G,582
"751158200",NAIROBI_PARKSIDE_TOWERS_4G,
"751278937",NAIROBI_PARKSIDE_TOWERS_4G,874
"751930411",NAIROBI_PARKSIDE_TOWERS_2G,662
"752654088",NAIROBI_PARKSIDE_TOWERS_2G,282
"753424585",NAIROBI_PARKSIDE_INDOOR_3G,3220
"753429960",NAIROBI_PARKSIDE_TOWERS_3G,1552
"753769834",NAIROBI_PARKSIDE_TOWERS_2G,74
"753788407",NAIROBI_PARKSIDE_TOWERS_4G,22
"754132525",NAIROBI_PARKSIDE_TOWERS_2G,396
"754219777",NAIROBI_PARKSIDE_TOWERS_4G,
"754456927",NAIROBI_PARKSIDE_TOWERS_2G,70
"754748656",NAIROBI_PARKSIDE_TOWERS_2G,772
"754996736",NAIROBI_PARKSIDE_TOWERS_4G,162
"755906900",NAIROBI_PARKSIDE_TOWERS_2G,600
"756213869",NAIROBI_PARKSIDE_TOWERS_2G,286
"756243378",NAIROBI_PARKSIDE_TOWERS_4G,1536
"762625290",NAIROBI_PARKSIDE_TOWERS_4G,620
"780458878",NAIROBI_PARKSIDE_TOWERS_4G,592
"780959846",NAIROBI_PARKSIDE_TOWERS_3G,1262
"781127377",NAIROBI_PARKSIDE_TOWERS_4G,488
"781910573",NAIROBI_PARKSIDE_TOWERS_4G,
"781969574",NAIROBI_PARKSIDE_TOWERS_2G,1786
"782012069",NAIROBI_PARKSIDE_TOWERS_3G,1348
"782718705",NAIROBI_PARKSIDE_TOWERS_2G,3440
"783218142",NAIROBI_PARKSIDE_INDOOR_3G,28886
"783444421",NAIROBI_PARKSIDE_TOWERS_2G,280
"783533157",NAIROBI_PARKSIDE_TOWERS_3G,3082
"783879673",NAIROBI_PARKSIDE_TOWERS_3G,620
"784553055",NAIROBI_PARKSIDE_TOWERS_4G,8000
"785037754",NAIROBI_PARKSIDE_TOWERS_3G,202
"785058382",NAIROBI_PARKSIDE_TOWERS_4G,
"785156928",NAIROBI_PARKSIDE_TOWERS_4G,70
"785215596",NAIROBI_PARKSIDE_TOWERS_2G,1732
"785461096",NAIROBI_PARKSIDE_TOWERS_4G,
"785495538",NAIROBI_PARKSIDE_TOWERS_4G,7828
"786621003",NAIROBI_PARKSIDE_TOWERS_2G,40
"787121561",NAIROBI_PARKSIDE_TOWERS_3G,212
"787661292",NAIROBI_PARKSIDE_TOWERS_2G,782
"787966628",NAIROBI_PARKSIDE_TOWERS_4G,218
"788262085",NAIROBI_PARKSIDE_INDOOR_3G,298
"788521107",NAIROBI_PARKSIDE_TOWERS_2G,1120
"789390000",NAIROBI_PARKSIDE_INDOOR_4G,1480
"789922796",NAIROBI_PARKSIDE_TOWERS_2G,278
"789992384",NAIROBI_PARKSIDE_TOWERS_2G,60
"100185172",NAIROBI_PARKSIDE_TOWERS_3G,3978
"101037152",NAIROBI_PARKSIDE_TOWERS_4G,0
"101336778",NAIROBI_PARKSIDE_TOWERS_2G,766
"101436317",NAIROBI_PARKSIDE_TOWERS_3G,34
"101903553",NAIROBI_PARKSIDE_TOWERS_4G,482
"101955253",NAIROBI_PARKSIDE_TOWERS_2G,1512
"101972971",NAIROBI_PARKSIDE_TOWERS_2G,82
"102800181",NAIROBI_PARKSIDE_TOWERS_4G,16
"731544774",NAIROBI_PARKSIDE_TOWERS_2G,460
"731831278",NAIROBI_PARKSIDE_TOWERS_4G,268
"731879343",NAIROBI_PARKSIDE_TOWERS_4G,60
"732039160",NAIROBI_PARKSIDE_TOWERS_3G,176
"732260153",NAIROBI_PARKSIDE_TOWERS_2G,150
"732788955",NAIROBI_PARKSIDE_TOWERS_4G,542
"732852737",NAIROBI_PARKSIDE_TOWERS_4G,116
"733317485",NAIROBI_PARKSIDE_TOWERS_3G,122
"733492813",NAIROBI_PARKSIDE_TOWERS_4G,1088
"733673329",NAIROBI_PARKSIDE_TOWERS_4G,656
"733771130",NAIROBI_PARKSIDE_TOWERS_4G,
"734314884",NAIROBI_PARKSIDE_TOWERS_4G,76
"734362405",NAIROBI_PARKSIDE_TOWERS_3G,274
"734424245",NAIROBI_PARKSIDE_TOWERS_3G,46
"734583881",NAIROBI_PARKSIDE_TOWERS_3G,1662
"734897009",NAIROBI_PARKSIDE_TOWERS_2G,280
"735154349",NAIROBI_PARKSIDE_TOWERS_2G,904
"735383404",NAIROBI_PARKSIDE_TOWERS_4G,328
"735389688",NAIROBI_PARKSIDE_TOWERS_3G,2810
"735794549",NAIROBI_PARKSIDE_TOWERS_3G,518
"736046457",NAIROBI_PARKSIDE_INDOOR_4G,
"736247509",NAIROBI_PARKSIDE_TOWERS_4G,64
"736348160",NAIROBI_PARKSIDE_TOWERS_4G,304
"736440112",NAIROBI_PARKSIDE_TOWERS_2G,612
"736686416",NAIROBI_PARKSIDE_TOWERS_3G,120
"737074644",NAIROBI_PARKSIDE_TOWERS_4G,4000
"737383247",NAIROBI_PARKSIDE_TOWERS_2G,342
"737425808",NAIROBI_PARKSIDE_TOWERS_3G,
"737497036",NAIROBI_PARKSIDE_TOWERS_4G,634
"737688110",NAIROBI_PARKSIDE_TOWERS_4G,6428
"738010556",NAIROBI_PARKSIDE_TOWERS_3G,734
"738174158",NAIROBI_PARKSIDE_TOWERS_4G,480
"750277002",NAIROBI_PARKSIDE_TOWERS_4G,36
"750482252",NAIROBI_PARKSIDE_TOWERS_4G,1898
"750503526",NAIROBI_PARKSIDE_TOWERS_2G,154
"750885901",NAIROBI_PARKSIDE_TOWERS_3G,364
"751240269",NAIROBI_PARKSIDE_TOWERS_3G,280
"751693388",NAIROBI_PARKSIDE_TOWERS_4G,6904
"751896080",NAIROBI_PARKSIDE_TOWERS_4G,3200
"752374692",NAIROBI_PARKSIDE_TOWERS_2G,4358
"752448062",NAIROBI_PARKSIDE_TOWERS_3G,188
"752655982",NAIROBI_PARKSIDE_TOWERS_2G,694
"752951931",NAIROBI_PARKSIDE_TOWERS_3G,952
"753233914",NAIROBI_PARKSIDE_TOWERS_3G,80
"753504906",NAIROBI_PARKSIDE_TOWERS_2G,
"755574106",NAIROBI_PARKSIDE_TOWERS_4G,4698
"756252519",NAIROBI_PARKSIDE_TOWERS_4G,278
"756475675",NAIROBI_PARKSIDE_TOWERS_4G,2434
"756954590",NAIROBI_PARKSIDE_TOWERS_4G,0
"762818019",NAIROBI_PARKSIDE_TOWERS_2G,800
"762910964",NAIROBI_PARKSIDE_TOWERS_2G,104
"780956458",NAIROBI_PARKSIDE_TOWERS_3G,2
"780959664",NAIROBI_PARKSIDE_TOWERS_4G,
"781205500",NAIROBI_PARKSIDE_TOWERS_4G,1152
"781402380",NAIROBI_PARKSIDE_TOWERS_2G,400
"781610020",NAIROBI_PARKSIDE_TOWERS_3G,1788
"782179255",NAIROBI_PARKSIDE_TOWERS_3G,
"783926189",NAIROBI_PARKSIDE_TOWERS_2G,82
"784039505",NAIROBI_PARKSIDE_TOWERS_4G,358
"784476279",NAIROBI_PARKSIDE_TOWERS_3G,300
"784534700",NAIROBI_PARKSIDE_TOWERS_3G,1292
"784630590",NAIROBI_PARKSIDE_INDOOR_2G,1130
"785187114",NAIROBI_PARKSIDE_TOWERS_2G,580
"785300402",NAIROBI_PARKSIDE_TOWERS_4G,838
"785619400",NAIROBI_PARKSIDE_TOWERS_4G,564
"786219930",NAIROBI_PARKSIDE_TOWERS_2G,640
"786605469",NAIROBI_PARKSIDE_TOWERS_3G,34
"786744949",NAIROBI_PARKSIDE_TOWERS_3G,240
"787613918",NAIROBI_PARKSIDE_TOWERS_2G,450
"787873463",NAIROBI_PARKSIDE_TOWERS_4G,0
"788138743",NAIROBI_PARKSIDE_TOWERS_4G,
"789001000",NAIROBI_PARKSIDE_TOWERS_4G,0
"789503129",NAIROBI_PARKSIDE_TOWERS_2G,134
"789520582",NAIROBI_PARKSIDE_TOWERS_3G,1108
"789668556",NAIROBI_PARKSIDE_TOWERS_4G,600
"789913312",NAIROBI_PARKSIDE_TOWERS_4G,1130
"100873404",NAIROBI_PARKSIDE_TOWERS_4G,
"101586891",NAIROBI_PARKSIDE_TOWERS_2G,0
"101633011",NAIROBI_PARKSIDE_TOWERS_3G,96
"103920656",NAIROBI_PARKSIDE_TOWERS_4G,5908
"105696392",NAIROBI_PARKSIDE_TOWERS_4G,
"731016448",NAIROBI_PARKSIDE_TOWERS_2G,
"731356180",NAIROBI_PARKSIDE_INDOOR_4G,1164
"732636839",NAIROBI_PARKSIDE_TOWERS_3G,1060
"732664192",NAIROBI_PARKSIDE_TOWERS_2G,638
"732832709",NAIROBI_PARKSIDE_TOWERS_4G,136
"734014421",NAIROBI_PARKSIDE_TOWERS_3G,7670
"734207996",NAIROBI_PARKSIDE_TOWERS_2G,98
"734211026",NAIROBI_PARKSIDE_TOWERS_4G,498
"734224811",NAIROBI_PARKSIDE_TOWERS_4G,136
"734384375",NAIROBI_PARKSIDE_TOWERS_3G,1332
"734577882",NAIROBI_PARKSIDE_TOWERS_4G,1400
"734804754",NAIROBI_PARKSIDE_TOWERS_4G,2742
"734932739",NAIROBI_PARKSIDE_TOWERS_2G,396
"735460206",NAIROBI_PARKSIDE_TOWERS_3G,430
"736548679",NAIROBI_PARKSIDE_TOWERS_3G,1026
"736872117",NAIROBI_PARKSIDE_INDOOR_4G,1938
"737014186",NAIROBI_PARKSIDE_TOWERS_4G,638
"737061906",NAIROBI_PARKSIDE_TOWERS_4G,3058
"737254950",NAIROBI_PARKSIDE_TOWERS_3G,
"739491736",NAIROBI_PARKSIDE_TOWERS_4G,844
"739580669",NAIROBI_PARKSIDE_TOWERS_4G,2726
"750148216",NAIROBI_PARKSIDE_TOWERS_2G,1638
"750542525",NAIROBI_PARKSIDE_TOWERS_2G,1534
"751022315",NAIROBI_PARKSIDE_TOWERS_4G,24
"751084997",NAIROBI_PARKSIDE_TOWERS_2G,60
"751342301",NAIROBI_PARKSIDE_TOWERS_3G,38
"751477358",NAIROBI_PARKSIDE_TOWERS_4G,274
"751564798",NAIROBI_PARKSIDE_TOWERS_4G,2242
"751803704",NAIROBI_PARKSIDE_TOWERS_4G,0
"752891007",NAIROBI_PARKSIDE_TOWERS_2G,842
"752977259",NAIROBI_PARKSIDE_TOWERS_2G,2948
"753000555",NAIROBI_PARKSIDE_TOWERS_3G,650
"753633304",NAIROBI_PARKSIDE_TOWERS_4G,2230
"753857785",NAIROBI_PARKSIDE_TOWERS_2G,638
"753919798",NAIROBI_PARKSIDE_TOWERS_2G,1006
"754263850",NAIROBI_PARKSIDE_TOWERS_3G,
"755183203",NAIROBI_PARKSIDE_TOWERS_2G,
"755462500",NAIROBI_PARKSIDE_TOWERS_4G,80
"755666390",NAIROBI_PARKSIDE_TOWERS_4G,552
"755685495",NAIROBI_PARKSIDE_TOWERS_2G,40
"755843365",NAIROBI_PARKSIDE_TOWERS_4G,
"756210800",NAIROBI_PARKSIDE_TOWERS_4G,64
"756348508",NAIROBI_PARKSIDE_TOWERS_2G,654
"756815262",NAIROBI_PARKSIDE_TOWERS_2G,
"756976591",NAIROBI_PARKSIDE_TOWERS_3G,710
"762781668",NAIROBI_PARKSIDE_TOWERS_4G,470
"762818335",NAIROBI_PARKSIDE_TOWERS_4G,2750
"780067152",NAIROBI_PARKSIDE_TOWERS_4G,858
"780190701",NAIROBI_PARKSIDE_TOWERS_4G,1310
"780562444",NAIROBI_PARKSIDE_TOWERS_2G,12
"780618574",NAIROBI_PARKSIDE_TOWERS_4G,544
"780959100",NAIROBI_PARKSIDE_TOWERS_4G,2440
"781179689",NAIROBI_PARKSIDE_TOWERS_4G,4136
"781669496",NAIROBI_PARKSIDE_TOWERS_4G,2
"781672918",NAIROBI_PARKSIDE_TOWERS_4G,4030
"782376466",NAIROBI_PARKSIDE_TOWERS_2G,398
"782387373",NAIROBI_PARKSIDE_TOWERS_3G,1942
"782524956",NAIROBI_PARKSIDE_TOWERS_2G,318
"782978180",NAIROBI_PARKSIDE_TOWERS_2G,284
"783404858",NAIROBI_PARKSIDE_TOWERS_4G,
"783688834",NAIROBI_PARKSIDE_TOWERS_4G,664
"784503868",NAIROBI_PARKSIDE_TOWERS_4G,874
"784979014",NAIROBI_PARKSIDE_TOWERS_4G,812
"785337142",NAIROBI_PARKSIDE_TOWERS_3G,20
"785970117",NAIROBI_PARKSIDE_TOWERS_3G,0
"786315685",NAIROBI_PARKSIDE_TOWERS_2G,438
"787175402",NAIROBI_PARKSIDE_TOWERS_3G,146
"787218821",NAIROBI_PARKSIDE_TOWERS_2G,394
"787564481",NAIROBI_PARKSIDE_TOWERS_4G,638
"788211392",NAIROBI_PARKSIDE_TOWERS_2G,700
"788226396",NAIROBI_PARKSIDE_TOWERS_3G,294
"789030585",NAIROBI_PARKSIDE_TOWERS_4G,80
"100500118",NAIROBI_PARKSIDE_TOWERS_4G,4
"101276341",NAIROBI_PARKSIDE_TOWERS_4G,858
"102816123",NAIROBI_PARKSIDE_TOWERS_4G,86
"103408131",NAIROBI_PARKSIDE_TOWERS_3G,930
"103646851",NAIROBI_PARKSIDE_TOWERS_4G,198
"104353271",NAIROBI_PARKSIDE_TOWERS_4G,650
"731308731",NAIROBI_PARKSIDE_TOWERS_2G,124
"731855596",NAIROBI_PARKSIDE_TOWERS_3G,728
"731866329",NAIROBI_PARKSIDE_TOWERS_2G,794
"733190864",NAIROBI_PARKSIDE_TOWERS_4G,4038
"733385173",NAIROBI_PARKSIDE_TOWERS_4G,0
"733431959",NAIROBI_PARKSIDE_TOWERS_3G,1142
"733459472",NAIROBI_PARKSIDE_TOWERS_2G,1288
"733591934",NAIROBI_PARKSIDE_TOWERS_4G,152
"734475165",NAIROBI_PARKSIDE_TOWERS_4G,38
"735407487",NAIROBI_PARKSIDE_TOWERS_4G,0
"735734453",NAIROBI_PARKSIDE_TOWERS_3G,400
"735889546",NAIROBI_PARKSIDE_TOWERS_2G,238
"735900280",NAIROBI_PARKSIDE_TOWERS_4G,
"736001711",NAIROBI_PARKSIDE_TOWERS_2G,1352
"736009590",NAIROBI_PARKSIDE_TOWERS_4G,0
"736169179",NAIROBI_PARKSIDE_TOWERS_4G,718
"736181274",NAIROBI_PARKSIDE_TOWERS_2G,258
"736481414",NAIROBI_PARKSIDE_TOWERS_3G,618
"737555129",NAIROBI_PARKSIDE_INDOOR_4G,0
"737728979",NAIROBI_PARKSIDE_TOWERS_2G,
"738614268",NAIROBI_PARKSIDE_TOWERS_2G,574
"738707373",NAIROBI_PARKSIDE_TOWERS_3G,1150
"751060916",NAIROBI_PARKSIDE_TOWERS_3G,776
"752838264",NAIROBI_PARKSIDE_TOWERS_4G,382
"753042925",NAIROBI_PARKSIDE_TOWERS_2G,4
"753760385",NAIROBI_PARKSIDE_TOWERS_3G,0
"753797978",NAIROBI_PARKSIDE_TOWERS_2G,1228
"753868377",NAIROBI_PARKSIDE_TOWERS_4G,6
"753942985",NAIROBI_PARKSIDE_TOWERS_4G,296
"754454726",NAIROBI_PARKSIDE_TOWERS_2G,668
"755150467",NAIROBI_PARKSIDE_TOWERS_4G,452
"755530827",NAIROBI_PARKSIDE_TOWERS_4G,138
"755790780",NAIROBI_PARKSIDE_TOWERS_4G,2990
"755860446",NAIROBI_PARKSIDE_TOWERS_3G,80
"756283985",NAIROBI_PARKSIDE_TOWERS_3G,368
"756897158",NAIROBI_PARKSIDE_TOWERS_4G,
"762458453",NAIROBI_PARKSIDE_TOWERS_2G,128
"780786614",NAIROBI_PARKSIDE_TOWERS_4G,2434
"781636041",NAIROBI_PARKSIDE_TOWERS_4G,402
"781726761",NAIROBI_PARKSIDE_TOWERS_4G,16
