"TELEPHONIC_ADDRESS_ID","SITE_NAME","3"
"100117181",NAIROBI_RONGAI_LAISER_ACADEMY_2G,10
"100148708",NAIROBI_ONGATA_RONGAI_CATHOLIC_4G,4106
"100151380",NAIROBI_ONGATA_RONGAI_QUARRY_2G,456
"100153367",NAIROBI_ONGATA_RONGAI_3G,400
"100155080",NAKURU_RONGAI_ATC_4G,76
"100174466",NAIROBI_ONGATA_RONGAI_3G,1500
"100185568",NAIROBI_ONGATA_RONGAI_3G,3798
"100205088",NAIROBI_RONGAI_LAISER_ACADEMY_4G,
"100206954",NAIROBI_ONGATA_RONGAI_2G,200
"100249242",NAIROBI_RONGAI_OLE_ROAD_2G,112
"100255828",NAIROBI_ONGATA_RONGAI_4G,2440
"100258702",RONGAI_SGR_2G,598
"100260055",NAIROBI_ONGATA_RONGAI_ORANGE_2G,722
"100263807",NAIROBI_RONGAI_OLE_ROAD_2G,2286
"100263818",NAIROBI_ONGATA_RONGAI_4G,1282
"100264001",NAIROBI_ONGATA_RONGAI_OLEKASASI_4G,542
"100264133",NAIROBI_ONGATA_RONGAI_ORANGE_4G,810
"100267765",NAIROBI_RONGAI_GATAKA_ROAD_3G,220
"100268049",NAIROBI_RONGAI_LAISER_ACADEMY_4G,5430
"100281586",NAIROBI_ONGATA_RONGAI_4G,10772
"100282554",NAIROBI_ONGATA_RONGAI_2G,424
"100305105",RONGAI_OLEKASASI_4G,3164
"100305424",NAIROBI_ONGATA_RONGAI_4G,558
"100305438",NAIROBI_ONGATA_RONGAI_CATHOLIC_3G,880
"100305512",NAIROBI_RONGAI_LAISER_ACADEMY_2G,0
"100336544",NAIROBI_ONGATA_RONGAI_ORANGE_3G,1930
"100355141",NAIROBI_ONGATA_RONGAI_CATHOLIC_4G,3856
"100364612",NAIROBI_ONGATA_RONGAI_ORANGE_2G,304
"100364993",NAIROBI_ONGATA_RONGAI_CATHOLIC_2G,
"100366744",NAIROBI_ONGATA_RONGAI_QUARRY_4G,1862
"100371229",NAIROBI_ONGATA_RONGAI_QUARRY_2G,306
"100372540",NAIROBI_ONGATA_RONGAI_ORANGE_2G,684
"100372541",NAIROBI_ONGATA_RONGAI_ORANGE_3G,1078
"100406813",RONGAI_SGR_2G,704
"100409807",NAIROBI_RONGAI_LAISER_ACADEMY_4G,1288
"100424719",NAIROBI_RONGAI_GATAKA_ROAD_2G,840
"100425797",RONGAI_OLEKASASI_4G,
"100438652",NAIROBI_ONGATA_RONGAI_4G,402
"100459829",NAIROBI_ONGATA_RONGAI_4G,2944
"100483395",NAIROBI_ONGATA_RONGAI_QUARRY_2G,956
"100489270",NAIROBI_ONGATA_RONGAI_CATHOLIC_3G,1920
"100490665",NAIROBI_MAYOR_ROAD_ONGATA_RONGAI_2G,6
"100495529",NAIROBI_RONGAI_LAISER_ACADEMY_3G,1000
"100496431",NAIROBI_ONGATA_RONGAI_ORANGE_3G,5896
"100497510",NAIROBI_ONGATA_RONGAI_4G,1816
"100513506",NAIROBI_ONGATA_RONGAI_3G,918
"100526844",NAIROBI_ONGATA_RONGAI_ORANGE_2G,1378
"100526958",NAIROBI_ONGATA_RONGAI_QUARRY_2G,2542
"100530324",NAIROBI_ONGATA_RONGAI_OLEKASASI_4G,1060
"100578585",NAIROBI_RONGAI_OLE_ROAD_4G,9160
"100590280",RONGAI_OLEKASASI_4G,950
"100590369",NAIROBI_ONGATA_RONGAI_CATHOLIC_2G,156
"100595449",NAIROBI_RONGAI_GATAKA_ROAD_2G,60
"100603532",RONGAI_OLEKASASI_2G,
"100606866",NAIROBI_MAYOR_ROAD_ONGATA_RONGAI_4G,2022
"100607646",NAIROBI_ONGATA_RONGAI_4G,5940
"100620025",NAKURU_RONGAI_ATC_4G,100
"100631510",RONGAI_SALGAA_3G,76
"100638467",NAIROBI_ONGATA_RONGAI_CATHOLIC_3G,980
"100644168",NAIROBI_RONGAI_LAISER_ACADEMY_2G,410
"100650308",RONGAI_SGR_4G,0
"100650505",NAIROBI_ONGATA_RONGAI_ORANGE_2G,906
"100659511",NAIROBI_ONGATA_RONGAI_ORANGE_4G,2392
"100664806",NAIROBI_ONGATA_RONGAI_ORANGE_3G,2010
"100665460",NAIROBI_ONGATA_RONGAI_ORANGE_3G,2020
"100713162",RONGAI_SALGAA_2G,430
"100714755",RONGAI_SGR_3G,328
"100716429",NAIROBI_ONGATA_RONGAI_ORANGE_4G,462
"100716510",RONGAI_SGR_4G,40
"100717577",NAIROBI_ONGATA_RONGAI_ORANGE_2G,1276
"100718190",NAIROBI_ONGATA_RONGAI_QUARRY_3G,28
"100723213",NAIROBI_RONGAI_GATAKA_ROAD_2G,0
"100737719",NAIROBI_ONGATA_RONGAI_4G,1060
"100764182",RONGAI_OLEKASASI_2G,386
"100771232",NAIROBI_RONGAI_LAISER_ACADEMY_3G,
"100797553",RONGAI_SGR_4G,
"100799552",NAIROBI_ONGATA_RONGAI_CATHOLIC_2G,832
"100800433",NAIROBI_ONGATA_RONGAI_4G,1696
"100807556",NAIROBI_ONGATA_RONGAI_2G,1010
"100816785",NAIROBI_ONGATA_RONGAI_QUARRY_4G,1028
"100840763",NAKURU_RONGAI_ATC_3G,86
"100875238",NAIROBI_MAYOR_ROAD_ONGATA_RONGAI_3G,824
"100934069",RONGAI_SGR_2G,240
"100949447",NAIROBI_ONGATA_RONGAI_4G,2550
"100951145",NAIROBI_ONGATA_RONGAI_ORANGE_3G,6028
"100958955",NAKURU_RONGAI_ATC_3G,572
"100969343",RONGAI_SALGAA_2G,4
"100971337",NAIROBI_ONGATA_RONGAI_ORANGE_3G,200
"100982414",NAIROBI_MAYOR_ROAD_ONGATA_RONGAI_3G,36
"100991541",NAIROBI_ONGATA_RONGAI_QUARRY_4G,3372
"101009438",NAKURU_RONGAI_ATC_4G,2400
"101016738",NAIROBI_RONGAI_GATAKA_ROAD_2G,158
"101016950",NAIROBI_RONGAI_OLE_ROAD_3G,4648
"101047908",NAIROBI_ONGATA_RONGAI_OLEKASASI_4G,2792
"101048437",NAIROBI_ONGATA_RONGAI_ORANGE_2G,1710
"101048462",NAIROBI_ONGATA_RONGAI_CATHOLIC_3G,58
"101053517",NAIROBI_ONGATA_RONGAI_CATHOLIC_3G,274
"101058922",NAIROBI_ONGATA_RONGAI_QUARRY_4G,1680
"101085273",NAIROBI_MAYOR_ROAD_ONGATA_RONGAI_2G,368
"101085394",NAIROBI_MAYOR_ROAD_ONGATA_RONGAI_4G,270
"101085721",NAKURU_RONGAI_ATC_2G,592
"101090080",RONGAI_SGR_2G,1516
"101090267",NAIROBI_ONGATA_RONGAI_ORANGE_3G,30
"101090854",NAIROBI_ONGATA_RONGAI_4G,18
"101091220",NAIROBI_ONGATA_RONGAI_3G,1824
"101091467",RANGAU_ONGATA_RONGAI_SGR_STATION_3G,60
"101093141",NAIROBI_RONGAI_OLE_ROAD_4G,2964
"101093234",NAIROBI_ONGATA_RONGAI_CATHOLIC_4G,18
"101093380",RANGAU_ONGATA_RONGAI_SGR_STATION_3G,
"101093431",NAIROBI_ONGATA_RONGAI_OLEKASASI_2G,536
"101100340",NAIROBI_ONGATA_RONGAI_4G,798
"101126624",NAIROBI_ONGATA_RONGAI_ORANGE_4G,152
"101133536",NAIROBI_RONGAI_GATAKA_ROAD_2G,282
"101186537",NAIROBI_ONGATA_RONGAI_ORANGE_2G,
"101202564",NAIROBI_ONGATA_RONGAI_QUARRY_4G,2058
"101238054",RONGAI_SALGAA_4G,18
"101243705",NAIROBI_ONGATA_RONGAI_OLEKASASI_2G,890
"101244249",NAIROBI_RONGAI_LAISER_ACADEMY_2G,
"101244692",NAIROBI_MAYOR_ROAD_ONGATA_RONGAI_2G,58
"101246395",NAIROBI_RONGAI_GATAKA_ROAD_3G,1492
"101246674",NAIROBI_RONGAI_LAISER_ACADEMY_4G,636
"101253809",NAIROBI_RONGAI_LAISER_ACADEMY_4G,1386
"101255037",NAIROBI_ONGATA_RONGAI_QUARRY_3G,346
"101255763",NAIROBI_ONGATA_RONGAI_CATHOLIC_2G,38
"101258685",NAIROBI_ONGATA_RONGAI_2G,1210
"101277056",NAIROBI_RONGAI_OLE_ROAD_3G,618
"101301299",RONGAI_SALGAA_4G,18
"101312905",NAIROBI_ONGATA_RONGAI_OLEKASASI_3G,852
"101314384",NAKURU_RONGAI_ATC_2G,618
"101332514",NAIROBI_RONGAI_LAISER_ACADEMY_4G,510
"101339677",NAIROBI_RONGAI_OLE_ROAD_2G,182
"101340746",NAIROBI_ONGATA_RONGAI_CATHOLIC_4G,
"101349922",NAIROBI_RONGAI_GATAKA_ROAD_2G,464
"101359277",NAIROBI_ONGATA_RONGAI_2G,912
"101360117",NAIROBI_RONGAI_OLE_ROAD_4G,1000
"101376312",NAIROBI_ONGATA_RONGAI_QUARRY_2G,118
"101394519",NAIROBI_RONGAI_LAISER_ACADEMY_3G,728
"101399755",NAIROBI_ONGATA_RONGAI_CATHOLIC_4G,8188
"101405151",NAIROBI_ONGATA_RONGAI_3G,990
"101415221",RONGAI_SALGAA_3G,5926
"101427359",NAIROBI_RONGAI_OLE_ROAD_3G,2974
"101431080",NAKURU_RONGAI_ATC_2G,346
"101465131",RONGAI_SALGAA_3G,2298
"101471844",RONGAI_SALGAA_4G,4414
"101486727",NAIROBI_ONGATA_RONGAI_2G,600
"101499311",NAIROBI_ONGATA_RONGAI_2G,236
"101522810",NAIROBI_ONGATA_RONGAI_4G,2450
"101586899",NAKURU_RONGAI_ATC_4G,1698
"101589944",NAIROBI_ONGATA_RONGAI_ORANGE_4G,742
"101593628",NAIROBI_ONGATA_RONGAI_ORANGE_3G,2104
"101607682",NAIROBI_RONGAI_OLE_ROAD_2G,250
"101615131",NAIROBI_ONGATA_RONGAI_ORANGE_2G,0
"101617754",NAIROBI_MAYOR_ROAD_ONGATA_RONGAI_4G,1710
"101628822",NAIROBI_RONGAI_LAISER_ACADEMY_3G,176
"101630042",NAIROBI_ONGATA_RONGAI_ORANGE_2G,1156
"101630325",NAIROBI_RONGAI_LAISER_ACADEMY_4G,3006
"101635887",NAIROBI_ONGATA_RONGAI_4G,
"101647414",NAIROBI_ONGATA_RONGAI_CATHOLIC_4G,480
"101647656",NAIROBI_ONGATA_RONGAI_QUARRY_4G,3200
"101649293",NAIROBI_MAYOR_ROAD_ONGATA_RONGAI_2G,1226
"101663735",NAIROBI_RONGAI_GATAKA_ROAD_4G,482
"101674978",NAIROBI_RONGAI_OLE_ROAD_4G,808
"101676189",NAKURU_RONGAI_ATC_3G,706
"101700589",RONGAI_SALGAA_3G,658
"101709073",NAIROBI_ONGATA_RONGAI_QUARRY_2G,66
"101720656",NAIROBI_ONGATA_RONGAI_ORANGE_3G,680
"101742230",RANGAU_ONGATA_RONGAI_SGR_STATION_4G,1180
"101745510",NAIROBI_ONGATA_RONGAI_ORANGE_3G,
"101749828",NAIROBI_RONGAI_GATAKA_ROAD_3G,570
"101765355",RANGAU_ONGATA_RONGAI_SGR_STATION_2G,286
"101785272",NAIROBI_ONGATA_RONGAI_ORANGE_2G,322
"101826043",NAIROBI_ONGATA_RONGAI_4G,
"101838405",NAIROBI_ONGATA_RONGAI_QUARRY_2G,1946
"101849732",NAIROBI_ONGATA_RONGAI_QUARRY_4G,1604
"101854178",NAIROBI_ONGATA_RONGAI_CATHOLIC_2G,224
"101900531",NAIROBI_ONGATA_RONGAI_QUARRY_3G,2618
"101920035",NAIROBI_ONGATA_RONGAI_CATHOLIC_2G,
"101926015",NAIROBI_RONGAI_LAISER_ACADEMY_2G,210
"101926228",NAIROBI_ONGATA_RONGAI_ORANGE_2G,1036
"101927404",NAIROBI_ONGATA_RONGAI_CATHOLIC_2G,252
"101930165",NAIROBI_ONGATA_RONGAI_QUARRY_3G,388
"101930253",NAIROBI_ONGATA_RONGAI_CATHOLIC_4G,3800
"101933264",NAIROBI_RONGAI_GATAKA_ROAD_2G,240
"101933286",NAIROBI_ONGATA_RONGAI_OLEKASASI_3G,136
"101936520",NAIROBI_ONGATA_RONGAI_ORANGE_2G,274
"101937461",NAIROBI_ONGATA_RONGAI_QUARRY_2G,620
"101954645",NAIROBI_ONGATA_RONGAI_4G,816
"101960640",NAIROBI_MAYOR_ROAD_ONGATA_RONGAI_4G,2360
"102041435",RANGAU_ONGATA_RONGAI_SGR_STATION_2G,156
"102056584",RONGAI_SGR_3G,362
"102064159",NAIROBI_RONGAI_LAISER_ACADEMY_4G,1000
"102064955",NAIROBI_ONGATA_RONGAI_QUARRY_3G,314
"102065024",NAIROBI_ONGATA_RONGAI_ORANGE_2G,6
"102069383",RONGAI_OLEKASASI_2G,2390
"102069460",NAIROBI_RONGAI_LAISER_ACADEMY_4G,988
"102069669",NAIROBI_ONGATA_RONGAI_CATHOLIC_3G,92
"102069790",RONGAI_SGR_4G,540
"102073661",NAIROBI_ONGATA_RONGAI_ORANGE_2G,18
"102091352",NAIROBI_ONGATA_RONGAI_2G,4122
"102100211",RANGAU_ONGATA_RONGAI_SGR_STATION_2G,730
"102116198",NAIROBI_ONGATA_RONGAI_ORANGE_2G,204
"102159513",RONGAI_SGR_2G,194
"102168117",NAIROBI_MAYOR_ROAD_ONGATA_RONGAI_4G,
"102206244",NAIROBI_ONGATA_RONGAI_CATHOLIC_2G,38
"102214760",NAIROBI_ONGATA_RONGAI_QUARRY_3G,728
"102235040",NAIROBI_ONGATA_RONGAI_4G,2832
"102250990",NAIROBI_ONGATA_RONGAI_QUARRY_2G,
"102251306",NAIROBI_ONGATA_RONGAI_2G,788
"102251347",NAIROBI_RONGAI_GATAKA_ROAD_3G,646
"102257340",NAIROBI_ONGATA_RONGAI_QUARRY_2G,3736
"102261167",NAIROBI_RONGAI_GATAKA_ROAD_2G,296
"102266825",NAIROBI_ONGATA_RONGAI_ORANGE_2G,58
"102266890",RANGAU_ONGATA_RONGAI_SGR_STATION_4G,
"102271339",NAIROBI_ONGATA_RONGAI_4G,2420
"102334055",NAIROBI_ONGATA_RONGAI_ORANGE_2G,776
"102355950",NAIROBI_ONGATA_RONGAI_OLEKASASI_3G,1100
"102386424",NAIROBI_RONGAI_OLE_ROAD_2G,176
"102397971",NAIROBI_ONGATA_RONGAI_4G,1956
"102537215",NAIROBI_RONGAI_OLE_ROAD_4G,672
"102550579",NAIROBI_ONGATA_RONGAI_4G,518
"102562794",NAKURU_RONGAI_ATC_2G,36
"102564977",RONGAI_SALGAA_2G,394
"102565201",RANGAU_ONGATA_RONGAI_SGR_STATION_2G,58
"102577355",NAIROBI_RONGAI_GATAKA_ROAD_2G,486
"102577587",NAIROBI_ONGATA_RONGAI_QUARRY_3G,1434
"102583540",NAKURU_RONGAI_ATC_4G,544
"102586282",RANGAU_ONGATA_RONGAI_SGR_STATION_2G,438
"102591672",NAIROBI_ONGATA_RONGAI_CATHOLIC_4G,2980
"102604944",NAIROBI_ONGATA_RONGAI_2G,170
"102637883",NAIROBI_ONGATA_RONGAI_CATHOLIC_3G,282
"102644979",NAIROBI_ONGATA_RONGAI_3G,7598
"102645192",NAIROBI_ONGATA_RONGAI_OLEKASASI_3G,6362
"102645244",NAIROBI_ONGATA_RONGAI_ORANGE_4G,7540
"102645435",NAIROBI_ONGATA_RONGAI_QUARRY_3G,1658
"102648911",NAIROBI_ONGATA_RONGAI_QUARRY_2G,88
"102649171",NAIROBI_ONGATA_RONGAI_4G,876
"102671353",NAIROBI_MAYOR_ROAD_ONGATA_RONGAI_4G,262
"102679407",NAIROBI_MAYOR_ROAD_ONGATA_RONGAI_3G,56
"102689148",NAIROBI_RONGAI_OLE_ROAD_4G,2270
"102696021",NAIROBI_RONGAI_GATAKA_ROAD_4G,1612
"102696047",NAIROBI_RONGAI_LAISER_ACADEMY_3G,602
"102696495",RONGAI_SGR_4G,4492
"102696891",NAIROBI_RONGAI_GATAKA_ROAD_3G,1778
"102697439",NAIROBI_RONGAI_GATAKA_ROAD_3G,944
"102787822",NAIROBI_RONGAI_GATAKA_ROAD_2G,412
"102828078",NAIROBI_ONGATA_RONGAI_CATHOLIC_2G,
"102828115",NAIROBI_ONGATA_RONGAI_OLEKASASI_3G,376
"102828159",NAIROBI_RONGAI_GATAKA_ROAD_2G,212
"102849897",RANGAU_ONGATA_RONGAI_SGR_STATION_2G,338
"102865300",NAIROBI_ONGATA_RONGAI_QUARRY_2G,254
"102885607",RANGAU_ONGATA_RONGAI_SGR_STATION_3G,874
"102919621",NAIROBI_ONGATA_RONGAI_2G,
"102974976",RONGAI_SGR_4G,1102
"102974998",NAIROBI_ONGATA_RONGAI_CATHOLIC_4G,
"103022752",NAIROBI_ONGATA_RONGAI_4G,3290
"103044605",NAIROBI_ONGATA_RONGAI_QUARRY_2G,1512
"103078228",NAIROBI_ONGATA_RONGAI_OLEKASASI_3G,560
"103093430",NAIROBI_RONGAI_OLE_ROAD_4G,3260
"103149034",NAIROBI_ONGATA_RONGAI_ORANGE_2G,428
"103195492",NAIROBI_RONGAI_LAISER_ACADEMY_4G,1142
"103276632",NAIROBI_ONGATA_RONGAI_4G,1052
"103320336",NAIROBI_ONGATA_RONGAI_3G,1150
"103341260",NAIROBI_ONGATA_RONGAI_4G,322
"103359066",NAIROBI_ONGATA_RONGAI_ORANGE_4G,2542
"103400950",NAIROBI_ONGATA_RONGAI_CATHOLIC_4G,1138
"103420824",NAIROBI_ONGATA_RONGAI_ORANGE_3G,
"103448127",NAIROBI_ONGATA_RONGAI_2G,944
"103464260",NAIROBI_RONGAI_GATAKA_ROAD_2G,266
"103496037",NAIROBI_RONGAI_LAISER_ACADEMY_4G,164
"103511023",RANGAU_ONGATA_RONGAI_SGR_STATION_2G,14
"103528526",NAIROBI_ONGATA_RONGAI_3G,154
"103570564",NAKURU_RONGAI_ATC_2G,240
"103591242",NAIROBI_ONGATA_RONGAI_4G,360
"103591349",NAIROBI_ONGATA_RONGAI_OLEKASASI_4G,1590
"103664549",NAIROBI_ONGATA_RONGAI_ORANGE_4G,1890
"103678431",RONGAI_SGR_3G,3994
"103700128",NAIROBI_MAYOR_ROAD_ONGATA_RONGAI_3G,720
"103702838",NAKURU_RONGAI_ATC_2G,352
"103758714",NAIROBI_RONGAI_OLE_ROAD_2G,1128
"103781815",NAIROBI_MAYOR_ROAD_ONGATA_RONGAI_4G,1340
"103782294",NAIROBI_ONGATA_RONGAI_ORANGE_4G,16
"103787131",NAIROBI_ONGATA_RONGAI_4G,1304
"103824881",NAIROBI_MAYOR_ROAD_ONGATA_RONGAI_2G,1090
"103851685",NAIROBI_ONGATA_RONGAI_OLEKASASI_3G,156
"103892150",NAIROBI_MAYOR_ROAD_ONGATA_RONGAI_4G,2410
"103934573",RONGAI_OLEKASASI_2G,400
"103937998",NAIROBI_ONGATA_RONGAI_QUARRY_3G,344
"103953633",NAIROBI_RONGAI_LAISER_ACADEMY_4G,2452
"103981559",NAIROBI_RONGAI_GATAKA_ROAD_4G,
"104198180",NAIROBI_ONGATA_RONGAI_4G,
"104252215",NAIROBI_ONGATA_RONGAI_CATHOLIC_4G,2128
"104271742",NAIROBI_ONGATA_RONGAI_ORANGE_4G,
"104284771",NAIROBI_RONGAI_LAISER_ACADEMY_4G,500
"104288721",RONGAI_SALGAA_4G,3024
"104307491",NAIROBI_ONGATA_RONGAI_QUARRY_2G,296
"104312039",NAIROBI_ONGATA_RONGAI_4G,326
"104316747",RONGAI_OLEKASASI_2G,40
"104507729",NAIROBI_ONGATA_RONGAI_4G,2334
"104603659",NAIROBI_RONGAI_OLE_ROAD_2G,1756
"104863694",NAIROBI_ONGATA_RONGAI_QUARRY_2G,94
"104939590",NAIROBI_RONGAI_LAISER_ACADEMY_4G,1570
"104942632",NAIROBI_ONGATA_RONGAI_QUARRY_4G,1114
"104960122",NAIROBI_RONGAI_OLE_ROAD_2G,140
"105016379",NAIROBI_RONGAI_OLE_ROAD_3G,120
"105050012",RONGAI_SALGAA_4G,7004
"105062405",NAIROBI_ONGATA_RONGAI_QUARRY_3G,1730
"105065331",RONGAI_SGR_2G,2832
"105085861",NAKURU_RONGAI_ATC_2G,98
"105093628",NAIROBI_RONGAI_GATAKA_ROAD_4G,500
"105120547",NAIROBI_ONGATA_RONGAI_QUARRY_3G,912
"105135394",NAIROBI_ONGATA_RONGAI_4G,2528
"105184613",NAKURU_RONGAI_ATC_2G,80
"105226464",RONGAI_OLEKASASI_2G,304
"105268006",NAIROBI_RONGAI_GATAKA_ROAD_2G,366
"105268471",NAIROBI_ONGATA_RONGAI_2G,
"105268948",RONGAI_OLEKASASI_2G,1306
"105269363",NAIROBI_RONGAI_LAISER_ACADEMY_2G,
"105273796",NAIROBI_ONGATA_RONGAI_CATHOLIC_4G,884
"105274163",NAIROBI_RONGAI_LAISER_ACADEMY_4G,3074
"105332703",NAIROBI_ONGATA_RONGAI_ORANGE_2G,174
"105338395",NAIROBI_ONGATA_RONGAI_ORANGE_4G,842
"105384743",RONGAI_SALGAA_2G,636
"105396995",RONGAI_SALGAA_2G,1112
"105433518",NAIROBI_ONGATA_RONGAI_CATHOLIC_2G,1888
"105440038",NAIROBI_ONGATA_RONGAI_CATHOLIC_3G,520
"105445253",NAIROBI_ONGATA_RONGAI_QUARRY_3G,0
"105445268",NAIROBI_ONGATA_RONGAI_4G,1238
"105461693",NAIROBI_ONGATA_RONGAI_QUARRY_2G,16
"105533900",RONGAI_SGR_2G,152
"105536338",NAIROBI_ONGATA_RONGAI_CATHOLIC_2G,58
"105591681",NAIROBI_RONGAI_GATAKA_ROAD_2G,182
"105598178",NAIROBI_RONGAI_GATAKA_ROAD_2G,68
"105606713",NAIROBI_RONGAI_OLE_ROAD_3G,480
"105608301",NAIROBI_RONGAI_LAISER_ACADEMY_2G,378
"105610500",NAIROBI_ONGATA_RONGAI_ORANGE_3G,2714
"105649709",NAIROBI_RONGAI_OLE_ROAD_2G,628
"105651887",NAIROBI_ONGATA_RONGAI_QUARRY_2G,2
"105651894",NAIROBI_ONGATA_RONGAI_ORANGE_2G,1650
"105672388",NAIROBI_ONGATA_RONGAI_CATHOLIC_3G,556
"105676795",NAIROBI_ONGATA_RONGAI_ORANGE_2G,32
"105677526",NAIROBI_RONGAI_GATAKA_ROAD_2G,152
"105705127",NAIROBI_ONGATA_RONGAI_ORANGE_3G,2812
"105727070",NAKURU_RONGAI_ATC_3G,304
"105730070",NAIROBI_RONGAI_OLE_ROAD_2G,740
"105750562",RONGAI_SALGAA_3G,30
"105782939",NAIROBI_RONGAI_OLE_ROAD_2G,60
"105791573",NAIROBI_RONGAI_OLE_ROAD_2G,274
"105795922",NAIROBI_RONGAI_OLE_ROAD_2G,1320
"105816232",NAIROBI_ONGATA_RONGAI_4G,318
"105818530",NAIROBI_ONGATA_RONGAI_OLEKASASI_4G,740
"105852652",NAIROBI_ONGATA_RONGAI_2G,100
"105878226",NAIROBI_RONGAI_OLE_ROAD_4G,78
"105892102",NAKURU_RONGAI_ATC_2G,268
"105902943",NAIROBI_ONGATA_RONGAI_QUARRY_2G,1234
"731001317",RONGAI_SGR_2G,540
"731002052",RONGAI_OLEKASASI_3G,186
"731025474",NAIROBI_ONGATA_RONGAI_OLEKASASI_4G,1372
"731029833",NAIROBI_RONGAI_LAISER_ACADEMY_4G,2556
"731031771",NAKURU_RONGAI_ATC_2G,6
"731032138",NAIROBI_ONGATA_RONGAI_ORANGE_3G,
"731034871",NAIROBI_ONGATA_RONGAI_QUARRY_2G,78
"731037246",NAIROBI_RONGAI_OLE_ROAD_2G,712
"731045953",NAIROBI_ONGATA_RONGAI_ORANGE_2G,348
"731047249",NAIROBI_RONGAI_GATAKA_ROAD_4G,1222
"731063195",NAIROBI_RONGAI_GATAKA_ROAD_2G,278
"731067865",NAIROBI_ONGATA_RONGAI_QUARRY_3G,1748
"731078845",NAIROBI_ONGATA_RONGAI_ORANGE_2G,10
"731088921",NAIROBI_ONGATA_RONGAI_QUARRY_2G,156
"731095838",NAIROBI_RONGAI_LAISER_ACADEMY_4G,3058
"731097580",NAIROBI_ONGATA_RONGAI_CATHOLIC_4G,542
"731203258",NAIROBI_ONGATA_RONGAI_QUARRY_3G,280
"731209306",NAIROBI_RONGAI_LAISER_ACADEMY_4G,152
"731211966",NAIROBI_ONGATA_RONGAI_ORANGE_2G,1080
"731213755",NAIROBI_ONGATA_RONGAI_QUARRY_4G,256
"731216354",NAIROBI_ONGATA_RONGAI_CATHOLIC_2G,298
"731219322",NAIROBI_ONGATA_RONGAI_CATHOLIC_2G,
"731220165",NAIROBI_ONGATA_RONGAI_QUARRY_4G,234
"731228941",NAIROBI_ONGATA_RONGAI_QUARRY_2G,
"731240600",NAIROBI_ONGATA_RONGAI_QUARRY_3G,908
"731244861",NAIROBI_ONGATA_RONGAI_QUARRY_4G,
"731247655",NAIROBI_ONGATA_RONGAI_ORANGE_3G,56
"731249766",NAIROBI_ONGATA_RONGAI_QUARRY_4G,4570
"731257222",NAIROBI_ONGATA_RONGAI_ORANGE_2G,332
"731266208",NAKURU_RONGAI_ATC_2G,62
"731272688",NAIROBI_ONGATA_RONGAI_ORANGE_3G,16354
"731276941",NAIROBI_MAYOR_ROAD_ONGATA_RONGAI_4G,460
"731290157",NAIROBI_ONGATA_RONGAI_QUARRY_2G,114
"731299675",NAIROBI_ONGATA_RONGAI_QUARRY_4G,1502
"731307122",NAIROBI_ONGATA_RONGAI_ORANGE_3G,118
"731307445",NAIROBI_ONGATA_RONGAI_4G,2728
"731314649",NAIROBI_ONGATA_RONGAI_CATHOLIC_4G,3310
"731316387",NAIROBI_RONGAI_LAISER_ACADEMY_4G,4688
"731317299",NAIROBI_RONGAI_LAISER_ACADEMY_4G,3550
"731324442",NAIROBI_ONGATA_RONGAI_2G,
"731346890",NAIROBI_ONGATA_RONGAI_ORANGE_3G,1336
"731350489",NAIROBI_MAYOR_ROAD_ONGATA_RONGAI_2G,24
"731355425",NAIROBI_MAYOR_ROAD_ONGATA_RONGAI_2G,760
"731361442",NAIROBI_ONGATA_RONGAI_ORANGE_2G,252
"731364749",NAIROBI_MAYOR_ROAD_ONGATA_RONGAI_3G,1780
"731365252",NAIROBI_RONGAI_LAISER_ACADEMY_3G,
"731365403",NAIROBI_MAYOR_ROAD_ONGATA_RONGAI_4G,70
"731366102",RONGAI_SGR_3G,
"731371111",NAIROBI_ONGATA_RONGAI_ORANGE_3G,200
"731373102",NAIROBI_ONGATA_RONGAI_OLEKASASI_2G,120
"731377537",NAIROBI_ONGATA_RONGAI_2G,772
"731379356",NAIROBI_RONGAI_OLE_ROAD_2G,284
"731379988",NAIROBI_ONGATA_RONGAI_ORANGE_2G,1382
"731382621",NAKURU_RONGAI_ATC_3G,518
"731383431",NAIROBI_ONGATA_RONGAI_QUARRY_2G,
"731383568",NAIROBI_MAYOR_ROAD_ONGATA_RONGAI_2G,558
"731387444",RONGAI_OLEKASASI_2G,116
"731387943",NAIROBI_ONGATA_RONGAI_ORANGE_4G,3498
"731389065",NAIROBI_MAYOR_ROAD_ONGATA_RONGAI_2G,710
"731391939",NAIROBI_ONGATA_RONGAI_CATHOLIC_3G,112
"731392092",NAIROBI_RONGAI_LAISER_ACADEMY_3G,336
"731393526",NAIROBI_ONGATA_RONGAI_OLEKASASI_4G,622
"731395822",NAIROBI_MAYOR_ROAD_ONGATA_RONGAI_2G,78
"731398384",NAIROBI_ONGATA_RONGAI_4G,2182
"731437330",NAIROBI_ONGATA_RONGAI_CATHOLIC_4G,164
"731439810",NAIROBI_ONGATA_RONGAI_2G,1232
"731444664",NAIROBI_ONGATA_RONGAI_QUARRY_4G,582
"731456995",NAKURU_RONGAI_ATC_2G,0
"731464620",RONGAI_SGR_4G,1462
"731468424",NAKURU_RONGAI_ATC_2G,102
"731468864",NAIROBI_ONGATA_RONGAI_2G,142
"731471442",NAKURU_RONGAI_ATC_2G,488
"731476153",NAIROBI_ONGATA_RONGAI_QUARRY_4G,810
"731476252",NAIROBI_RONGAI_LAISER_ACADEMY_2G,1508
"731480277",NAIROBI_ONGATA_RONGAI_ORANGE_4G,
"731485200",NAIROBI_ONGATA_RONGAI_QUARRY_3G,1288
"731485489",NAIROBI_ONGATA_RONGAI_CATHOLIC_3G,1148
"731489891",NAIROBI_ONGATA_RONGAI_ORANGE_3G,200
"731493923",NAIROBI_RONGAI_GATAKA_ROAD_4G,2666
"731495357",RONGAI_OLEKASASI_4G,410
"731496184",NAIROBI_ONGATA_RONGAI_OLEKASASI_2G,390
"731510228",NAIROBI_MAYOR_ROAD_ONGATA_RONGAI_2G,270
"731515443",NAIROBI_ONGATA_RONGAI_OLEKASASI_3G,0
"731534113",NAIROBI_RONGAI_LAISER_ACADEMY_2G,210
"731543798",NAIROBI_RONGAI_LAISER_ACADEMY_2G,
"731557934",NAIROBI_RONGAI_LAISER_ACADEMY_4G,1710
"731566277",RONGAI_SALGAA_2G,220
"731571576",NAIROBI_RONGAI_OLE_ROAD_2G,540
"731593362",NAIROBI_ONGATA_RONGAI_OLEKASASI_2G,36
"731611382",NAIROBI_ONGATA_RONGAI_4G,680
"731616329",NAIROBI_ONGATA_RONGAI_ORANGE_2G,342
"731627392",RONGAI_SGR_3G,272
"731628696",NAIROBI_ONGATA_RONGAI_OLEKASASI_3G,1674
"731632898",NAIROBI_ONGATA_RONGAI_QUARRY_2G,746
"731642553",NAIROBI_ONGATA_RONGAI_QUARRY_2G,
"731663333",RONGAI_SGR_4G,466
"731664689",RANGAU_ONGATA_RONGAI_SGR_STATION_4G,2514
"731666674",NAIROBI_RONGAI_LAISER_ACADEMY_4G,260
"731667735",NAIROBI_ONGATA_RONGAI_OLEKASASI_4G,1334
"731679013",NAKURU_RONGAI_ATC_2G,276
"731680293",NAIROBI_ONGATA_RONGAI_ORANGE_2G,160
"731684856",NAIROBI_ONGATA_RONGAI_OLEKASASI_2G,450
"731688174",RONGAI_SALGAA_2G,
"731697888",NAIROBI_ONGATA_RONGAI_QUARRY_3G,
"731702276",NAIROBI_RONGAI_GATAKA_ROAD_2G,998
"731702996",NAIROBI_ONGATA_RONGAI_2G,2146
"731706864",NAIROBI_ONGATA_RONGAI_OLEKASASI_2G,1206
"731710993",NAIROBI_ONGATA_RONGAI_ORANGE_4G,420
"731711991",NAIROBI_ONGATA_RONGAI_4G,7760
"731718599",RONGAI_SGR_2G,122
"731718742",NAIROBI_RONGAI_GATAKA_ROAD_2G,60
"731724973",NAIROBI_RONGAI_OLE_ROAD_4G,
"731748673",NAIROBI_ONGATA_RONGAI_4G,2988
"731758157",NAIROBI_ONGATA_RONGAI_QUARRY_2G,284
"731759760",NAIROBI_ONGATA_RONGAI_ORANGE_4G,3718
"731790143",NAIROBI_RONGAI_LAISER_ACADEMY_4G,600
"731793580",NAIROBI_RONGAI_GATAKA_ROAD_4G,760
"731799313",NAIROBI_RONGAI_OLE_ROAD_4G,768
"731817737",RONGAI_SALGAA_4G,0
"731821152",RONGAI_SGR_2G,452
"731829429",NAKURU_RONGAI_ATC_3G,308
"731844610",RONGAI_OLEKASASI_2G,470
"731858752",RANGAU_ONGATA_RONGAI_SGR_STATION_3G,628
"731867975",NAIROBI_MAYOR_ROAD_ONGATA_RONGAI_3G,1614
"731887290",RONGAI_SGR_4G,4652
"731898327",NAIROBI_RONGAI_LAISER_ACADEMY_2G,592
"731899248",RONGAI_SALGAA_2G,574
"731902454",NAIROBI_MAYOR_ROAD_ONGATA_RONGAI_2G,1364
"731903381",NAIROBI_MAYOR_ROAD_ONGATA_RONGAI_4G,422
"731907135",RONGAI_SGR_3G,5550
"731910282",NAIROBI_ONGATA_RONGAI_ORANGE_4G,646
"731911748",NAIROBI_ONGATA_RONGAI_CATHOLIC_3G,1474
"731931474",NAIROBI_ONGATA_RONGAI_CATHOLIC_3G,866
"731934311",NAIROBI_ONGATA_RONGAI_QUARRY_2G,48
"731935214",NAIROBI_ONGATA_RONGAI_ORANGE_2G,1442
"731939798",RONGAI_OLEKASASI_2G,680
"731940081",NAIROBI_ONGATA_RONGAI_ORANGE_4G,720
"731943754",NAIROBI_RONGAI_LAISER_ACADEMY_2G,1828
"731957842",RONGAI_OLEKASASI_3G,388
"731957986",NAIROBI_RONGAI_LAISER_ACADEMY_2G,690
"731958427",NAIROBI_ONGATA_RONGAI_QUARRY_3G,136
"731960109",NAIROBI_RONGAI_OLE_ROAD_4G,2600
"731960251",RONGAI_SGR_2G,52
"731960878",NAIROBI_MAYOR_ROAD_ONGATA_RONGAI_4G,
"731961298",NAIROBI_ONGATA_RONGAI_CATHOLIC_2G,16
"731976562",NAIROBI_MAYOR_ROAD_ONGATA_RONGAI_4G,7054
