"TELEPHONIC_ADDRESS_ID","SITE_NAME","3"
"100100131",RUIRU_MoW_3G,256
"100109570",RUIRU_KIMBO_3G,1302
"100122465",RUIRU_MURERA_AREA_2G,306
"100127752",RUIRU_MURERA_AREA_2G,1078
"100193453",RUIRU_FORT_JESUS_2G,2620
"100195528",RUIRU_MAHETERO_4G,322
"100224586",RUIRU_MURERA_AREA_3G,4112
"100235050",RUIRU_DESTINY_4G,5428
"100237969",RUIRU_MAHETERO_2G,1850
"100258425",RUIRU_KARURA_4G,1440
"100283164",RUIRU_KIMBO_4G,2758
"100293722",RUIRU_FORT_JESUS_3G,476
"100317116",RUIRU_4G,622
"100338700",RUIRU_KIMBO_3G,928
"100353012",RUIRU_KIMBO_4G,1178
"100361907",RUIRU_KIMBO_4G,2188
"100365438",RUIRU_MURERA_AREA_4G,1964
"100419670",RUIRU_DESTINY_4G,
"100448136",RUIRU_MOW_4G,460
"100448572",RUIRU_KARURA_4G,150
"100453977",RUIRU_MURERA_AREA_2G,1524
"100463942",RUIRU_FORT_JESUS_3G,1264
"100464424",RUIRU_MoW_3G,330
"100481053",RUIRU_MOW_4G,
"100486404",RUIRU_FORT_JESUS_2G,144
"100500288",RUIRU_DESTINY_3G,138
"100500418",RUIRU_MoW_3G,938
"100516528",RUIRU_KIMBO_4G,664
"100518158",RUIRU_KIMBO_4G,5258
"100550727",RUIRU_MURERA_AREA_4G,200
"100559093",RUIRU_KIMBO_3G,268
"100563646",RUIRU_MAHETERO_4G,3334
"100578470",RUIRU_MAHETERO_2G,1492
"100580721",RUIRU_MURERA_AREA_4G,672
"100584306",RUIRU_MOW_4G,76
"100595373",RUIRU_KWIHOTA_2G,220
"100611872",RUIRU_FORT_JESUS_2G,416
"100613768",RUIRU_MURERA_AREA_4G,192
"100639663",RUIRU_MOW_4G,0
"100640315",RUIRU_KIMBO_4G,612
"100665051",RUIRU_FORT_JESUS_4G,2432
"100667469",RUIRU_MAHETERO_3G,616
"100729838",RUIRU_2G,
"100737272",RUIRU_4G,4298
"100752308",RUIRU_FORT_JESUS_2G,192
"100756553",RUIRU_FORT_JESUS_4G,454
"100771135",RUIRU_KARURA_3G,2690
"100815675",RUIRU_MAHETERO_3G,376
"100825024",RUIRU_KIMBO_4G,2116
"100833042",RUIRU_KIMBO_4G,4128
"100842267",RUIRU_FORT_JESUS_2G,186
"100848525",RUIRU_KARURA_4G,2750
"100868221",RUIRU_KIMBO_4G,3450
"100870307",RUIRU_MAHETERO_2G,456
"100884206",RUIRU_KIMBO_4G,86
"100893774",RUIRU_MURERA_AREA_4G,
"100913327",RUIRU_MOW_2G,324
"100919907",RUIRU_FORT_JESUS_2G,380
"100922025",RUIRU_MOW_4G,50
"100988285",RUIRU_KIMBO_3G,3608
"100998993",RUIRU_MURERA_AREA_4G,2364
"101007252",RUIRU_KIMBO_4G,1292
"101007391",RUIRU_KIMBO_4G,9232
"101007670",RUIRU_DESTINY_4G,4332
"101018809",RUIRU_KIMBO_4G,0
"101020818",RUIRU_3G,5696
"101039199",RUIRU_MOW_4G,314
"101053991",RUIRU_FORT_JESUS_4G,600
"101054450",RUIRU_MOW_4G,40
"101064770",RUIRU_2G,1242
"101064862",RUIRU_FORT_JESUS_2G,4
"101064925",RUIRU_KARURA_3G,60
"101064932",RUIRU_4G,740
"101065516",RUIRU_BIDCO_4G,336
"101065699",RUIRU_KWIHOTA_4G,104
"101087521",RUIRU_MURERA_AREA_3G,2520
"101095624",RUIRU_MAHETERO_3G,534
"101107995",RUIRU_KIMBO_4G,2056
"101108344",RUIRU_MURERA_AREA_3G,
"101127318",RUIRU_KIMBO_2G,
"101146389",RUIRU_KARURA_4G,108
"101164823",RUIRU_KARURA_2G,2316
"101168140",RUIRU_FORT_JESUS_2G,598
"101232027",RUIRU_FORT_JESUS_2G,122
"101247265",RUIRU_2G,2908
"101248327",RUIRU_4G,544
"101253420",RUIRU_KIMBO_4G,3388
"101271804",RUIRU_DESTINY_4G,758
"101274991",RUIRU_FORT_JESUS_2G,0
"101275454",RUIRU_MoW_3G,1252
"101281858",RUIRU_FORT_JESUS_4G,240
"101296167",RUIRU_MoW_3G,58
"101320188",RUIRU_MURERA_AREA_2G,
"101328139",RUIRU_KIMBO_2G,288
"101354605",RUIRU_FORT_JESUS_4G,4734
"101354667",RUIRU_MURERA_AREA_2G,1394
"101376060",RUIRU_DESTINY_4G,1908
"101379209",RUIRU_DESTINY_4G,862
"101415277",RUIRU_MOW_4G,306
"101431638",RUIRU_KIMBO_4G,646
"101434466",RUIRU_FORT_JESUS_2G,2248
"101447931",RUIRU_MAHETERO_2G,80
"101452037",RUIRU_4G,810
"101457440",RUIRU_FORT_JESUS_4G,178
"101470806",RUIRU_FORT_JESUS_3G,502
"101507305",RUIRU_KARURA_3G,576
"101519389",RUIRU_MAHETERO_4G,500
"101525857",RUIRU_KIMBO_4G,3092
"101535078",RUIRU_KIMBO_2G,84
"101544118",RUIRU_KIMBO_3G,
"101558026",RUIRU_DESTINY_2G,248
"101558224",RUIRU_MAHETERO_4G,1862
"101572012",RUIRU_KIMBO_2G,378
"101590075",RUIRU_MILLS_2G,96
"101602547",RUIRU_MOW_4G,8080
"101619203",RUIRU_KIMBO_4G,8334
"101626124",RUIRU_MAHETERO_4G,
"101644632",RUIRU_MAHETERO_2G,1832
"101645211",RUIRU_MURERA_AREA_4G,2430
"101664619",RUIRU_MAHETERO_2G,20
"101683965",RUIRU_FORT_JESUS_3G,100
"101693848",RUIRU_KIMBO_4G,2548
"101695372",RUIRU_FORT_JESUS_4G,890
"101702159",RUIRU_2G,4110
"101710662",RUIRU_MURERA_AREA_2G,1350
"101755794",RUIRU_KIMBO_2G,782
"101780217",RUIRU_MAHETERO_3G,0
"101789075",RUIRU_KARURA_2G,48
"101801152",RUIRU_MURERA_AREA_2G,2212
"101805341",RUIRU_KARURA_2G,538
"101806318",RUIRU_FORT_JESUS_2G,182
"101814178",RUIRU_FORT_JESUS_4G,1342
"101818364",RUIRU_2G,760
"101862734",RUIRU_KIMBO_4G,422
"101889497",RUIRU_FORT_JESUS_2G,1234
"101900207",RUIRU_4G,58
"101901842",RUIRU_KARURA_2G,468
"101937474",RUIRU_4G,658
"101967227",RUIRU_FORT_JESUS_4G,858
"101973594",RUIRU_FORT_JESUS_2G,686
"101979169",RUIRU_DESTINY_4G,1434
"101984058",RUIRU_3G,82
"101985992",RUIRU_KIMBO_4G,16
"101998517",RUIRU_MOW_2G,18
"102030302",RUIRU_MAHETERO_4G,18
"102030767",RUIRU_FORT_JESUS_4G,2296
"102036105",RUIRU_FORT_JESUS_3G,922
"102039613",RUIRU_KIMBO_3G,738
"102040161",RUIRU_MURERA_AREA_2G,202
"102044662",RUIRU_KARURA_2G,582
"102044677",RUIRU_KWIHOTA_2G,556
"102044801",RUIRU_KWIHOTA_4G,140
"102083802",RUIRU_KIMBO_3G,1128
"102100309",RUIRU_BIDCO_4G,750
"102110246",RUIRU_KIMBO_2G,1650
"102115311",RUIRU_KARURA_4G,
"102163053",RUIRU_KIMBO_4G,
"102166929",RUIRU_MAHETERO_3G,1150
"102169023",RUIRU_FORT_JESUS_2G,30
"102170237",RUIRU_FORT_JESUS_4G,248
"102170320",RUIRU_FORT_JESUS_2G,526
"102170673",RUIRU_FORT_JESUS_2G,1688
"102170688",RUIRU_FORT_JESUS_2G,182
"102170787",RUIRU_MAHETERO_4G,2702
"102189476",RUIRU_KIMBO_4G,2248
"102189920",RUIRU_2G,34
"102216046",RUIRU_DESTINY_3G,92
"102230992",RUIRU_DESTINY_4G,160
"102232489",RUIRU_KIMBO_4G,2192
"102234433",RUIRU_KARURA_4G,2800
"102263783",RUIRU_MAHETERO_2G,662
"102302328",RUIRU_KIMBO_4G,1662
"102312076",RUIRU_FORT_JESUS_2G,424
"102312169",RUIRU_DESTINY_3G,4382
"102312182",RUIRU_DESTINY_4G,1870
"102326002",RUIRU_MOW_2G,20
"102330087",RUIRU_KIMBO_3G,3662
"102360301",RUIRU_MOW_2G,124
"102364192",RUIRU_FORT_JESUS_3G,1644
"102437043",RUIRU_FORT_JESUS_2G,0
"102465254",RUIRU_MoW_3G,132
"102477062",RUIRU_FORT_JESUS_4G,298
"102596874",RUIRU_MURERA_AREA_3G,110
"102640710",RUIRU_DESTINY_4G,
"102640899",RUIRU_KIMBO_2G,
"102646480",RUIRU_KIMBO_2G,762
"102656548",RUIRU_MURERA_AREA_2G,546
"102682762",RUIRU_2G,296
"102684609",RUIRU_KARURA_4G,2180
"102725301",RUIRU_DESTINY_4G,202
"102732898",RUIRU_FORT_JESUS_4G,4036
"102732997",RUIRU_FORT_JESUS_2G,1002
"102795809",RUIRU_4G,2874
"102795856",RUIRU_KIMBO_2G,1976
"102803064",RUIRU_KARURA_2G,1520
"102803163",RUIRU_KARURA_4G,2028
"102803208",RUIRU_MOW_4G,3462
"102835487",RUIRU_KIMBO_4G,2562
"102883608",RUIRU_FORT_JESUS_3G,116
"102923105",RUIRU_KIMBO_3G,36
"102966278",RUIRU_KWIHOTA_2G,906
"103027737",RUIRU_KIMBO_4G,2708
"103039211",RUIRU_MURERA_AREA_4G,94
"103114004",RUIRU_KWIHOTA_4G,80
"103124646",RUIRU_DESTINY_3G,2320
"103166975",RUIRU_FORT_JESUS_2G,476
"103179007",RUIRU_KIMBO_2G,120
"103182881",RUIRU_FORT_JESUS_2G,96
"103259214",RUIRU_KIMBO_2G,190
"103272678",RUIRU_KIMBO_4G,1174
"103280521",RUIRU_4G,1674
"103351018",RUIRU_MAHETERO_2G,66
"103363284",RUIRU_MURERA_AREA_4G,1576
"103404423",RUIRU_MAHETERO_3G,2686
"103412264",RUIRU_DESTINY_3G,1618
"103495541",RUIRU_MAHETERO_2G,90
"103537337",RUIRU_FORT_JESUS_2G,160
"103551909",RUIRU_KIMBO_2G,1554
"103554157",RUIRU_MAHETERO_4G,0
"103631366",RUIRU_MURERA_AREA_4G,238
"103634844",RUIRU_MURERA_AREA_2G,532
"103635954",RUIRU_MAHETERO_2G,2182
"103641192",RUIRU_MoW_3G,450
"103642337",RUIRU_FORT_JESUS_3G,58
"103702388",RUIRU_FORT_JESUS_2G,0
"103712164",RUIRU_FORT_JESUS_3G,2378
"103723227",RUIRU_KARURA_2G,346
"103759501",RUIRU_KIMBO_3G,320
"103812061",RUIRU_MOW_4G,
"103820253",RUIRU_2G,276
"103821901",RUIRU_MoW_3G,2384
"103826601",RUIRU_2G,268
"103885395",RUIRU_BIDCO_4G,2418
"103902694",RUIRU_KIMBO_3G,3700
"103948030",RUIRU_MURERA_AREA_4G,146
"103963543",RUIRU_4G,
"103978322",RUIRU_4G,1144
"103993449",RUIRU_MAHETERO_4G,262
"103995651",RUIRU_MOW_2G,44
"104026158",RUIRU_MURERA_AREA_4G,2892
"104045299",RUIRU_MAHETERO_2G,
"104244679",RUIRU_MOW_4G,
"104339421",RUIRU_MAHETERO_4G,0
"104359308",RUIRU_MAHETERO_2G,176
"104372112",RUIRU_FORT_JESUS_2G,600
"104402962",RUIRU_FORT_JESUS_4G,156
"104465578",RUIRU_2G,912
"104474354",RUIRU_KWIHOTA_2G,390
"104492803",RUIRU_KWIHOTA_4G,418
"104633068",RUIRU_FORT_JESUS_3G,2110
"104717268",RUIRU_4G,3804
"104778802",RUIRU_FORT_JESUS_3G,3774
"104801954",RUIRU_MOW_4G,1110
"104892560",RUIRU_KIMBO_4G,1310
"105003680",RUIRU_MoW_3G,354
"105003688",RUIRU_KARURA_3G,136
"105023278",RUIRU_4G,772
"105036031",RUIRU_DESTINY_2G,954
"105071827",RUIRU_MOW_4G,
"105083538",RUIRU_MILLS_4G,
"105106133",RUIRU_3G,1092
"105154912",RUIRU_2G,4466
"105177355",RUIRU_MILLS_2G,504
"105242941",RUIRU_KARURA_4G,294
"105332792",RUIRU_MoW_3G,260
"105358133",RUIRU_KARURA_2G,368
"105388931",RUIRU_KARURA_3G,1456
"105445871",RUIRU_KARURA_4G,606
"105491745",RUIRU_MURERA_AREA_4G,1744
"105533699",RUIRU_KWIHOTA_2G,680
"105544771",RUIRU_2G,154
"105544987",RUIRU_KARURA_2G,784
"105568446",RUIRU_BIDCO_2G,36
"105575407",RUIRU_KARURA_3G,1034
"105575780",RUIRU_DESTINY_3G,40
"105601471",RUIRU_KIMBO_2G,1562
"105622408",RUIRU_MOW_2G,
"105650626",RUIRU_KARURA_2G,
"105701399",RUIRU_BIDCO_3G,430
"105709276",RUIRU_KARURA_2G,440
"105737640",RUIRU_KIMBO_2G,0
"105761265",RUIRU_KIMBO_2G,724
"105866932",RUIRU_KARURA_3G,
"105885452",RUIRU_FORT_JESUS_2G,1234
"105886567",RUIRU_FORT_JESUS_4G,1790
"105886648",RUIRU_FORT_JESUS_4G,576
"105886963",RUIRU_FORT_JESUS_2G,
"105914865",RUIRU_MURERA_AREA_2G,
"105921659",RUIRU_FORT_JESUS_2G,246
"105932478",RUIRU_KIMBO_4G,970
"731003812",RUIRU_MAHETERO_2G,0
"731003977",RUIRU_KARURA_2G,6
"731012718",RUIRU_KARURA_4G,572
"731013083",RUIRU_KIMBO_3G,52
"731022899",RUIRU_MURERA_AREA_3G,3540
"731030020",RUIRU_DESTINY_4G,3510
"731054594",RUIRU_KWIHOTA_2G,1308
"731069531",RUIRU_FORT_JESUS_3G,108
"731071015",RUIRU_KARURA_4G,76
"731088736",RUIRU_MURERA_AREA_2G,852
"731099848",RUIRU_MOW_4G,476
"731107508",RUIRU_MAHETERO_3G,108
"731162021",RUIRU_MAHETERO_3G,152
"731169562",RUIRU_KIMBO_4G,252
"731192990",RUIRU_FORT_JESUS_3G,2
"731202237",RUIRU_4G,796
"731203351",RUIRU_KWIHOTA_3G,2756
"731203791",RUIRU_KARURA_4G,290
"731203836",RUIRU_4G,4220
"731214866",RUIRU_MOW_4G,44
"731223749",RUIRU_FORT_JESUS_2G,62
"731250339",RUIRU_BIDCO_2G,162
"731257440",RUIRU_4G,208
"731259516",RUIRU_MURERA_AREA_4G,2104
"731326433",RUIRU_FORT_JESUS_2G,186
"731327156",RUIRU_KARURA_4G,198
"731330163",RUIRU_2G,2144
"731334380",RUIRU_4G,3862
"731334663",RUIRU_FORT_JESUS_4G,
"731346181",RUIRU_FORT_JESUS_4G,4064
"731350651",RUIRU_MURERA_AREA_4G,
"731370009",RUIRU_FORT_JESUS_4G,344
"731374411",RUIRU_KIMBO_2G,2750
"731383926",RUIRU_DESTINY_4G,
"731385920",RUIRU_FORT_JESUS_2G,
"731397857",RUIRU_KIMBO_2G,94
"731414060",RUIRU_MURERA_AREA_4G,438
"731420228",RUIRU_2G,1480
"731443098",RUIRU_FORT_JESUS_2G,140
"731443392",RUIRU_FORT_JESUS_2G,316
"731445218",RUIRU_FORT_JESUS_2G,526
"731450230",RUIRU_MURERA_AREA_2G,1222
"731486533",RUIRU_KARURA_4G,962
"731501594",RUIRU_MURERA_AREA_4G,2198
"731512520",RUIRU_MILLS_2G,908
"731515596",RUIRU_KIMBO_4G,6834
"731516348",RUIRU_MOW_2G,338
"731520690",RUIRU_MURERA_AREA_4G,2480
"731529398",RUIRU_MOW_4G,100
"731565806",RUIRU_MoW_3G,876
"731595415",RUIRU_4G,3554
"731601151",RUIRU_KIMBO_2G,2
"731641107",RUIRU_KIMBO_3G,186
"731653839",RUIRU_3G,400
"731654390",RUIRU_MOW_4G,
"731655253",RUIRU_2G,4666
"731670773",RUIRU_KIMBO_3G,2780
"731674921",RUIRU_KIMBO_2G,394
"731675010",RUIRU_FORT_JESUS_3G,1220
"731686326",RUIRU_BIDCO_4G,20
"731699021",RUIRU_KWIHOTA_2G,160
"731702146",RUIRU_2G,310
"731705861",RUIRU_FORT_JESUS_2G,2540
"731712191",RUIRU_KARURA_4G,
"731712522",RUIRU_MILLS_4G,
"731724044",RUIRU_KIMBO_2G,400
"731725611",RUIRU_BIDCO_3G,2022
"731734736",RUIRU_2G,336
"731734751",RUIRU_3G,2590
"731743538",RUIRU_KIMBO_2G,458
"731775630",RUIRU_MAHETERO_4G,0
"731777432",RUIRU_DESTINY_2G,1534
"731780289",RUIRU_4G,390
"731806228",RUIRU_DESTINY_4G,2582
"731807507",RUIRU_FORT_JESUS_4G,
"731811845",RUIRU_DESTINY_3G,890
"731823867",RUIRU_FORT_JESUS_2G,78
"731839741",RUIRU_KARURA_2G,412
"731842680",RUIRU_MOW_4G,1328
"731845081",RUIRU_FORT_JESUS_3G,188
"731849146",RUIRU_FORT_JESUS_3G,738
"731860913",RUIRU_FORT_JESUS_2G,604
"731874307",RUIRU_DESTINY_2G,76
"731888959",RUIRU_DESTINY_2G,934
"731902254",RUIRU_KARURA_2G,286
"731903941",RUIRU_FORT_JESUS_3G,566
"731910754",RUIRU_KWIHOTA_4G,2238
"731911321",RUIRU_KARURA_4G,
"731911905",RUIRU_KARURA_3G,876
"731929192",RUIRU_KIMBO_4G,292
"731930455",RUIRU_MOW_4G,18
"731938906",RUIRU_3G,1802
"731940128",RUIRU_MAHETERO_4G,918
"731943392",RUIRU_MAHETERO_3G,46
"731946960",RUIRU_3G,740
"731953181",RUIRU_4G,932
"731957507",RUIRU_DESTINY_4G,1556
"731960946",RUIRU_MURERA_AREA_2G,102
"731983630",RUIRU_MURERA_AREA_2G,8
"731984314",RUIRU_MAHETERO_2G,482
"732025130",RUIRU_KARURA_4G,2516
"732043278",RUIRU_4G,1356
"732043605",RUIRU_MoW_3G,716
"732065749",RUIRU_DESTINY_4G,600
"732074980",RUIRU_4G,0
"732076698",RUIRU_KWIHOTA_4G,7080
"732080784",RUIRU_KARURA_3G,2762
"732085410",RUIRU_2G,2144
"732090887",RUIRU_MURERA_AREA_4G,1500
"732091984",RUIRU_FORT_JESUS_2G,1510
"732200871",RUIRU_BIDCO_4G,4398
"732207474",RUIRU_KIMBO_4G,1958
"732207544",RUIRU_FORT_JESUS_2G,120
"732230408",RUIRU_FORT_JESUS_2G,232
"732232096",RUIRU_FORT_JESUS_2G,214
"732237450",RUIRU_KIMBO_4G,4000
"732237616",RUIRU_KWIHOTA_2G,0
"732253336",RUIRU_FORT_JESUS_2G,
"732258898",RUIRU_KWIHOTA_2G,
"732266907",RUIRU_KIMBO_3G,618
"732301636",RUIRU_FORT_JESUS_2G,
"732315471",RUIRU_4G,434
"732316323",RUIRU_MAHETERO_4G,4478
"732318970",RUIRU_FORT_JESUS_4G,298
"732380094",RUIRU_KWIHOTA_4G,2008
"732386957",RUIRU_FORT_JESUS_4G,1030
"732398639",RUIRU_MAHETERO_3G,1224
"732412298",RUIRU_MURERA_AREA_4G,2100
"732415778",RUIRU_BIDCO_4G,1688
"732429426",RUIRU_FORT_JESUS_2G,900
"732440827",RUIRU_MURERA_AREA_2G,112
"732482117",RUIRU_FORT_JESUS_2G,36
"732496082",RUIRU_3G,102
"732511720",RUIRU_FORT_JESUS_4G,436
"732515440",RUIRU_MOW_2G,484
"732533474",RUIRU_DESTINY_2G,1998
"732565977",RUIRU_MILLS_2G,1096
"732569271",RUIRU_MoW_3G,944
"732576534",RUIRU_2G,406
"732578872",RUIRU_KIMBO_4G,3912
"732578975",RUIRU_FORT_JESUS_3G,76
"732596164",RUIRU_DESTINY_4G,638
"732601786",RUIRU_FORT_JESUS_3G,1954
"732609814",RUIRU_MoW_3G,3998
"732611806",RUIRU_DESTINY_2G,588
"732616124",RUIRU_KARURA_2G,406
"732641963",RUIRU_KIMBO_2G,264
"732645773",RUIRU_4G,3918
"732646535",RUIRU_KIMBO_4G,370
"732665758",RUIRU_KIMBO_4G,1094
"732669720",RUIRU_2G,2
"732670956",RUIRU_KARURA_4G,54
"732677984",RUIRU_KWIHOTA_3G,414
"732679381",RUIRU_KIMBO_3G,1056
"732689020",RUIRU_MURERA_AREA_3G,658
"732693126",RUIRU_KIMBO_3G,604
"732699221",RUIRU_KIMBO_4G,964
"732703461",RUIRU_KIMBO_2G,146
"732708282",RUIRU_KARURA_4G,664
"732712129",RUIRU_MILLS_2G,40
"732717847",RUIRU_MAHETERO_3G,7186
"732720655",RUIRU_DESTINY_3G,140
"732733410",RUIRU_DESTINY_3G,1188
"732734287",RUIRU_MURERA_AREA_4G,6
"732741528",RUIRU_MoW_3G,1212
"732758037",RUIRU_3G,202
"732767153",RUIRU_MAHETERO_3G,766
"732795110",RUIRU_MoW_3G,1954
"732806884",RUIRU_KIMBO_3G,890
"732808109",RUIRU_2G,
"732817099",RUIRU_4G,1226
"732819717",RUIRU_MOW_2G,54
"732833429",RUIRU_KWIHOTA_2G,600
"732834875",RUIRU_KARURA_2G,
"732842625",RUIRU_FORT_JESUS_2G,82
"732848120",RUIRU_KIMBO_2G,644
"732854732",RUIRU_4G,1686
"732857637",RUIRU_FORT_JESUS_4G,2680
"732858650",RUIRU_FORT_JESUS_2G,896
"732873941",RUIRU_FORT_JESUS_2G,988
"732875454",RUIRU_KIMBO_3G,562
"732881395",RUIRU_MOW_4G,
"732885233",RUIRU_KIMBO_3G,
"732900438",RUIRU_KIMBO_4G,2126
"732902705",RUIRU_FORT_JESUS_2G,70
"732907008",RUIRU_FORT_JESUS_2G,544
"732909383",RUIRU_KIMBO_3G,488
"732909893",RUIRU_MOW_4G,44
"732923930",RUIRU_KWIHOTA_4G,1936
"732925770",RUIRU_FORT_JESUS_2G,406
"732934301",RUIRU_MOW_4G,540
"732939437",RUIRU_KIMBO_3G,820
"732943894",RUIRU_FORT_JESUS_2G,232
"732944295",RUIRU_KWIHOTA_3G,2946
"732949238",RUIRU_FORT_JESUS_3G,94
"732953136",RUIRU_KIMBO_4G,2444
"732956487",RUIRU_MURERA_AREA_2G,
"732961482",RUIRU_MOW_4G,294
"732964002",RUIRU_DESTINY_2G,946
"732972041",RUIRU_MOW_4G,2000
"732976266",RUIRU_BIDCO_2G,890
"732983695",RUIRU_2G,492
"732988240",RUIRU_MURERA_AREA_4G,
"732988896",RUIRU_KWIHOTA_4G,4002
"732990433",RUIRU_MAHETERO_4G,464
"733123526",RUIRU_FORT_JESUS_2G,26
"733125002",RUIRU_BIDCO_3G,1182
"733148668",RUIRU_DESTINY_4G,3928
"733172381",RUIRU_MoW_3G,74
"733183121",RUIRU_DESTINY_3G,
