"TELEPHONIC_ADDRESS_ID","SITE_NAME","3"
"100100577",KIAMBU_LAW_COURTS_3G,138
"100116552",KIAMBUGI_2G,108
"100123633",THIGIO_KIAMBU_3G,252
"100123892",RUMINYI_KIAMBU_2G,692
"100134894",KIAMBU_RIABAI_4G,8214
"100147943",THIGIO_KIAMBU_2G,158
"100206851",RUMINYI_KIAMBU_4G,
"100242620",ORANGE_KIAMBU_KAWAIDA_2G,284
"100277430",KIAMBU_LAW_COURTS_4G,2152
"100277940",KIAMBU_TOWN_3G,3292
"100315328",KIAMBU_LAW_COURTS_3G,1166
"100317481",KIAMBU_TOWN_2G,238
"100320235",KIAMBU_THEMBIGUA_2G,698
"100380284",KIAMBU_TOWN_2G,358
"100381147",KIAMBU_TOWN_2G,482
"100385922",KIAMBU_RIABAI_3G,802
"100418467",KIAMBU_TOWN_4G,1316
"100425849",KIAMBU_REYMARK_HOTEL_4G,46
"100439670",KIAMBUGI_2G,
"100441392",KANUNGA_KIAMBU_2G,504
"100480469",THIGIO_KIAMBU_2G,386
"100497620",KANUNGA_KIAMBU_3G,1346
"100517200",KIAMBU_KAMITI_2G,304
"100523166",KANUNGA_KIAMBU_2G,312
"100523580",RUMINYI_KIAMBU_4G,1714
"100569303",KIAMBU_THEMBIGUA_4G,764
"100582843",KIAMBU_RIABAI_3G,294
"100583088",KIAMBU_REYMARK_HOTEL_4G,900
"100621812",RUMINYI_KIAMBU_4G,480
"100646223",KIAMBU_REYMARK_HOTEL_3G,1032
"100646400",KIAMBU_RIABAI_2G,0
"100659863",KIAMBU_RIABAI_4G,848
"100764568",THIGIO_KIAMBU_4G,540
"100769510",KIAMBU_THEMBIGUA_2G,
"100791488",KIAMBU_KAMITI_4G,314
"100803512",KIAMBUGI_4G,24
"100806170",KIAMBU_RIABAI_2G,168
"100814250",KIAMBUGI_3G,22
"100839468",KIAMBUGI_3G,192
"100843032",KIAMBU_TOWN_2G,538
"100876252",RUMINYI_KIAMBU_4G,358
"100878248",KIAMBU_KAMITI_2G,118
"100887665",KIAMBU_RIABAI_4G,6000
"100920204",KIAMBU_KAMITI_2G,120
"100957398",KIAMBU_THEMBIGUA_3G,670
"100961466",KIAMBU_THEMBIGUA_2G,
"100961583",KIAMBU_THEMBIGUA_2G,
"100963446",KIAMBU_KASARINI_NEW_2G,390
"101043475",THIGIO_KIAMBU_2G,210
"101071770",KIAMBU_LAW_COURTS_2G,278
"101080024",THIGIO_KIAMBU_2G,3456
"101095729",KIAMBU_KAMITI_4G,400
"101241030",KIAMBU_THEMBIGUA_4G,118
"101241079",KIAMBU_TOWN_2G,1882
"101261631",KIAMBU_REYMARK_HOTEL_3G,3014
"101281584",KIAMBU_RIABAI_4G,954
"101282288",RUMINYI_KIAMBU_4G,2762
"101315220",THIGIO_KIAMBU_2G,316
"101320235",KIAMBU_REYMARK_HOTEL_4G,2084
"101360628",KIAMBU_RIABAI_4G,2036
"101391473",RUMINYI_KIAMBU_4G,328
"101396519",KIAMBU_LAW_COURTS_2G,126
"101400240",KIAMBU_RIABAI_4G,460
"101412454",KIAMBU_RIABAI_3G,824
"101413561",KIAMBU_KAMITI_2G,0
"101429448",KIAMBU_REYMARK_HOTEL_3G,1366
"101450712",KIAMBU_KAMITI_4G,1986
"101468472",KIAMBU_THEMBIGUA_4G,3696
"101536072",ORANGE_KIAMBU_KAWAIDA_3G,56
"101539213",ORANGE_KIAMBU_KAWAIDA_4G,1264
"101547703",KIAMBU_RIABAI_4G,80
"101550720",KIAMBU_LAW_COURTS_3G,64
"101576071",KIAMBU_KAMITI_2G,184
"101599228",KIAMBU_TOWN_2G,
"101633599",KIAMBU_KAMITI_4G,7578
"101633797",KIAMBUGI_2G,952
"101665181",KIAMBU_KAMITI_4G,1118
"101669954",KIAMBU_LAW_COURTS_2G,794
"101673448",KIAMBU_TOWN_2G,454
"101675096",KIAMBU_RIABAI_4G,2800
"101687701",KANUNGA_KIAMBU_4G,38
"101709055",ORANGE_KIAMBU_KAWAIDA_4G,498
"101710452",KIAMBU_REYMARK_HOTEL_3G,4084
"101716197",KIAMBU_REYMARK_HOTEL_4G,
"101742675",KIAMBU_REYMARK_HOTEL_4G,4662
"101744693",KIAMBU_THEMBIGUA_4G,
"101766203",KIAMBU_RIABAI_3G,1956
"101820833",KIAMBU_RIABAI_4G,198
"101844926",KIAMBU_NORTH_4G,968
"101848964",THIGIO_KIAMBU_2G,94
"101877373",KIAMBU_KASARINI_NEW_2G,208
"101886132",KIAMBU_TOWN_2G,242
"101906485",THIGIO_KIAMBU_4G,2012
"101934465",KIAMBU_TOWN_2G,572
"101967203",THIGIO_KIAMBU_2G,58
"101967632",THIGIO_KIAMBU_2G,
"101975782",THIGIO_KIAMBU_2G,260
"101981044",KANUNGA_KIAMBU_2G,784
"101987495",KANUNGA_KIAMBU_2G,386
"102001917",KIAMBU_KAMITI_4G,868
"102004077",ORANGE_KIAMBU_KAWAIDA_2G,54
"102034438",KIAMBU_TOWN_4G,646
"102039250",KIAMBU_LAW_COURTS_2G,
"102060965",RUMINYI_KIAMBU_2G,438
"102063120",KIAMBU_LAW_COURTS_4G,542
"102067098",THIGIO_KIAMBU_2G,150
"102075412",KIAMBU_THEMBIGUA_2G,1292
"102094683",KIAMBUGI_2G,48
"102122644",KIAMBU_REYMARK_HOTEL_3G,952
"102126913",KIAMBU_RIABAI_2G,1872
"102127029",KIAMBU_RIABAI_2G,
"102154320",THIGIO_KIAMBU_4G,4260
"102162794",KIAMBU_KAMITI_3G,116
"102167253",KIAMBU_TOWN_2G,356
"102207362",KANUNGA_KIAMBU_4G,2230
"102254814",KIAMBU_KAMITI_4G,4618
"102263763",KIAMBU_TOWN_4G,444
"102263961",KIAMBU_TOWN_2G,500
"102263965",KIAMBU_NORTH_3G,812
"102263972",KIAMBU_TOWN_3G,420
"102267121",KIAMBU_KAMITI_3G,1168
"102296153",KIAMBU_TOWN_2G,638
"102312115",KIAMBUGI_2G,36
"102341144",KIAMBU_RIABAI_4G,1890
"102367707",KANUNGA_KIAMBU_4G,2030
"102407323",THIGIO_KIAMBU_2G,280
"102419889",THIGIO_KIAMBU_2G,272
"102430839",KIAMBU_TOWN_4G,174
"102551504",KIAMBU_THEMBIGUA_3G,734
"102579406",THIGIO_KIAMBU_2G,316
"102597905",RUMINYI_KIAMBU_4G,
"102608541",KANUNGA_KIAMBU_2G,986
"102643124",KIAMBU_TOWN_2G,828
"102668779",KIAMBU_TOWN_3G,
"102679326",ORANGE_KIAMBU_KAWAIDA_2G,100
"102783322",ORANGE_KIAMBU_KAWAIDA_2G,426
"102793648",THIGIO_KIAMBU_2G,184
"102794264",THIGIO_KIAMBU_4G,514
"102804209",KIAMBU_TOWN_3G,740
"102808010",KIAMBU_THEMBIGUA_4G,1116
"102808088",KIAMBU_LAW_COURTS_4G,268
"102808121",KIAMBU_RIABAI_4G,600
"102851569",RUMINYI_KIAMBU_4G,
"102853846",THIGIO_KIAMBU_4G,2324
"102856776",KIAMBU_TOWN_4G,3214
"102912565",KANUNGA_KIAMBU_4G,7156
"102918684",KIAMBU_REYMARK_HOTEL_4G,298
"102919023",RUMINYI_KIAMBU_2G,
"102921244",THIGIO_KIAMBU_4G,80
"102937581",KIAMBUGI_2G,758
"102977686",KIAMBU_TOWN_4G,380
"102980818",KIAMBU_RIABAI_4G,4150
"103025035",THIGIO_KIAMBU_2G,36
"103067401",THIGIO_KIAMBU_3G,636
"103075669",KIAMBU_TOWN_2G,
"103082486",KIAMBU_LAW_COURTS_4G,2612
"103094217",KIAMBUGI_4G,1298
"103108037",KIAMBU_NORTH_2G,78
"103128896",KIAMBU_TOWN_2G,7190
"103129447",KIAMBU_REYMARK_HOTEL_2G,802
"103187548",KIAMBUGI_3G,608
"103193446",KIAMBU_RIABAI_4G,1372
"103203170",KIAMBU_KASARINI_NEW_4G,2266
"103214833",THIGIO_KIAMBU_2G,614
"103221783",THIGIO_KIAMBU_2G,158
"103223819",KIAMBU_TOWN_2G,774
"103236181",KIAMBUGI_2G,632
"103249707",KIAMBUGI_2G,268
"103326073",KIAMBUGI_3G,1548
"103370049",KIAMBU_REYMARK_HOTEL_2G,566
"103387520",KIAMBU_TOWN_2G,646
"103394969",RUMINYI_KIAMBU_2G,1510
"103495543",KIAMBUGI_2G,6
"103500149",KIAMBUGI_2G,368
"103526420",THIGIO_KIAMBU_2G,388
"103551808",KIAMBU_TOWN_2G,306
"103572198",KIAMBU_TOWN_2G,168
"103608816",THIGIO_KIAMBU_3G,36
"103623370",KANUNGA_KIAMBU_2G,58
"103639819",KIAMBUGI_2G,442
"103657372",KIAMBU_REYMARK_HOTEL_3G,
"103686744",KIAMBU_REYMARK_HOTEL_4G,3478
"103702173",RUMINYI_KIAMBU_3G,412
"103752598",KIAMBU_TOWN_2G,1344
"103757902",KIAMBUGI_4G,136
"103771739",RUMINYI_KIAMBU_3G,712
"103775228",KIAMBU_RIABAI_4G,2516
"103834459",KIAMBU_RIABAI_4G,548
"103854242",KIAMBU_TOWN_2G,262
"103877439",KIAMBU_LAW_COURTS_2G,434
"103897766",KIAMBU_THEMBIGUA_2G,3526
"103900457",KIAMBU_LAW_COURTS_4G,
"103913781",KIAMBU_TOWN_2G,394
"103936897",KIAMBUGI_2G,68
"103943798",KIAMBU_REYMARK_HOTEL_3G,2824
"103990152",KIAMBU_TOWN_2G,600
"104010119",KIAMBU_KAMITI_2G,54
"104075064",KANUNGA_KIAMBU_3G,1240
"104100130",KIAMBU_KAMITI_2G,452
"104126234",KIAMBU_REYMARK_HOTEL_4G,1922
"104146650",KIAMBU_LAW_COURTS_4G,600
"104296238",KIAMBUGI_4G,20
"104312115",KIAMBU_LAW_COURTS_3G,3490
"104438338",KIAMBU_REYMARK_HOTEL_3G,180
"104468732",KIAMBU_THEMBIGUA_2G,1502
"104664479",RUMINYI_KIAMBU_3G,120
"104817963",KIAMBU_RIABAI_3G,566
"105010061",KIAMBU_LAW_COURTS_4G,13866
"105010186",KIAMBU_RIABAI_2G,846
"105010193",KIAMBU_REYMARK_HOTEL_2G,510
"105058878",KIAMBU_RIABAI_3G,
"105100199",KIAMBU_REYMARK_HOTEL_3G,6710
"105100559",KIAMBU_THEMBIGUA_4G,1110
"105101372",KIAMBU_THEMBIGUA_2G,2528
"105101681",KANUNGA_KIAMBU_2G,190
"105106918",KANUNGA_KIAMBU_4G,2944
"105154844",KIAMBU_RIABAI_4G,778
"105155134",THIGIO_KIAMBU_3G,3266
"105172108",THIGIO_KIAMBU_3G,290
"105172290",THIGIO_KIAMBU_2G,96
"105332831",KIAMBU_RIABAI_4G,1590
"105423973",THIGIO_KIAMBU_4G,224
"105427307",KIAMBU_KAMITI_2G,98
"105429108",KIAMBU_LAW_COURTS_4G,200
"105569164",KIAMBU_REYMARK_HOTEL_4G,
"105576371",KANUNGA_KIAMBU_2G,280
"105593760",KIAMBU_RIABAI_3G,
"105597788",KIAMBUGI_2G,450
"105604526",KIAMBUGI_2G,178
"105605236",KANUNGA_KIAMBU_2G,182
"105605654",KIAMBU_LAW_COURTS_3G,
"105713067",KIAMBU_LAW_COURTS_2G,714
"105713647",KIAMBU_REYMARK_HOTEL_4G,3450
"105719774",KIAMBU_KAMITI_4G,3264
"105775076",KIAMBUGI_3G,3960
"105783814",KANUNGA_KIAMBU_3G,1572
"105783859",KIAMBU_REYMARK_HOTEL_2G,638
"105819721",KIAMBU_KAMITI_4G,34
"105845368",KIAMBUGI_2G,18
"105861334",KIAMBU_RIABAI_4G,64
"105877011",THIGIO_KIAMBU_2G,464
"730300037",KIAMBU_KAMITI_2G,1632
"731000715",KIAMBU_TOWN_3G,5522
"731025221",KIAMBU_NORTH_2G,312
"731044937",KIAMBUGI_2G,586
"731054178",THIGIO_KIAMBU_4G,2600
"731058157",KIAMBU_LAW_COURTS_3G,
"731063760",RUMINYI_KIAMBU_3G,4206
"731067716",KIAMBU_REYMARK_HOTEL_4G,9460
"731075585",THIGIO_KIAMBU_2G,92
"731099079",KIAMBU_LAW_COURTS_4G,2402
"731133565",KIAMBU_KAMITI_4G,884
"731149464",KIAMBU_THEMBIGUA_4G,764
"731210206",KIAMBU_KAMITI_2G,
"731223468",KIAMBU_RIABAI_4G,3990
"731230123",KIAMBU_LAW_COURTS_4G,2788
"731278202",KIAMBU_REYMARK_HOTEL_4G,996
"731295818",KIAMBU_KAMITI_2G,366
"731314069",KIAMBU_RIABAI_3G,
"731316395",KIAMBU_REYMARK_HOTEL_3G,
"731344213",KIAMBU_TOWN_4G,6732
"731357987",KIAMBU_TOWN_2G,360
"731377948",KIAMBU_KASARINI_NEW_2G,824
"731378378",KIAMBU_REYMARK_HOTEL_4G,
"731385804",RUMINYI_KIAMBU_3G,100
"731399342",KIAMBU_NORTH_3G,64
"731407298",KIAMBU_RIABAI_3G,594
"731442012",KIAMBU_REYMARK_HOTEL_3G,1490
"731450607",KIAMBU_REYMARK_HOTEL_3G,1250
"731466091",KIAMBU_KAMITI_4G,
"731466602",KIAMBU_REYMARK_HOTEL_4G,
"731500929",KIAMBU_KAMITI_3G,276
"731505681",KIAMBU_TOWN_2G,660
"731511210",KIAMBU_REYMARK_HOTEL_3G,422
"731523023",KIAMBU_TOWN_2G,90
"731527597",THIGIO_KIAMBU_3G,760
"731529335",THIGIO_KIAMBU_3G,810
"731541474",KIAMBU_REYMARK_HOTEL_4G,60
"731557070",RUMINYI_KIAMBU_4G,4594
"731558757",KIAMBUGI_2G,
"731578497",KIAMBU_KASARINI_NEW_3G,422
"731590505",KIAMBU_THEMBIGUA_2G,670
"731603375",KIAMBU_TOWN_3G,2334
"731608167",ORANGE_KIAMBU_KAWAIDA_2G,590
"731614629",KANUNGA_KIAMBU_3G,1112
"731623457",KIAMBU_TOWN_3G,826
"731638916",KIAMBU_REYMARK_HOTEL_4G,792
"731639621",KIAMBU_REYMARK_HOTEL_4G,6898
"731645817",KIAMBU_THEMBIGUA_3G,148
"731648305",KIAMBU_REYMARK_HOTEL_4G,
"731649432",KIAMBU_KAMITI_4G,2628
"731660270",KIAMBU_THEMBIGUA_2G,1110
"731693194",KIAMBU_THEMBIGUA_2G,1048
"731701844",KIAMBU_KAMITI_3G,2700
"731709406",KIAMBU_KAMITI_3G,406
"731719854",KIAMBU_REYMARK_HOTEL_2G,548
"731737396",KIAMBU_KAMITI_4G,
"731740043",KIAMBU_TOWN_2G,578
"731754173",KIAMBU_REYMARK_HOTEL_4G,262
"731754473",KIAMBU_KAMITI_2G,
"731768368",KIAMBU_KASARINI_NEW_3G,1306
"731770974",THIGIO_KIAMBU_3G,248
"731782882",KIAMBU_REYMARK_HOTEL_4G,354
"731783979",RUMINYI_KIAMBU_2G,28
"731792693",KIAMBU_NORTH_4G,304
"731797907",KIAMBU_KAMITI_4G,7086
"731798883",KIAMBU_THEMBIGUA_3G,2
"731807002",KIAMBU_TOWN_3G,654
"731861473",RUMINYI_KIAMBU_2G,1434
"731873951",RUMINYI_KIAMBU_2G,308
"731874572",KIAMBUGI_2G,218
"731876462",ORANGE_KIAMBU_KAWAIDA_2G,572
"731900455",THIGIO_KIAMBU_4G,2184
"731902193",KIAMBU_LAW_COURTS_4G,58
"731936754",THIGIO_KIAMBU_2G,482
"731941833",KIAMBU_TOWN_4G,
"731942321",KIAMBU_TOWN_2G,1056
"731943439",KIAMBU_TOWN_2G,2632
"731952531",KANUNGA_KIAMBU_4G,2500
"731955578",KIAMBU_THEMBIGUA_2G,4
"731972643",KANUNGA_KIAMBU_2G,
"731978563",THIGIO_KIAMBU_2G,974
"731980289",KIAMBU_TOWN_3G,710
"731980620",KIAMBU_KASARINI_NEW_2G,688
"731985691",KIAMBU_RIABAI_3G,12
"731987350",THIGIO_KIAMBU_2G,124
"731992061",KANUNGA_KIAMBU_2G,234
"732011886",KANUNGA_KIAMBU_3G,378
"732017713",KIAMBU_TOWN_3G,4492
"732036618",KIAMBU_THEMBIGUA_2G,28
"732077742",KIAMBU_REYMARK_HOTEL_2G,1340
"732080772",KIAMBUGI_2G,110
"732082830",KIAMBU_RIABAI_2G,122
"732086394",KIAMBU_REYMARK_HOTEL_3G,4412
"732096697",KIAMBUGI_2G,1268
"732207971",KIAMBU_THEMBIGUA_3G,
"732208995",KIAMBUGI_2G,244
"732234695",KIAMBU_KAMITI_3G,76
"732240000",KIAMBU_THEMBIGUA_4G,5458
"732255155",THIGIO_KIAMBU_3G,500
"732277487",KIAMBU_REYMARK_HOTEL_4G,1240
"732279012",THIGIO_KIAMBU_2G,
"732279093",THIGIO_KIAMBU_2G,54
"732290755",KANUNGA_KIAMBU_3G,2870
"732310133",KIAMBUGI_4G,826
"732337564",KIAMBUGI_2G,46
"732347387",KIAMBU_KAMITI_2G,282
"732379391",KIAMBU_RIABAI_2G,54
"732388343",KANUNGA_KIAMBU_3G,1356
"732392422",KIAMBU_RIABAI_2G,626
"732434533",KIAMBU_REYMARK_HOTEL_2G,2000
"732435756",KIAMBU_LAW_COURTS_2G,546
"732448806",KIAMBU_REYMARK_HOTEL_3G,1082
"732471500",THIGIO_KIAMBU_3G,320
"732484475",THIGIO_KIAMBU_3G,68
"732504031",KANUNGA_KIAMBU_3G,136
"732507233",KIAMBU_RIABAI_3G,742
"732511612",KIAMBU_TOWN_2G,
"732512741",KANUNGA_KIAMBU_2G,14
"732518416",KIAMBUGI_2G,0
"732531207",KIAMBU_NORTH_4G,
"732536287",KANUNGA_KIAMBU_3G,3036
"732547502",KIAMBU_RIABAI_2G,168
"732547947",KANUNGA_KIAMBU_4G,1900
"732548319",KIAMBU_LAW_COURTS_2G,258
"732587481",KIAMBU_REYMARK_HOTEL_3G,676
"732595966",THIGIO_KIAMBU_2G,648
"732597360",KIAMBU_LAW_COURTS_3G,11872
"732610224",KIAMBU_REYMARK_HOTEL_4G,1966
"732623511",KIAMBU_LAW_COURTS_4G,510
"732629257",THIGIO_KIAMBU_3G,1954
"732642291",KIAMBU_TOWN_3G,530
"732643493",KIAMBU_REYMARK_HOTEL_3G,774
"732644024",KIAMBU_LAW_COURTS_3G,2844
"732649860",KIAMBU_THEMBIGUA_4G,8000
"732662108",KIAMBU_KAMITI_4G,
"732662875",KIAMBU_RIABAI_2G,394
"732669319",KIAMBU_LAW_COURTS_4G,2924
"732670481",KIAMBU_TOWN_2G,294
"732677836",KIAMBU_RIABAI_4G,620
"732703214",KIAMBUGI_2G,304
"732718223",THIGIO_KIAMBU_2G,20
"732733632",KIAMBUGI_2G,302
"732737535",THIGIO_KIAMBU_2G,
"732748287",KIAMBU_KAMITI_3G,180
"732791585",KIAMBU_REYMARK_HOTEL_3G,266
"732850631",KIAMBU_REYMARK_HOTEL_2G,550
"732860861",KIAMBU_TOWN_4G,62
"732878675",KIAMBU_LAW_COURTS_4G,560
"732887950",KIAMBU_NORTH_2G,560
"732891164",KIAMBUGI_3G,314
"732900783",KIAMBUGI_2G,178
"732905654",ORANGE_KIAMBU_KAWAIDA_4G,1114
"732911175",RUMINYI_KIAMBU_3G,170
"732915098",THIGIO_KIAMBU_2G,838
"732948098",KIAMBU_KASARINI_NEW_4G,4452
"732995511",KIAMBU_THEMBIGUA_4G,400
"732995900",KIAMBU_REYMARK_HOTEL_4G,2524
"732998676",KIAMBU_TOWN_3G,616
"733127455",THIGIO_KIAMBU_4G,2150
"733137576",KIAMBUGI_2G,198
"733200791",THIGIO_KIAMBU_4G,320
"733230618",RUMINYI_KIAMBU_3G,2350
"733233578",KIAMBU_TOWN_2G,230
"733259421",KIAMBU_RIABAI_3G,896
"733259604",KANUNGA_KIAMBU_2G,186
"733270907",KIAMBU_TOWN_3G,608
"733292020",KIAMBU_KASARINI_NEW_2G,280
"733295339",KIAMBUGI_2G,442
"733324836",KIAMBU_REYMARK_HOTEL_3G,1172
"733326770",RUMINYI_KIAMBU_3G,122
"733333367",RUMINYI_KIAMBU_2G,250
"733333586",RUMINYI_KIAMBU_3G,882
"733369546",KIAMBU_TOWN_2G,162
"733381483",ORANGE_KIAMBU_KAWAIDA_2G,406
"733385127",KIAMBU_TOWN_4G,1968
"733388669",KANUNGA_KIAMBU_4G,
"733388823",THIGIO_KIAMBU_2G,350
"733433187",KIAMBU_REYMARK_HOTEL_3G,2170
"733457157",KIAMBU_TOWN_4G,
"733475888",KIAMBU_LAW_COURTS_4G,2
"733486368",KIAMBU_LAW_COURTS_4G,188
"733491905",THIGIO_KIAMBU_3G,2518
"733497546",KIAMBU_REYMARK_HOTEL_4G,4000
"733500754",KIAMBUGI_2G,164
"733501037",RUMINYI_KIAMBU_3G,500
"733508480",KIAMBU_TOWN_4G,786
"733550419",KIAMBU_THEMBIGUA_3G,2070
"733551924",KIAMBU_KAMITI_3G,578
"733555976",KIAMBU_TOWN_4G,1374
"733561377",KIAMBU_REYMARK_HOTEL_2G,916
"733568405",KIAMBU_LAW_COURTS_4G,0
"733589983",KIAMBU_TOWN_2G,3028
"733594583",KIAMBU_RIABAI_4G,0
"733606399",KANUNGA_KIAMBU_2G,176
"733607922",KIAMBU_KASARINI_NEW_4G,4698
"733615788",KIAMBU_TOWN_2G,238
"733635037",KIAMBU_THEMBIGUA_2G,1276
"733656830",KIAMBU_KAMITI_3G,602
"733688921",THIGIO_KIAMBU_2G,48
"733696566",RUMINYI_KIAMBU_4G,1798
"733697677",KIAMBU_TOWN_4G,
"733718759",THIGIO_KIAMBU_2G,170
"733729848",KIAMBU_KAMITI_4G,1288
"733735610",KIAMBU_LAW_COURTS_2G,178
"733769421",KIAMBU_TOWN_3G,1898
"733805139",ORANGE_KIAMBU_KAWAIDA_2G,1676
"733824826",RUMINYI_KIAMBU_3G,304
"733830461",KANUNGA_KIAMBU_2G,618
"733855348",ORANGE_KIAMBU_KAWAIDA_4G,4600
"733877433",KIAMBU_REYMARK_HOTEL_2G,206
"733890050",KIAMBU_REYMARK_HOTEL_4G,2002
"733894708",RUMINYI_KIAMBU_4G,1934
"733900707",THIGIO_KIAMBU_2G,184
"733915882",KIAMBU_REYMARK_HOTEL_3G,1826
"733944015",KIAMBU_REYMARK_HOTEL_4G,300
"733963283",KIAMBU_LAW_COURTS_3G,664
"733969621",KANUNGA_KIAMBU_2G,318
"733969706",KANUNGA_KIAMBU_4G,2498
"733993584",ORANGE_KIAMBU_KAWAIDA_2G,100
"734031745",THIGIO_KIAMBU_2G,544
"734036533",THIGIO_KIAMBU_2G,718
"734038127",RUMINYI_KIAMBU_4G,2082
"734040971",RUMINYI_KIAMBU_3G,518
"734047732",KIAMBU_KAMITI_3G,3944
"734049169",KIAMBUGI_2G,174
"734049441",THIGIO_KIAMBU_4G,
"734061750",KANUNGA_KIAMBU_4G,1318
"734062432",THIGIO_KIAMBU_2G,96
"734068863",KIAMBU_RIABAI_3G,6640
"734076028",KIAMBU_RIABAI_3G,4000
"734076854",KIAMBU_REYMARK_HOTEL_4G,116
"734084365",KIAMBU_LAW_COURTS_3G,2554
"734087932",KIAMBU_REYMARK_HOTEL_3G,416
"734098094",KIAMBU_KAMITI_3G,1128
"734200077",KIAMBU_THEMBIGUA_4G,3168
"734203990",KANUNGA_KIAMBU_2G,1358
"734213622",KIAMBUGI_3G,898
"734219006",KIAMBU_THEMBIGUA_2G,494
"734219728",ORANGE_KIAMBU_KAWAIDA_3G,298
"734223049",KIAMBU_TOWN_3G,146
"734255486",KIAMBU_REYMARK_HOTEL_4G,638
"734263930",KANUNGA_KIAMBU_4G,2056
"734277366",KIAMBU_RIABAI_4G,1386
"734292365",THIGIO_KIAMBU_2G,202
"734327223",KIAMBU_KAMITI_4G,440
"734332327",KIAMBU_TOWN_3G,1438
"734336663",KIAMBU_TOWN_2G,600
"734339111",KIAMBU_THEMBIGUA_4G,12964
"734348470",KIAMBU_TOWN_2G,398
"734377826",KIAMBU_RIABAI_3G,2746
"734382195",KIAMBUGI_2G,0
"734390223",KIAMBU_THEMBIGUA_4G,4144
"734412102",KIAMBU_LAW_COURTS_3G,36
"734433999",KIAMBU_KAMITI_4G,3916
"734454976",KIAMBU_REYMARK_HOTEL_4G,3738
"734458465",KANUNGA_KIAMBU_4G,12
"734476600",KIAMBU_THEMBIGUA_3G,
"734486030",KANUNGA_KIAMBU_4G,8022
"734494958",KIAMBU_TOWN_2G,194
