"TELEPHONIC_ADDRESS_ID","SITE_NAME","3"
"100108388",VOI_PRISON_2G,160
"100193371",VOI_2G,332
"100258286",KALELA_PRIMARY_VOI_3G,4228
"100614733",KALELA_PRIMARY_VOI_3G,396
"100620363",VOI_3G,236
"100655786",VOI_PRISON_2G,616
"100659435",KALELA_PRIMARY_VOI_3G,1424
"100660279",VOI_2G,606
"100664859",VOI_2G,532
"100671051",VOI_PRISON_4G,1576
"100677204",VOI_4G,1086
"100680412",VOI_PRISON_2G,200
"100683012",VOI_PRISON_2G,404
"100693347",KALELA_PRIMARY_VOI_2G,248
"100699719",VOI_2G,1616
"100699802",VOI_PRISON_2G,588
"100713150",VOI_PRISON_4G,360
"100713161",VOI_PRISON_2G,242
"100713379",VOI_2G,640
"100713386",VOI_2G,716
"100713519",VOI_4G,5634
"100750872",KALELA_PRIMARY_VOI_3G,2132
"100801727",VOI_2G,2130
"100852098",VOI_PRISON_4G,100
"100891399",VOI_4G,
"100915585",VOI_4G,
"100960906",KALELA_PRIMARY_VOI_4G,446
"100963785",KALELA_PRIMARY_VOI_2G,124
"100977533",VOI_PRISON_2G,2
"100977940",VOI_PRISON_4G,800
"101001362",VOI_4G,1674
"101001384",VOI_3G,910
"101010313",VOI_4G,13080
"101051940",VOI_4G,274
"101071283",VOI_3G,160
"101083882",KALELA_PRIMARY_VOI_4G,3052
"101096416",KALELA_PRIMARY_VOI_4G,8
"101165286",VOI_PRISON_2G,176
"101173531",VOI_PRISON_2G,702
"101185611",KALELA_PRIMARY_VOI_3G,80
"101187608",VOI_3G,240
"101264951",KALELA_PRIMARY_VOI_3G,3724
"101309440",KALELA_PRIMARY_VOI_2G,1538
"101343763",KALELA_PRIMARY_VOI_3G,5192
"101387080",KALELA_PRIMARY_VOI_4G,3130
"101415312",VOI_PRISON_3G,2064
"101429043",KALELA_PRIMARY_VOI_4G,906
"101448155",VOI_PRISON_2G,834
"101504996",KALELA_PRIMARY_VOI_3G,20
"101542489",KALELA_PRIMARY_VOI_2G,372
"101552446",VOI_2G,54
"101565943",VOI_PRISON_3G,366
"101634202",KALELA_PRIMARY_VOI_4G,4806
"101717293",VOI_4G,3418
"101779807",VOI_3G,1280
"101816803",KALELA_PRIMARY_VOI_3G,1240
"101820056",VOI_4G,1826
"101827202",KALELA_PRIMARY_VOI_4G,3960
"101828281",KALELA_PRIMARY_VOI_4G,3276
"101863800",VOI_3G,20
"101870605",VOI_2G,58
"101875849",KALELA_PRIMARY_VOI_3G,1028
"101876208",VOI_PRISON_2G,
"101939369",VOI_4G,834
"101941408",VOI_PRISON_3G,636
"101953829",KALELA_PRIMARY_VOI_3G,300
"101962484",KALELA_PRIMARY_VOI_3G,3582
"101963881",KALELA_PRIMARY_VOI_2G,480
"101998282",VOI_3G,
"102001127",VOI_2G,40
"102319512",VOI_PRISON_2G,434
"102369464",KALELA_PRIMARY_VOI_4G,5030
"102379317",VOI_4G,190
"102494059",VOI_PRISON_3G,
"102494286",VOI_PRISON_2G,
"102728368",VOI_4G,682
"102753235",VOI_PRISON_4G,2422
"102802950",VOI_PRISON_4G,234
"102976112",VOI_3G,360
"102979936",VOI_2G,0
"102980060",VOI_4G,20
"103018001",VOI_PRISON_2G,468
"103066294",VOI_PRISON_2G,1040
"103133028",VOI_3G,
"103241125",KALELA_PRIMARY_VOI_4G,164
"103361391",KALELA_PRIMARY_VOI_4G,80
"103398128",VOI_2G,1522
"103406252",VOI_3G,220
"103499483",KALELA_PRIMARY_VOI_3G,1130
"103560869",VOI_4G,266
"103637825",KALELA_PRIMARY_VOI_3G,
"103718589",VOI_4G,1058
"103795618",VOI_3G,406
"103880576",VOI_2G,0
"103939500",VOI_4G,316
"103941497",VOI_PRISON_4G,2090
"103988248",VOI_PRISON_3G,1486
"104100344",VOI_4G,1990
"104149739",VOI_PRISON_2G,106
"104430799",KALELA_PRIMARY_VOI_4G,60
"104629507",VOI_3G,438
"105082698",VOI_2G,34
"105082718",VOI_PRISON_2G,326
"105145518",VOI_3G,8040
"105145606",KALELA_PRIMARY_VOI_2G,444
"105145705",VOI_4G,220
"105145741",VOI_2G,376
"105146231",VOI_PRISON_3G,2696
"105147689",VOI_PRISON_3G,1034
"105411370",KALELA_PRIMARY_VOI_2G,
"105415113",VOI_2G,750
"105421789",KALELA_PRIMARY_VOI_2G,974
"105524493",VOI_PRISON_2G,474
"105525336",VOI_2G,794
"105532016",VOI_2G,3352
"105532386",KALELA_PRIMARY_VOI_4G,1304
"105532551",VOI_4G,2512
"105532573",KALELA_PRIMARY_VOI_2G,536
"105532812",KALELA_PRIMARY_VOI_2G,772
"105564976",VOI_PRISON_2G,160
"105580431",VOI_2G,216
"105670077",KALELA_PRIMARY_VOI_3G,1490
"105742350",VOI_4G,2486
"105743965",VOI_PRISON_3G,1704
"105746795",VOI_PRISON_3G,116
"105746860",VOI_4G,2112
"105747039",VOI_PRISON_2G,840
"105747577",VOI_3G,1092
"105803065",VOI_3G,2362
"105901626",VOI_PRISON_4G,438
"730210761",VOI_PRISON_2G,198
"731030257",KALELA_PRIMARY_VOI_3G,3706
"731040209",KALELA_PRIMARY_VOI_2G,438
"731088332",VOI_4G,208
"731088406",VOI_PRISON_2G,2086
"731088469",VOI_PRISON_2G,396
"731088744",VOI_3G,450
"731089251",VOI_PRISON_2G,108
"731093026",VOI_2G,198
"731094571",VOI_PRISON_2G,4
"731109090",VOI_PRISON_2G,282
"731198860",VOI_PRISON_3G,2946
"731218152",VOI_2G,154
"731242198",VOI_PRISON_2G,568
"731266070",VOI_PRISON_2G,352
"731308549",KALELA_PRIMARY_VOI_4G,128
"731388570",VOI_PRISON_2G,22
"731396175",VOI_3G,
"731444116",VOI_3G,1124
"731460750",KALELA_PRIMARY_VOI_2G,3580
"731495835",VOI_2G,
"731536606",KALELA_PRIMARY_VOI_2G,862
"731564723",VOI_2G,
"731580585",VOI_PRISON_4G,6900
"731584717",VOI_2G,60
"731586081",VOI_2G,1748
"731586116",VOI_PRISON_2G,670
"731588080",VOI_PRISON_2G,484
"731606106",KALELA_PRIMARY_VOI_2G,1226
"731655371",VOI_2G,210
"731682482",VOI_PRISON_4G,2630
"731696802",VOI_3G,1648
"731801961",KALELA_PRIMARY_VOI_4G,240
"731805153",VOI_PRISON_3G,942
"731834722",VOI_2G,478
"731836279",VOI_3G,566
"731841457",KALELA_PRIMARY_VOI_4G,2538
"731842476",VOI_3G,
"731929869",VOI_PRISON_4G,
"731974028",VOI_2G,
"731987456",KALELA_PRIMARY_VOI_2G,
"731997131",VOI_PRISON_3G,648
"732038731",KALELA_PRIMARY_VOI_4G,20
"732298460",VOI_PRISON_2G,196
"732373385",VOI_3G,3786
"732401399",VOI_2G,
"732437101",VOI_PRISON_4G,420
"732439396",VOI_PRISON_2G,576
"732449939",VOI_3G,1002
"732525498",KALELA_PRIMARY_VOI_3G,8026
"732540142",KALELA_PRIMARY_VOI_4G,80
"732574584",VOI_PRISON_2G,494
"732596300",VOI_PRISON_4G,564
"732597361",KALELA_PRIMARY_VOI_4G,
"732598467",VOI_4G,
"732660778",KALELA_PRIMARY_VOI_2G,1018
"732686096",VOI_PRISON_3G,800
"732689541",VOI_PRISON_2G,806
"732692478",KALELA_PRIMARY_VOI_3G,960
"732748974",KALELA_PRIMARY_VOI_2G,36
"732760037",VOI_PRISON_2G,368
"732768609",VOI_PRISON_3G,1312
"732770855",KALELA_PRIMARY_VOI_2G,4
"732838396",VOI_PRISON_3G,10578
"732891864",VOI_4G,78
"732892135",VOI_3G,3134
"732955424",KALELA_PRIMARY_VOI_2G,596
"732961874",VOI_PRISON_3G,720
"732986851",KALELA_PRIMARY_VOI_2G,
"733120990",VOI_PRISON_2G,1348
"733130667",VOI_PRISON_2G,148
"733135806",KALELA_PRIMARY_VOI_4G,610
"733182183",KALELA_PRIMARY_VOI_2G,188
"733201203",VOI_PRISON_3G,6194
"733217286",VOI_3G,3362
"733217724",VOI_2G,710
"733225547",VOI_3G,250
"733236432",KALELA_PRIMARY_VOI_4G,2474
"733238838",VOI_PRISON_2G,400
"733294888",VOI_PRISON_2G,
"733342976",KALELA_PRIMARY_VOI_2G,1258
"733402847",VOI_PRISON_4G,4042
"733405596",KALELA_PRIMARY_VOI_2G,202
"733437833",KALELA_PRIMARY_VOI_3G,4000
"733479352",KALELA_PRIMARY_VOI_3G,640
"733484446",VOI_2G,270
"733542180",KALELA_PRIMARY_VOI_3G,260
"733652617",VOI_PRISON_3G,448
"733662079",VOI_PRISON_3G,1830
"733713778",VOI_3G,806
"733835484",KALELA_PRIMARY_VOI_3G,286
"733845004",VOI_PRISON_3G,1572
"733872044",KALELA_PRIMARY_VOI_2G,500
"734002756",VOI_3G,740
"734007020",VOI_2G,96
"734040563",VOI_PRISON_2G,104
"734054109",KALELA_PRIMARY_VOI_2G,774
"734055053",KALELA_PRIMARY_VOI_4G,8372
"734055294",VOI_3G,80
"734059414",KALELA_PRIMARY_VOI_3G,1262
"734061690",KALELA_PRIMARY_VOI_2G,1890
"734363145",KALELA_PRIMARY_VOI_4G,
"734382700",VOI_PRISON_3G,282
"734395381",KALELA_PRIMARY_VOI_3G,226
"734432662",KALELA_PRIMARY_VOI_2G,64
"734434249",VOI_2G,452
"734505432",VOI_4G,
"734506515",KALELA_PRIMARY_VOI_3G,1146
"734531482",KALELA_PRIMARY_VOI_4G,948
"734601320",KALELA_PRIMARY_VOI_4G,1680
"734647952",VOI_2G,186
"734678643",VOI_2G,158
"734679160",KALELA_PRIMARY_VOI_3G,760
"734708548",KALELA_PRIMARY_VOI_4G,480
"734733193",KALELA_PRIMARY_VOI_3G,3622
"734747498",VOI_2G,
"734863160",KALELA_PRIMARY_VOI_4G,178
"734910707",KALELA_PRIMARY_VOI_4G,2350
"734973673",VOI_2G,728
"734984986",VOI_PRISON_2G,
"734987338",VOI_4G,0
"734993324",VOI_PRISON_2G,394
"734993478",VOI_3G,1950
"735010132",KALELA_PRIMARY_VOI_4G,1502
"735076619",KALELA_PRIMARY_VOI_4G,4162
"735180109",VOI_PRISON_4G,754
"735181118",VOI_PRISON_2G,1590
"735186390",VOI_PRISON_2G,1076
"735212943",KALELA_PRIMARY_VOI_4G,
"735263023",VOI_PRISON_3G,2476
"735286249",VOI_PRISON_3G,
"735329877",VOI_3G,
"735334846",VOI_PRISON_2G,1872
"735390413",VOI_PRISON_3G,682
"735404624",VOI_3G,78
"735437087",VOI_2G,1378
"735477837",VOI_PRISON_2G,1342
"735501745",VOI_2G,80
"735502401",VOI_2G,146
"735528131",KALELA_PRIMARY_VOI_3G,1248
"735528837",VOI_4G,2890
"735530253",KALELA_PRIMARY_VOI_4G,2288
"735541050",KALELA_PRIMARY_VOI_2G,910
"735542000",VOI_4G,
"735558780",VOI_PRISON_2G,92
"735559548",KALELA_PRIMARY_VOI_3G,744
"735568456",VOI_PRISON_2G,346
"735578194",VOI_3G,628
"735578590",KALELA_PRIMARY_VOI_4G,4000
"735605600",VOI_PRISON_3G,1146
"735606017",VOI_2G,116
"735610601",KALELA_PRIMARY_VOI_3G,598
"735652006",VOI_PRISON_2G,118
"735673904",VOI_2G,358
"735677167",VOI_2G,1186
"735691576",VOI_PRISON_2G,1794
"735699039",VOI_PRISON_4G,
"735705421",VOI_2G,
"735733602",KALELA_PRIMARY_VOI_4G,6216
"735742096",KALELA_PRIMARY_VOI_2G,622
"735766446",VOI_2G,678
"735767312",VOI_PRISON_4G,4458
"735767804",VOI_2G,500
"735788720",VOI_3G,228
"735799252",KALELA_PRIMARY_VOI_2G,118
"735858307",KALELA_PRIMARY_VOI_3G,2016
"735905716",VOI_3G,1440
"735924258",VOI_PRISON_2G,66
"735995323",VOI_2G,642
"736010339",VOI_4G,246
"736011638",KALELA_PRIMARY_VOI_3G,216
"736012943",KALELA_PRIMARY_VOI_2G,400
"736013857",VOI_PRISON_4G,2434
"736019725",VOI_PRISON_2G,1580
"736056366",VOI_2G,28
"736074525",VOI_PRISON_2G,914
"736084175",VOI_PRISON_3G,90
"736085542",VOI_3G,40
"736093862",VOI_PRISON_4G,116
"736094788",VOI_PRISON_3G,96
"736095600",KALELA_PRIMARY_VOI_4G,2370
"736096847",VOI_4G,1348
"736098455",VOI_PRISON_3G,4282
"736113986",VOI_PRISON_3G,80
"736123236",VOI_PRISON_3G,3360
"736123288",KALELA_PRIMARY_VOI_2G,1176
"736158123",VOI_3G,966
"736162715",KALELA_PRIMARY_VOI_3G,1030
"736203377",VOI_PRISON_2G,1132
"736203638",VOI_PRISON_4G,2918
"736203641",VOI_PRISON_3G,3322
"736205183",VOI_PRISON_4G,1192
"736206185",VOI_4G,4
"736241692",KALELA_PRIMARY_VOI_2G,
"736255902",VOI_PRISON_2G,2952
"736321360",KALELA_PRIMARY_VOI_4G,2628
"736417098",VOI_PRISON_4G,0
"736435307",VOI_PRISON_3G,126
"736446688",KALELA_PRIMARY_VOI_4G,4000
"736457247",KALELA_PRIMARY_VOI_3G,1124
"736521223",VOI_3G,508
"736570578",VOI_3G,630
"736605521",VOI_3G,
"736647581",KALELA_PRIMARY_VOI_2G,500
"736653707",VOI_PRISON_4G,528
"736660572",VOI_4G,3222
"736703804",VOI_PRISON_2G,156
"736764954",KALELA_PRIMARY_VOI_2G,324
"736768029",VOI_PRISON_2G,922
"736824444",VOI_3G,
"736883165",VOI_PRISON_3G,1554
"736885936",VOI_PRISON_2G,94
"736920099",KALELA_PRIMARY_VOI_2G,294
"736948653",KALELA_PRIMARY_VOI_3G,170
"736959592",VOI_2G,168
"736963879",KALELA_PRIMARY_VOI_3G,198
"736988205",VOI_2G,112
"736990337",KALELA_PRIMARY_VOI_4G,192
"737004367",VOI_4G,216
"737010735",VOI_4G,694
"737042090",VOI_PRISON_4G,2440
"737048782",VOI_3G,518
"737051744",KALELA_PRIMARY_VOI_3G,1480
"737125433",KALELA_PRIMARY_VOI_4G,180
"737128300",VOI_2G,0
"737140740",KALELA_PRIMARY_VOI_3G,1834
"737170920",VOI_PRISON_4G,
"737176638",VOI_2G,
"737178826",KALELA_PRIMARY_VOI_4G,488
"737211798",VOI_2G,2942
"737229366",VOI_PRISON_2G,608
"737234368",VOI_PRISON_2G,900
"737251409",VOI_4G,2024
"737255915",VOI_PRISON_3G,4778
"737261848",VOI_4G,82
"737263549",VOI_2G,902
"737297702",VOI_3G,270
"737300964",VOI_PRISON_2G,298
"737311341",VOI_3G,228
"737369267",VOI_4G,1632
"737380080",KALELA_PRIMARY_VOI_3G,1080
"737383272",KALELA_PRIMARY_VOI_2G,1196
"737384415",VOI_PRISON_2G,92
"737411551",VOI_PRISON_2G,1006
"737439147",VOI_3G,176
"737480969",VOI_PRISON_2G,
"737490907",KALELA_PRIMARY_VOI_2G,172
"737524643",VOI_4G,106
"737530129",KALELA_PRIMARY_VOI_3G,380
"737571140",VOI_PRISON_2G,42
"737603059",KALELA_PRIMARY_VOI_4G,2164
"737635009",VOI_PRISON_2G,738
"737645855",VOI_PRISON_3G,1136
"737662650",VOI_PRISON_2G,
"737664034",VOI_3G,708
"737695009",KALELA_PRIMARY_VOI_4G,1404
"737696412",VOI_PRISON_4G,20
"737697551",VOI_PRISON_2G,200
"737704554",KALELA_PRIMARY_VOI_2G,546
"737716499",VOI_PRISON_4G,2628
"737716792",VOI_PRISON_2G,880
"737718483",VOI_PRISON_2G,606
"737725553",VOI_PRISON_3G,8004
"737732167",VOI_PRISON_2G,
"737735442",VOI_3G,620
"737754266",KALELA_PRIMARY_VOI_4G,204
"737767455",VOI_2G,188
"737792127",VOI_PRISON_4G,
"737792170",VOI_4G,2776
"737810956",KALELA_PRIMARY_VOI_3G,490
"737811063",VOI_PRISON_3G,4006
"737828546",KALELA_PRIMARY_VOI_3G,120
"737846259",KALELA_PRIMARY_VOI_3G,692
"737854087",VOI_4G,402
"737889076",VOI_3G,178
"737907583",KALELA_PRIMARY_VOI_2G,378
"737913539",VOI_2G,364
"737997698",VOI_2G,636
"738005614",VOI_PRISON_3G,736
"738016189",KALELA_PRIMARY_VOI_2G,68
"738023069",KALELA_PRIMARY_VOI_2G,1182
"738042275",VOI_PRISON_4G,1488
"738073763",VOI_PRISON_2G,4
"738136654",VOI_2G,4
"738157845",KALELA_PRIMARY_VOI_4G,3656
"738159273",KALELA_PRIMARY_VOI_4G,618
"738161833",KALELA_PRIMARY_VOI_4G,590
"738191862",VOI_PRISON_4G,414
"738192863",VOI_PRISON_2G,3822
"738203323",VOI_PRISON_2G,140
"738220821",VOI_PRISON_2G,96
"738227141",VOI_PRISON_4G,76
"738308842",VOI_PRISON_2G,
"738527516",VOI_PRISON_2G,
"738531859",VOI_PRISON_4G,442
"738532654",KALELA_PRIMARY_VOI_4G,3932
"738606352",KALELA_PRIMARY_VOI_4G,874
"738607502",VOI_2G,396
"738615142",VOI_3G,650
"738619771",KALELA_PRIMARY_VOI_2G,96
"738629033",VOI_3G,40
"738644184",KALELA_PRIMARY_VOI_4G,
"738664783",VOI_2G,2690
"738681281",VOI_PRISON_2G,20
"738695278",VOI_PRISON_2G,36
"738733837",VOI_3G,1706
"738737861",VOI_PRISON_2G,1076
"738741350",VOI_PRISON_2G,416
"738768055",VOI_PRISON_2G,1100
"738776754",VOI_PRISON_3G,2138
"738794348",VOI_PRISON_2G,392
"738841201",VOI_PRISON_2G,302
"738849624",VOI_PRISON_2G,258
"738913415",VOI_2G,4036
"738988935",VOI_4G,70
"739021537",VOI_PRISON_2G,
"739076197",VOI_PRISON_4G,6104
"739104345",VOI_PRISON_3G,1460
"739111124",VOI_PRISON_4G,44
"739111168",VOI_3G,632
"739163025",VOI_3G,650
"739241394",VOI_3G,130
"739261155",KALELA_PRIMARY_VOI_2G,338
"739265318",VOI_PRISON_2G,978
"739269322",VOI_2G,2380
"739405996",VOI_PRISON_4G,2986
"739567636",VOI_PRISON_2G,526
"739610519",KALELA_PRIMARY_VOI_4G,
"739610867",KALELA_PRIMARY_VOI_2G,486
"739611323",VOI_PRISON_2G,866
"739661841",VOI_PRISON_3G,138
"739678543",VOI_3G,608
"739680739",KALELA_PRIMARY_VOI_2G,198
"739692576",VOI_2G,240
"739701848",VOI_PRISON_2G,1874
"739719712",VOI_3G,1592
"739727606",KALELA_PRIMARY_VOI_2G,974
"739745082",KALELA_PRIMARY_VOI_2G,1410
"739785886",VOI_PRISON_3G,1634
"739881805",VOI_2G,464
"739898831",VOI_2G,438
"739899810",VOI_PRISON_2G,880
"739902957",KALELA_PRIMARY_VOI_3G,2836
"739954722",KALELA_PRIMARY_VOI_2G,70
"750000801",KALELA_PRIMARY_VOI_2G,1004
"750024617",VOI_PRISON_2G,586
"750065236",VOI_2G,46
"750079259",VOI_PRISON_4G,1236
"750166314",VOI_PRISON_4G,78
"750271996",VOI_PRISON_2G,488
"750309099",VOI_PRISON_2G,858
"750309925",KALELA_PRIMARY_VOI_3G,848
"750337771",KALELA_PRIMARY_VOI_3G,798
"750367256",VOI_3G,1362
"750369365",VOI_2G,
"750370507",KALELA_PRIMARY_VOI_3G,1562
"750378438",VOI_PRISON_4G,5348
"750437313",KALELA_PRIMARY_VOI_4G,880
"750452193",VOI_2G,292
"750476143",VOI_PRISON_3G,120
"750485729",KALELA_PRIMARY_VOI_3G,3610
"750550902",KALELA_PRIMARY_VOI_2G,140
"750599597",VOI_3G,1480
"750613730",VOI_3G,406
"750669400",KALELA_PRIMARY_VOI_2G,3000
"750677591",KALELA_PRIMARY_VOI_3G,252
"750715399",VOI_PRISON_4G,6562
"750720343",KALELA_PRIMARY_VOI_4G,586
"750721757",VOI_4G,1038
"750721813",VOI_4G,1858
