date,unemp_rate,ob_date,inflation_breakeven
01/01/1948,3.4,03/03/2017,2.04
01/02/1948,3.8,06/03/2017,2.01
01/03/1948,4,07/03/2017,2.03
01/04/1948,3.9,08/03/2017,2.01
01/05/1948,3.5,09/03/2017,2
01/06/1948,3.6,10/03/2017,2.01
01/07/1948,3.6,13/03/2017,2.01
01/08/1948,3.9,14/03/2017,1.99
01/09/1948,3.8,15/03/2017,2.01
01/10/1948,3.7,16/03/2017,2.02
01/11/1948,3.8,17/03/2017,2.01
01/12/1948,4,20/03/2017,2
01/01/1949,4.3,21/03/2017,1.98
01/02/1949,4.7,22/03/2017,1.97
01/03/1949,5,23/03/2017,1.95
01/04/1949,5.3,24/03/2017,1.98
01/05/1949,6.1,27/03/2017,1.97
01/06/1949,6.2,28/03/2017,1.97
01/07/1949,6.7,29/03/2017,1.98
01/08/1949,6.8,30/03/2017,1.96
01/09/1949,6.6,31/03/2017,1.97
01/10/1949,7.9,03/04/2017,1.96
01/11/1949,6.4,04/04/2017,1.96
01/12/1949,6.6,05/04/2017,1.97
01/01/1950,6.5,06/04/2017,1.95
01/02/1950,6.4,07/04/2017,1.94
01/03/1950,6.3,10/04/2017,1.93
01/04/1950,5.8,11/04/2017,1.91
01/05/1950,5.5,12/04/2017,1.9
01/06/1950,5.4,13/04/2017,1.92
01/07/1950,5,14/04/2017,#N/A
01/08/1950,4.5,17/04/2017,1.88
01/09/1950,4.4,18/04/2017,1.85
01/10/1950,4.2,19/04/2017,1.85
01/11/1950,4.2,20/04/2017,1.85
01/12/1950,4.3,21/04/2017,1.84
01/01/1951,3.7,24/04/2017,1.87
01/02/1951,3.4,25/04/2017,1.91
01/03/1951,3.4,26/04/2017,1.9
01/04/1951,3.1,27/04/2017,1.91
01/05/1951,3,28/04/2017,1.92
01/06/1951,3.2,01/05/2017,1.92
01/07/1951,3.1,02/05/2017,1.88
01/08/1951,3.1,03/05/2017,1.87
01/09/1951,3.3,04/05/2017,1.86
01/10/1951,3.5,05/05/2017,1.86
01/11/1951,3.5,08/05/2017,1.86
01/12/1951,3.1,09/05/2017,1.86
01/01/1952,3.2,10/05/2017,1.85
01/02/1952,3.1,11/05/2017,1.88
01/03/1952,2.9,12/05/2017,1.84
01/04/1952,2.9,15/05/2017,1.82
01/05/1952,3,16/05/2017,1.82
01/06/1952,3,17/05/2017,1.78
01/07/1952,3.2,18/05/2017,1.8
01/08/1952,3.4,19/05/2017,1.82
01/09/1952,3.1,22/05/2017,1.82
01/10/1952,3,23/05/2017,1.83
01/11/1952,2.8,24/05/2017,1.81
01/12/1952,2.7,25/05/2017,1.8
01/01/1953,2.9,26/05/2017,1.81
01/02/1953,2.6,29/05/2017,#N/A
01/03/1953,2.6,30/05/2017,1.81
01/04/1953,2.7,31/05/2017,1.81
01/05/1953,2.5,01/06/2017,1.81
01/06/1953,2.5,02/06/2017,1.79
01/07/1953,2.6,05/06/2017,1.79
01/08/1953,2.7,06/06/2017,1.77
01/09/1953,2.9,07/06/2017,1.78
01/10/1953,3.1,08/06/2017,1.78
01/11/1953,3.5,09/06/2017,1.78
01/12/1953,4.5,12/06/2017,1.75
01/01/1954,4.9,13/06/2017,1.75
01/02/1954,5.2,14/06/2017,1.71
01/03/1954,5.7,15/06/2017,1.67
01/04/1954,5.9,16/06/2017,1.67
01/05/1954,5.9,19/06/2017,1.67
01/06/1954,5.6,20/06/2017,1.66
01/07/1954,5.8,21/06/2017,1.66
01/08/1954,6,22/06/2017,1.69
01/09/1954,6.1,23/06/2017,1.7
01/10/1954,5.7,26/06/2017,1.71
01/11/1954,5.3,27/06/2017,1.71
01/12/1954,5,28/06/2017,1.73
01/01/1955,4.9,29/06/2017,1.72
01/02/1955,4.7,30/06/2017,1.73
01/03/1955,4.6,03/07/2017,1.75
01/04/1955,4.7,04/07/2017,#N/A
01/05/1955,4.3,05/07/2017,1.75
01/06/1955,4.2,06/07/2017,1.76
01/07/1955,4,07/07/2017,1.73
01/08/1955,4.2,10/07/2017,1.72
01/09/1955,4.1,11/07/2017,1.75
01/10/1955,4.3,12/07/2017,1.76
01/11/1955,4.2,13/07/2017,1.77
01/12/1955,4.2,14/07/2017,1.76
01/01/1956,4,17/07/2017,1.77
01/02/1956,3.9,18/07/2017,1.76
01/03/1956,4.2,19/07/2017,1.76
01/04/1956,4,20/07/2017,1.77
01/05/1956,4.3,21/07/2017,1.76
01/06/1956,4.3,24/07/2017,1.78
01/07/1956,4.4,25/07/2017,1.81
01/08/1956,4.1,26/07/2017,1.8
01/09/1956,3.9,27/07/2017,1.83
01/10/1956,3.9,28/07/2017,1.83
01/11/1956,4.3,31/07/2017,1.82
01/12/1956,4.2,01/08/2017,1.79
01/01/1957,4.2,02/08/2017,1.79
01/02/1957,3.9,03/08/2017,1.78
01/03/1957,3.7,04/08/2017,1.8
01/04/1957,3.9,07/08/2017,1.8
01/05/1957,4.1,08/08/2017,1.83
01/06/1957,4.3,09/08/2017,1.82
01/07/1957,4.2,10/08/2017,1.8
01/08/1957,4.1,11/08/2017,1.79
01/09/1957,4.4,14/08/2017,1.77
01/10/1957,4.5,15/08/2017,1.78
01/11/1957,5.1,16/08/2017,1.78
01/12/1957,5.2,17/08/2017,1.77
01/01/1958,5.8,18/08/2017,1.76
01/02/1958,6.4,21/08/2017,1.75
01/03/1958,6.7,22/08/2017,1.77
01/04/1958,7.4,23/08/2017,1.75
01/05/1958,7.4,24/08/2017,1.75
01/06/1958,7.3,25/08/2017,1.75
01/07/1958,7.5,28/08/2017,1.75
01/08/1958,7.4,29/08/2017,1.74
01/09/1958,7.1,30/08/2017,1.76
01/10/1958,6.7,31/08/2017,1.76
01/11/1958,6.2,01/09/2017,1.79
01/12/1958,6.2,04/09/2017,#N/A
01/01/1959,6,05/09/2017,1.77
01/02/1959,5.9,06/09/2017,1.78
01/03/1959,5.6,07/09/2017,1.79
01/04/1959,5.2,08/09/2017,1.81
01/05/1959,5.1,11/09/2017,1.83
01/06/1959,5,12/09/2017,1.84
01/07/1959,5.1,13/09/2017,1.85
01/08/1959,5.2,14/09/2017,1.85
01/09/1959,5.5,15/09/2017,1.85
01/10/1959,5.7,18/09/2017,1.87
01/11/1959,5.8,19/09/2017,1.87
01/12/1959,5.3,20/09/2017,1.85
01/01/1960,5.2,21/09/2017,1.83
01/02/1960,4.8,22/09/2017,1.84
01/03/1960,5.4,25/09/2017,1.84
01/04/1960,5.2,26/09/2017,1.84
01/05/1960,5.1,27/09/2017,1.87
01/06/1960,5.4,28/09/2017,1.87
01/07/1960,5.5,29/09/2017,1.84
01/08/1960,5.6,02/10/2017,1.83
01/09/1960,5.5,03/10/2017,1.84
01/10/1960,6.1,04/10/2017,1.85
01/11/1960,6.1,05/10/2017,1.86
01/12/1960,6.6,06/10/2017,1.87
01/01/1961,6.6,09/10/2017,#N/A
01/02/1961,6.9,10/10/2017,1.88
01/03/1961,6.9,11/10/2017,1.89
01/04/1961,7,12/10/2017,1.89
01/05/1961,7.1,13/10/2017,1.85
01/06/1961,6.9,16/10/2017,1.84
01/07/1961,7,17/10/2017,1.82
01/08/1961,6.6,18/10/2017,1.84
01/09/1961,6.7,19/10/2017,1.84
01/10/1961,6.5,20/10/2017,1.87
01/11/1961,6.1,23/10/2017,1.86
01/12/1961,6,24/10/2017,1.87
01/01/1962,5.8,25/10/2017,1.88
01/02/1962,5.5,26/10/2017,1.89
01/03/1962,5.6,27/10/2017,1.88
01/04/1962,5.6,30/10/2017,1.87
01/05/1962,5.5,31/10/2017,1.88
01/06/1962,5.5,01/11/2017,1.88
01/07/1962,5.4,02/11/2017,1.87
01/08/1962,5.7,03/11/2017,1.86
01/09/1962,5.6,06/11/2017,1.86
01/10/1962,5.4,07/11/2017,1.88
01/11/1962,5.7,08/11/2017,1.87
01/12/1962,5.5,09/11/2017,1.87
01/01/1963,5.7,10/11/2017,1.88
01/02/1963,5.9,13/11/2017,1.88
01/03/1963,5.7,14/11/2017,1.87
01/04/1963,5.7,15/11/2017,1.85
01/05/1963,5.9,16/11/2017,1.84
01/06/1963,5.6,17/11/2017,1.86
01/07/1963,5.6,20/11/2017,1.85
01/08/1963,5.4,21/11/2017,1.84
01/09/1963,5.5,22/11/2017,1.84
01/10/1963,5.5,23/11/2017,#N/A
01/11/1963,5.7,24/11/2017,1.84
01/12/1963,5.5,27/11/2017,1.83
01/01/1964,5.6,28/11/2017,1.84
01/02/1964,5.4,29/11/2017,1.84
01/03/1964,5.4,30/11/2017,1.86
01/04/1964,5.3,01/12/2017,1.86
01/05/1964,5.1,04/12/2017,1.87
01/06/1964,5.2,05/12/2017,1.86
01/07/1964,4.9,06/12/2017,1.86
01/08/1964,5,07/12/2017,1.87
01/09/1964,5.1,08/12/2017,1.88
01/10/1964,5.1,11/12/2017,1.88
01/11/1964,4.8,12/12/2017,1.89
01/12/1964,5,13/12/2017,1.88
01/01/1965,4.9,14/12/2017,1.87
01/02/1965,5.1,15/12/2017,1.88
01/03/1965,4.7,18/12/2017,1.89
01/04/1965,4.8,19/12/2017,1.91
01/05/1965,4.6,20/12/2017,1.92
01/06/1965,4.6,21/12/2017,1.93
01/07/1965,4.4,22/12/2017,1.94
01/08/1965,4.4,25/12/2017,#N/A
01/09/1965,4.3,26/12/2017,1.94
01/10/1965,4.2,27/12/2017,1.94
01/11/1965,4.1,28/12/2017,1.96
01/12/1965,4,29/12/2017,1.96
01/01/1966,4,01/01/2018,#N/A
01/02/1966,3.8,02/01/2018,2
01/03/1966,3.8,03/01/2018,1.98
01/04/1966,3.8,04/01/2018,2.01
01/05/1966,3.9,05/01/2018,2.01
01/06/1966,3.8,08/01/2018,2.02
01/07/1966,3.8,09/01/2018,2.03
01/08/1966,3.8,10/01/2018,2.03
01/09/1966,3.7,11/01/2018,2
01/10/1966,3.7,12/01/2018,2.01
01/11/1966,3.6,15/01/2018,#N/A
01/12/1966,3.8,16/01/2018,2.03
01/01/1967,3.9,17/01/2018,2.04
01/02/1967,3.8,18/01/2018,2.05
01/03/1967,3.8,19/01/2018,2.06
01/04/1967,3.8,22/01/2018,2.06
01/05/1967,3.8,23/01/2018,2.06
01/06/1967,3.9,24/01/2018,2.07
01/07/1967,3.8,25/01/2018,2.07
01/08/1967,3.8,26/01/2018,2.09
01/09/1967,3.8,29/01/2018,2.09
01/10/1967,4,30/01/2018,2.1
01/11/1967,3.9,31/01/2018,2.11
01/12/1967,3.8,01/02/2018,2.11
01/01/1968,3.7,02/02/2018,2.14
01/02/1968,3.8,05/02/2018,2.1
01/03/1968,3.7,06/02/2018,2.1
01/04/1968,3.5,07/02/2018,2.1
01/05/1968,3.5,08/02/2018,2.09
01/06/1968,3.7,09/02/2018,2.05
01/07/1968,3.7,12/02/2018,2.07
01/08/1968,3.5,13/02/2018,2.05
01/09/1968,3.4,14/02/2018,2.09
01/10/1968,3.4,15/02/2018,2.11
01/11/1968,3.4,16/02/2018,2.09
01/12/1968,3.4,19/02/2018,#N/A
01/01/1969,3.4,20/02/2018,2.1
01/02/1969,3.4,21/02/2018,2.12
01/03/1969,3.4,22/02/2018,2.11
01/04/1969,3.4,23/02/2018,2.12
01/05/1969,3.4,26/02/2018,2.13
01/06/1969,3.5,27/02/2018,2.13
01/07/1969,3.5,28/02/2018,2.12
01/08/1969,3.5,01/03/2018,2.1
01/09/1969,3.7,02/03/2018,2.12
01/10/1969,3.7,05/03/2018,2.13
01/11/1969,3.5,06/03/2018,2.12
01/12/1969,3.5,07/03/2018,2.13
01/01/1970,3.9,08/03/2018,2.11
01/02/1970,4.2,09/03/2018,2.12
01/03/1970,4.4,12/03/2018,2.1
01/04/1970,4.6,13/03/2018,2.09
01/05/1970,4.8,14/03/2018,2.07
01/06/1970,4.9,15/03/2018,2.08
01/07/1970,5,16/03/2018,2.08
01/08/1970,5.1,19/03/2018,2.08
01/09/1970,5.4,20/03/2018,2.08
01/10/1970,5.5,21/03/2018,2.09
01/11/1970,5.9,22/03/2018,2.08
01/12/1970,6.1,23/03/2018,2.07
01/01/1971,5.9,26/03/2018,2.08
01/02/1971,5.9,27/03/2018,2.07
01/03/1971,6,28/03/2018,2.05
01/04/1971,5.9,29/03/2018,2.05
01/05/1971,5.9,30/03/2018,#N/A
01/06/1971,5.9,02/04/2018,2.05
01/07/1971,6,03/04/2018,2.08
01/08/1971,6.1,04/04/2018,2.08
01/09/1971,6,05/04/2018,2.08
01/10/1971,5.8,06/04/2018,2.07
01/11/1971,6,09/04/2018,2.07
01/12/1971,6,10/04/2018,2.08
01/01/1972,5.8,11/04/2018,2.11
01/02/1972,5.7,12/04/2018,2.13
01/03/1972,5.8,13/04/2018,2.13
01/04/1972,5.7,16/04/2018,2.12
01/05/1972,5.7,17/04/2018,2.14
01/06/1972,5.7,18/04/2018,2.16
01/07/1972,5.6,19/04/2018,2.17
01/08/1972,5.6,20/04/2018,2.17
01/09/1972,5.5,23/04/2018,2.18
01/10/1972,5.6,24/04/2018,2.17
01/11/1972,5.3,25/04/2018,2.17
01/12/1972,5.2,26/04/2018,2.18
01/01/1973,4.9,27/04/2018,2.17
01/02/1973,5,30/04/2018,2.17
01/03/1973,4.9,01/05/2018,2.16
01/04/1973,5,02/05/2018,2.17
01/05/1973,4.9,03/05/2018,2.16
01/06/1973,4.9,04/05/2018,2.16
01/07/1973,4.8,07/05/2018,2.17
01/08/1973,4.8,08/05/2018,2.16
01/09/1973,4.8,09/05/2018,2.18
01/10/1973,4.6,10/05/2018,2.17
01/11/1973,4.8,11/05/2018,2.15
01/12/1973,4.9,14/05/2018,2.15
01/01/1974,5.1,15/05/2018,2.18
01/02/1974,5.2,16/05/2018,2.17
01/03/1974,5.1,17/05/2018,2.16
01/04/1974,5.1,18/05/2018,2.15
01/05/1974,5.1,21/05/2018,2.16
01/06/1974,5.4,22/05/2018,2.15
01/07/1974,5.5,23/05/2018,2.14
01/08/1974,5.5,24/05/2018,2.12
01/09/1974,5.9,25/05/2018,2.09
01/10/1974,6,28/05/2018,#N/A
01/11/1974,6.6,29/05/2018,2.04
01/12/1974,7.2,30/05/2018,2.06
01/01/1975,8.1,31/05/2018,2.07
01/02/1975,8.1,01/06/2018,2.09
01/03/1975,8.6,04/06/2018,2.12
01/04/1975,8.8,05/06/2018,2.13
01/05/1975,9,06/06/2018,2.14
01/06/1975,8.8,07/06/2018,2.13
01/07/1975,8.6,08/06/2018,2.11
01/08/1975,8.4,11/06/2018,2.13
01/09/1975,8.4,12/06/2018,2.13
01/10/1975,8.4,13/06/2018,2.12
01/11/1975,8.3,14/06/2018,2.12
01/12/1975,8.2,15/06/2018,2.12
01/01/1976,7.9,18/06/2018,2.12
01/02/1976,7.7,19/06/2018,2.12
01/03/1976,7.6,20/06/2018,2.12
01/04/1976,7.7,21/06/2018,2.11
01/05/1976,7.4,22/06/2018,2.12
01/06/1976,7.6,25/06/2018,2.1
01/07/1976,7.8,26/06/2018,2.12
01/08/1976,7.8,27/06/2018,2.11
01/09/1976,7.6,28/06/2018,2.1
01/10/1976,7.7,29/06/2018,2.11
01/11/1976,7.8,02/07/2018,2.14
01/12/1976,7.8,03/07/2018,2.12
01/01/1977,7.5,04/07/2018,#N/A
01/02/1977,7.6,05/07/2018,2.13
01/03/1977,7.4,06/07/2018,2.12
01/04/1977,7.2,09/07/2018,2.13
01/05/1977,7,10/07/2018,2.13
01/06/1977,7.2,11/07/2018,2.11
01/07/1977,6.9,12/07/2018,2.1
01/08/1977,7,13/07/2018,2.11
01/09/1977,6.8,16/07/2018,2.1
01/10/1977,6.8,17/07/2018,2.09
01/11/1977,6.8,18/07/2018,2.09
01/12/1977,6.4,19/07/2018,2.09
01/01/1978,6.4,20/07/2018,2.11
01/02/1978,6.3,23/07/2018,2.11
01/03/1978,6.3,24/07/2018,2.11
01/04/1978,6.1,25/07/2018,2.13
01/05/1978,6,26/07/2018,2.11
01/06/1978,5.9,27/07/2018,2.12
01/07/1978,6.2,30/07/2018,2.13
01/08/1978,5.9,31/07/2018,2.12
01/09/1978,6,01/08/2018,2.13
01/10/1978,5.8,02/08/2018,2.12
01/11/1978,5.9,03/08/2018,2.12
01/12/1978,6,06/08/2018,2.11
01/01/1979,5.9,07/08/2018,2.13
01/02/1979,5.9,08/08/2018,2.11
01/03/1979,5.8,09/08/2018,2.11
01/04/1979,5.8,10/08/2018,2.09
01/05/1979,5.6,13/08/2018,2.1
01/06/1979,5.7,14/08/2018,2.09
01/07/1979,5.7,15/08/2018,2.08
01/08/1979,6,16/08/2018,2.08
01/09/1979,5.9,17/08/2018,2.08
01/10/1979,6,20/08/2018,2.07
01/11/1979,5.9,21/08/2018,2.08
01/12/1979,6,22/08/2018,2.08
01/01/1980,6.3,23/08/2018,2.09
01/02/1980,6.3,24/08/2018,2.09
01/03/1980,6.3,27/08/2018,2.11
01/04/1980,6.9,28/08/2018,2.11
01/05/1980,7.5,29/08/2018,2.12
01/06/1980,7.6,30/08/2018,2.1
01/07/1980,7.8,31/08/2018,2.08
01/08/1980,7.7,03/09/2018,#N/A
01/09/1980,7.5,04/09/2018,2.1
01/10/1980,7.5,05/09/2018,2.09
01/11/1980,7.5,06/09/2018,2.08
01/12/1980,7.2,07/09/2018,2.1
01/01/1981,7.5,10/09/2018,2.1
01/02/1981,7.4,11/09/2018,2.12
01/03/1981,7.4,12/09/2018,2.12
01/04/1981,7.2,13/09/2018,2.1
01/05/1981,7.5,14/09/2018,2.1
01/06/1981,7.5,17/09/2018,2.1
01/07/1981,7.2,18/09/2018,2.13
01/08/1981,7.4,19/09/2018,2.15
01/09/1981,7.6,20/09/2018,2.15
01/10/1981,7.9,21/09/2018,2.15
01/11/1981,8.3,24/09/2018,2.16
01/12/1981,8.5,25/09/2018,2.16
01/01/1982,8.6,26/09/2018,2.14
01/02/1982,8.9,27/09/2018,2.15
01/03/1982,9,28/09/2018,2.14
01/04/1982,9.3,01/10/2018,2.14
01/05/1982,9.4,02/10/2018,2.12
01/06/1982,9.6,03/10/2018,2.16
01/07/1982,9.8,04/10/2018,2.16
01/08/1982,9.8,05/10/2018,2.16
01/09/1982,10.1,08/10/2018,#N/A
01/10/1982,10.4,09/10/2018,2.17
01/11/1982,10.8,10/10/2018,2.16
01/12/1982,10.8,11/10/2018,2.12
01/01/1983,10.4,12/10/2018,2.12
01/02/1983,10.4,15/10/2018,2.13
01/03/1983,10.3,16/10/2018,2.13
01/04/1983,10.2,17/10/2018,2.13
01/05/1983,10.1,18/10/2018,2.1
01/06/1983,10.1,19/10/2018,2.11
01/07/1983,9.4,22/10/2018,2.11
01/08/1983,9.5,23/10/2018,2.09
01/09/1983,9.2,24/10/2018,2.07
01/10/1983,8.8,25/10/2018,2.05
01/11/1983,8.5,26/10/2018,2.06
01/12/1983,8.3,29/10/2018,2.06
01/01/1984,8,30/10/2018,2.05
01/02/1984,7.8,31/10/2018,2.05
01/03/1984,7.8,01/11/2018,2.02
01/04/1984,7.7,02/11/2018,2.06
01/05/1984,7.4,05/11/2018,2.06
01/06/1984,7.2,06/11/2018,2.07
01/07/1984,7.5,07/11/2018,2.07
01/08/1984,7.5,08/11/2018,2.07
01/09/1984,7.3,09/11/2018,2.04
01/10/1984,7.4,12/11/2018,#N/A
01/11/1984,7.2,13/11/2018,2.02
01/12/1984,7.3,14/11/2018,2
01/01/1985,7.3,15/11/2018,2
01/02/1985,7.2,16/11/2018,2.02
01/03/1985,7.2,19/11/2018,1.99
01/04/1985,7.3,20/11/2018,1.97
01/05/1985,7.2,21/11/2018,1.97
01/06/1985,7.4,22/11/2018,#N/A
01/07/1985,7.4,23/11/2018,1.96
01/08/1985,7.1,26/11/2018,1.96
01/09/1985,7.1,27/11/2018,1.91
01/10/1985,7.1,28/11/2018,1.94
01/11/1985,7,29/11/2018,1.98
01/12/1985,7,30/11/2018,1.97
01/01/1986,6.7,03/12/2018,1.96
01/02/1986,7.2,04/12/2018,1.94
01/03/1986,7.2,05/12/2018,#N/A
01/04/1986,7.1,06/12/2018,1.9
01/05/1986,7.2,07/12/2018,1.89
01/06/1986,7.2,10/12/2018,1.86
01/07/1986,7,11/12/2018,1.83
01/08/1986,6.9,12/12/2018,1.83
01/09/1986,7,13/12/2018,1.83
01/10/1986,7,14/12/2018,1.82
01/11/1986,6.9,17/12/2018,1.81
01/12/1986,6.6,18/12/2018,1.81
01/01/1987,6.6,19/12/2018,1.8
01/02/1987,6.6,20/12/2018,1.76
01/03/1987,6.6,21/12/2018,1.77
01/04/1987,6.3,24/12/2018,1.75
01/05/1987,6.3,25/12/2018,#N/A
01/06/1987,6.2,26/12/2018,1.77
01/07/1987,6.1,27/12/2018,1.74
01/08/1987,6,28/12/2018,1.73
01/09/1987,5.9,31/12/2018,1.71
01/10/1987,6,01/01/2019,#N/A
01/11/1987,5.8,02/01/2019,1.7
01/12/1987,5.7,03/01/2019,1.68
01/01/1988,5.7,04/01/2019,1.76
01/02/1988,5.7,07/01/2019,1.78
01/03/1988,5.7,08/01/2019,1.82
01/04/1988,5.4,09/01/2019,1.83
01/05/1988,5.6,10/01/2019,1.81
01/06/1988,5.4,11/01/2019,1.83
01/07/1988,5.4,14/01/2019,1.81
01/08/1988,5.6,15/01/2019,1.81
01/09/1988,5.4,16/01/2019,1.82
01/10/1988,5.4,17/01/2019,1.79
01/11/1988,5.3,18/01/2019,1.83
01/12/1988,5.3,21/01/2019,#N/A
01/01/1989,5.4,22/01/2019,1.79
01/02/1989,5.2,23/01/2019,1.8
01/03/1989,5,24/01/2019,1.77
01/04/1989,5.2,25/01/2019,1.79
01/05/1989,5.2,28/01/2019,1.78
01/06/1989,5.3,29/01/2019,1.78
01/07/1989,5.2,30/01/2019,1.84
01/08/1989,5.2,31/01/2019,1.85
01/09/1989,5.3,01/02/2019,1.88
01/10/1989,5.3,04/02/2019,1.87
01/11/1989,5.4,05/02/2019,1.87
01/12/1989,5.4,06/02/2019,1.86
01/01/1990,5.4,07/02/2019,1.84
01/02/1990,5.3,08/02/2019,1.82
01/03/1990,5.2,11/02/2019,1.82
01/04/1990,5.4,12/02/2019,1.83
01/05/1990,5.4,13/02/2019,1.86
01/06/1990,5.2,14/02/2019,1.85
01/07/1990,5.5,15/02/2019,1.86
01/08/1990,5.7,18/02/2019,#N/A
01/09/1990,5.9,19/02/2019,1.87
01/10/1990,5.9,20/02/2019,1.89
01/11/1990,6.2,21/02/2019,1.91
01/12/1990,6.3,22/02/2019,1.91
01/01/1991,6.4,25/02/2019,1.92
01/02/1991,6.6,26/02/2019,1.92
01/03/1991,6.8,27/02/2019,1.93
01/04/1991,6.7,28/02/2019,1.95
01/05/1991,6.9,01/03/2019,1.96
01/06/1991,6.9,04/03/2019,1.94
01/07/1991,6.8,05/03/2019,1.93
01/08/1991,6.9,06/03/2019,1.91
01/09/1991,6.9,07/03/2019,1.9
01/10/1991,7,08/03/2019,1.9
01/11/1991,7,11/03/2019,1.91
01/12/1991,7.3,12/03/2019,1.9
01/01/1992,7.3,13/03/2019,1.92
01/02/1992,7.4,14/03/2019,1.94
01/03/1992,7.4,15/03/2019,1.94
01/04/1992,7.4,18/03/2019,1.96
01/05/1992,7.6,19/03/2019,1.95
01/06/1992,7.8,20/03/2019,1.96
01/07/1992,7.7,21/03/2019,1.96
01/08/1992,7.6,22/03/2019,1.9
01/09/1992,7.6,25/03/2019,1.88
01/10/1992,7.3,26/03/2019,1.86
01/11/1992,7.4,27/03/2019,1.84
01/12/1992,7.4,28/03/2019,1.83
01/01/1993,7.3,29/03/2019,1.88
01/02/1993,7.1,01/04/2019,1.9
01/03/1993,7,02/04/2019,1.9
01/04/1993,7.1,03/04/2019,1.91
01/05/1993,7.1,04/04/2019,1.9
01/06/1993,7,05/04/2019,1.9
01/07/1993,6.9,08/04/2019,1.91
01/08/1993,6.8,09/04/2019,1.91
01/09/1993,6.7,10/04/2019,1.94
01/10/1993,6.8,11/04/2019,1.94
01/11/1993,6.6,12/04/2019,1.95
01/12/1993,6.5,15/04/2019,1.94
01/01/1994,6.6,16/04/2019,1.96
01/02/1994,6.6,17/04/2019,1.94
01/03/1994,6.5,18/04/2019,1.95
01/04/1994,6.4,19/04/2019,#N/A
01/05/1994,6.1,22/04/2019,1.95
01/06/1994,6.1,23/04/2019,1.95
01/07/1994,6.1,24/04/2019,1.96
01/08/1994,6,25/04/2019,1.98
01/09/1994,5.9,26/04/2019,1.97
01/10/1994,5.8,29/04/2019,1.96
01/11/1994,5.6,30/04/2019,1.95
01/12/1994,5.5,01/05/2019,1.93
01/01/1995,5.6,02/05/2019,1.89
01/02/1995,5.4,03/05/2019,1.91
01/03/1995,5.4,06/05/2019,1.91
01/04/1995,5.8,07/05/2019,1.87
01/05/1995,5.6,08/05/2019,1.87
01/06/1995,5.6,09/05/2019,1.85
01/07/1995,5.7,10/05/2019,1.88
01/08/1995,5.7,13/05/2019,1.85
01/09/1995,5.6,14/05/2019,1.86
01/10/1995,5.5,15/05/2019,1.83
01/11/1995,5.6,16/05/2019,1.84
01/12/1995,5.6,17/05/2019,1.81
01/01/1996,5.6,20/05/2019,1.81
01/02/1996,5.5,21/05/2019,1.83
01/03/1996,5.5,22/05/2019,1.79
01/04/1996,5.6,23/05/2019,1.73
01/05/1996,5.6,24/05/2019,1.76
01/06/1996,5.3,27/05/2019,#N/A
01/07/1996,5.5,28/05/2019,1.73
01/08/1996,5.1,29/05/2019,1.75
01/09/1996,5.2,30/05/2019,1.74
01/10/1996,5.2,31/05/2019,1.74
01/11/1996,5.4,03/06/2019,1.73
01/12/1996,5.4,04/06/2019,1.74
01/01/1997,5.3,05/06/2019,1.75
01/02/1997,5.2,06/06/2019,1.73
01/03/1997,5.2,07/06/2019,1.74
01/04/1997,5.1,10/06/2019,1.73
01/05/1997,4.9,11/06/2019,1.72
01/06/1997,5,12/06/2019,1.71
01/07/1997,4.9,13/06/2019,1.68
01/08/1997,4.8,14/06/2019,1.63
01/09/1997,4.9,17/06/2019,1.61
01/10/1997,4.7,18/06/2019,1.64
01/11/1997,4.6,19/06/2019,1.67
01/12/1997,4.7,20/06/2019,1.74
01/01/1998,4.6,21/06/2019,1.73
01/02/1998,4.6,24/06/2019,1.71
01/03/1998,4.7,25/06/2019,1.67
01/04/1998,4.3,26/06/2019,1.7
01/05/1998,4.4,27/06/2019,1.68
01/06/1998,4.5,28/06/2019,1.69
01/07/1998,4.5,01/07/2019,1.69
01/08/1998,4.5,02/07/2019,1.65
01/09/1998,4.6,03/07/2019,1.65
01/10/1998,4.5,04/07/2019,#N/A
01/11/1998,4.4,05/07/2019,1.69
01/12/1998,4.4,08/07/2019,1.7
01/01/1999,4.3,09/07/2019,1.71
01/02/1999,4.4,10/07/2019,1.74
01/03/1999,4.2,11/07/2019,1.77
01/04/1999,4.3,12/07/2019,1.77
01/05/1999,4.2,15/07/2019,1.77
01/06/1999,4.3,16/07/2019,1.8
01/07/1999,4.3,17/07/2019,1.75
01/08/1999,4.2,18/07/2019,1.79
01/09/1999,4.2,19/07/2019,1.8
01/10/1999,4.1,22/07/2019,1.79
01/11/1999,4.1,23/07/2019,1.81
01/12/1999,4,24/07/2019,1.79
01/01/2000,4,25/07/2019,1.8
01/02/2000,4.1,26/07/2019,1.78
01/03/2000,4,29/07/2019,1.77
01/04/2000,3.8,30/07/2019,1.78
01/05/2000,4,31/07/2019,1.76
01/06/2000,4,01/08/2019,1.7
01/07/2000,4,02/08/2019,1.66
01/08/2000,4.1,05/08/2019,1.6
01/09/2000,3.9,06/08/2019,1.62
01/10/2000,3.9,07/08/2019,1.62
01/11/2000,3.9,08/08/2019,1.65
01/12/2000,3.9,09/08/2019,1.66
01/01/2001,4.2,12/08/2019,1.61
01/02/2001,4.2,13/08/2019,1.63
01/03/2001,4.3,14/08/2019,1.57
01/04/2001,4.4,15/08/2019,1.54
01/05/2001,4.3,16/08/2019,1.54
01/06/2001,4.5,19/08/2019,1.56
01/07/2001,4.6,20/08/2019,1.53
01/08/2001,4.9,21/08/2019,1.54
01/09/2001,5,22/08/2019,1.55
01/10/2001,5.3,23/08/2019,1.54
01/11/2001,5.5,26/08/2019,1.54
01/12/2001,5.7,27/08/2019,1.55
01/01/2002,5.7,28/08/2019,1.55
01/02/2002,5.7,29/08/2019,1.59
01/03/2002,5.7,30/08/2019,1.55
01/04/2002,5.9,02/09/2019,#N/A
01/05/2002,5.8,03/09/2019,1.5
01/06/2002,5.8,04/09/2019,1.51
01/07/2002,5.8,05/09/2019,1.56
01/08/2002,5.7,06/09/2019,1.54
01/09/2002,5.7,09/09/2019,1.57
01/10/2002,5.7,10/09/2019,1.6
01/11/2002,5.9,11/09/2019,1.6
01/12/2002,6,12/09/2019,1.63
01/01/2003,5.8,13/09/2019,1.67
01/02/2003,5.9,16/09/2019,1.67
01/03/2003,5.9,17/09/2019,1.66
01/04/2003,6,18/09/2019,1.59
01/05/2003,6.1,19/09/2019,1.61
01/06/2003,6.3,20/09/2019,1.61
01/07/2003,6.2,23/09/2019,1.61
01/08/2003,6.1,24/09/2019,1.58
01/09/2003,6.1,25/09/2019,1.6
01/10/2003,6,26/09/2019,1.57
01/11/2003,5.8,27/09/2019,1.53
01/12/2003,5.7,30/09/2019,1.53
01/01/2004,5.7,01/10/2019,1.52
01/02/2004,5.6,02/10/2019,1.5
01/03/2004,5.8,03/10/2019,1.48
01/04/2004,5.6,04/10/2019,1.5
01/05/2004,5.6,07/10/2019,1.51
01/06/2004,5.6,08/10/2019,1.48
01/07/2004,5.5,09/10/2019,1.49
01/08/2004,5.4,10/10/2019,1.52
01/09/2004,5.4,11/10/2019,1.56
01/10/2004,5.5,14/10/2019,#N/A
01/11/2004,5.4,15/10/2019,1.56
01/12/2004,5.4,16/10/2019,1.57
01/01/2005,5.3,17/10/2019,1.59
01/02/2005,5.4,18/10/2019,1.6
01/03/2005,5.2,21/10/2019,1.61
01/04/2005,5.2,22/10/2019,1.61
01/05/2005,5.1,23/10/2019,1.61
01/06/2005,5,24/10/2019,1.62
01/07/2005,5,25/10/2019,1.65
01/08/2005,4.9,28/10/2019,1.64
01/09/2005,5,29/10/2019,1.61
01/10/2005,5,30/10/2019,1.57
01/11/2005,5,31/10/2019,1.54
01/12/2005,4.9,01/11/2019,1.59
01/01/2006,4.7,04/11/2019,1.64
01/02/2006,4.8,05/11/2019,1.68
01/03/2006,4.7,06/11/2019,1.66
01/04/2006,4.7,07/11/2019,1.69
01/05/2006,4.6,08/11/2019,1.71
01/06/2006,4.6,11/11/2019,#N/A
01/07/2006,4.7,12/11/2019,1.7
01/08/2006,4.7,13/11/2019,1.66
01/09/2006,4.5,14/11/2019,1.62
01/10/2006,4.4,15/11/2019,1.63
01/11/2006,4.5,18/11/2019,1.63
01/12/2006,4.4,19/11/2019,1.63
01/01/2007,4.6,20/11/2019,1.6
01/02/2007,4.5,21/11/2019,1.63
01/03/2007,4.4,22/11/2019,1.62
01/04/2007,4.5,25/11/2019,1.62
01/05/2007,4.4,26/11/2019,1.62
01/06/2007,4.6,27/11/2019,1.63
01/07/2007,4.7,28/11/2019,#N/A
01/08/2007,4.6,29/11/2019,1.61
01/09/2007,4.7,02/12/2019,1.65
01/10/2007,4.7,03/12/2019,1.63
01/11/2007,4.7,04/12/2019,1.66
01/12/2007,5,05/12/2019,1.67
01/01/2008,5,06/12/2019,1.69
01/02/2008,4.9,09/12/2019,1.69
01/03/2008,5.1,10/12/2019,1.71
01/04/2008,5,11/12/2019,1.69
01/05/2008,5.4,12/12/2019,1.72
01/06/2008,5.6,13/12/2019,1.7
01/07/2008,5.8,16/12/2019,1.73
01/08/2008,6.1,17/12/2019,1.75
01/09/2008,6.1,18/12/2019,1.76
01/10/2008,6.5,19/12/2019,1.77
01/11/2008,6.8,20/12/2019,1.77
01/12/2008,7.3,23/12/2019,1.75
01/01/2009,7.8,24/12/2019,1.75
01/02/2009,8.3,25/12/2019,#N/A
01/03/2009,8.7,26/12/2019,1.74
01/04/2009,9,27/12/2019,1.73
01/05/2009,9.4,30/12/2019,1.75
01/06/2009,9.5,31/12/2019,1.77
01/07/2009,9.5,01/01/2020,#N/A
01/08/2009,9.6,02/01/2020,1.8
01/09/2009,9.8,03/01/2020,1.77
01/10/2009,10,06/01/2020,1.75
01/11/2009,9.9,07/01/2020,1.74
01/12/2009,9.9,08/01/2020,1.75
01/01/2010,9.8,09/01/2020,1.74
01/02/2010,9.8,10/01/2020,1.76
01/03/2010,9.9,13/01/2020,1.77
01/04/2010,9.9,14/01/2020,1.77
01/05/2010,9.6,15/01/2020,1.75
01/06/2010,9.4,16/01/2020,1.74
01/07/2010,9.4,17/01/2020,1.75
01/08/2010,9.5,20/01/2020,#N/A
01/09/2010,9.5,21/01/2020,1.74
01/10/2010,9.4,22/01/2020,1.72
01/11/2010,9.8,23/01/2020,1.7
01/12/2010,9.3,24/01/2020,1.68
01/01/2011,9.1,27/01/2020,1.63
01/02/2011,9,28/01/2020,1.65
01/03/2011,9,29/01/2020,1.64
01/04/2011,9.1,30/01/2020,1.64
01/05/2011,9,31/01/2020,1.65
01/06/2011,9.1,03/02/2020,1.63
01/07/2011,9,04/02/2020,1.64
01/08/2011,9,05/02/2020,1.66
01/09/2011,9,06/02/2020,1.67
01/10/2011,8.8,07/02/2020,1.66
01/11/2011,8.6,10/02/2020,1.66
01/12/2011,8.5,11/02/2020,1.65
01/01/2012,8.3,12/02/2020,1.66
01/02/2012,8.3,13/02/2020,1.67
01/03/2012,8.2,14/02/2020,1.66
01/04/2012,8.2,17/02/2020,#N/A
01/05/2012,8.2,18/02/2020,1.65
01/06/2012,8.2,19/02/2020,1.65
01/07/2012,8.2,20/02/2020,1.63
01/08/2012,8.1,21/02/2020,1.61
01/09/2012,7.8,24/02/2020,1.59
01/10/2012,7.8,25/02/2020,1.53
01/11/2012,7.7,26/02/2020,1.54
01/12/2012,7.9,27/02/2020,1.53
01/01/2013,8,28/02/2020,1.41
01/02/2013,7.7,02/03/2020,1.41
01/03/2013,7.5,03/03/2020,1.45
01/04/2013,7.6,04/03/2020,1.46
01/05/2013,7.5,05/03/2020,1.4
01/06/2013,7.5,06/03/2020,1.31
01/07/2013,7.3,09/03/2020,0.99
01/08/2013,7.2,10/03/2020,1
01/09/2013,7.2,11/03/2020,0.96
01/10/2013,7.2,12/03/2020,0.92
01/11/2013,6.9,13/03/2020,0.9
01/12/2013,6.7,16/03/2020,0.73
01/01/2014,6.6,17/03/2020,0.63
01/02/2014,6.7,18/03/2020,0.63
01/03/2014,6.7,19/03/2020,0.5
01/04/2014,6.2,20/03/2020,0.75
01/05/2014,6.3,23/03/2020,0.8
01/06/2014,6.1,24/03/2020,0.97
01/07/2014,6.2,25/03/2020,1.07
01/08/2014,6.1,26/03/2020,1.07
01/09/2014,5.9,27/03/2020,0.94
01/10/2014,5.7,30/03/2020,0.95
01/11/2014,5.8,31/03/2020,0.87
01/12/2014,5.6,01/04/2020,0.91
01/01/2015,5.7,02/04/2020,1.03
01/02/2015,5.5,03/04/2020,1.08
01/03/2015,5.4,06/04/2020,1.14
01/04/2015,5.4,07/04/2020,1.17
01/05/2015,5.6,08/04/2020,1.19
01/06/2015,5.3,09/04/2020,1.23
01/07/2015,5.2,10/04/2020,#N/A
01/08/2015,5.1,13/04/2020,1.26
01/09/2015,5,14/04/2020,1.29
01/10/2015,5,15/04/2020,1.19
01/11/2015,5.1,16/04/2020,1.03
01/12/2015,5,17/04/2020,1.01
01/01/2016,4.8,20/04/2020,0.94
01/02/2016,4.9,21/04/2020,0.96
01/03/2016,5,22/04/2020,1.06
01/04/2016,5.1,23/04/2020,1.05
01/05/2016,4.8,24/04/2020,1.11
01/06/2016,4.9,27/04/2020,1.17
01/07/2016,4.8,28/04/2020,1.14
01/08/2016,4.9,29/04/2020,1.14
01/09/2016,5,30/04/2020,1.07
01/10/2016,4.9,01/05/2020,1.06
01/11/2016,4.7,04/05/2020,1.07
01/12/2016,4.7,05/05/2020,1.1
01/01/2017,4.7,06/05/2020,1.1
01/02/2017,4.6,07/05/2020,1.08
01/03/2017,4.4,08/05/2020,1.12
01/04/2017,4.4,11/05/2020,1.13
01/05/2017,4.4,12/05/2020,1.09
01/06/2017,4.3,13/05/2020,1.07
01/07/2017,4.3,14/05/2020,1.06
01/08/2017,4.4,15/05/2020,1.09
01/09/2017,4.3,18/05/2020,1.17
01/10/2017,4.2,19/05/2020,1.15
01/11/2017,4.2,20/05/2020,1.16
01/12/2017,4.1,21/05/2020,1.14
01/01/2018,4,22/05/2020,1.12
01/02/2018,4.1,25/05/2020,#N/A
01/03/2018,4,26/05/2020,1.13
01/04/2018,4,27/05/2020,1.14
01/05/2018,3.8,28/05/2020,1.18
01/06/2018,4,29/05/2020,1.15
01/07/2018,3.8,01/06/2020,1.18
01/08/2018,3.8,02/06/2020,1.18
01/09/2018,3.7,03/06/2020,1.21
01/10/2018,3.8,04/06/2020,1.22
01/11/2018,3.8,05/06/2020,1.27
01/12/2018,3.9,08/06/2020,1.28
01/01/2019,4,09/06/2020,1.26
01/02/2019,3.8,10/06/2020,1.27
01/03/2019,3.8,11/06/2020,1.21
01/04/2019,3.6,12/06/2020,1.21
01/05/2019,3.6,15/06/2020,1.23
01/06/2019,3.6,16/06/2020,1.27
01/07/2019,3.7,17/06/2020,1.26
01/08/2019,3.7,18/06/2020,1.28
01/09/2019,3.5,19/06/2020,1.3
01/10/2019,3.6,22/06/2020,1.34
01/11/2019,3.6,23/06/2020,1.38
01/12/2019,3.6,24/06/2020,1.33
01/01/2020,3.5,25/06/2020,1.33
01/02/2020,3.5,26/06/2020,1.32
01/03/2020,4.4,29/06/2020,1.34
01/04/2020,14.7,30/06/2020,1.34
01/05/2020,13.2,01/07/2020,1.37
01/06/2020,11,02/07/2020,1.41
01/07/2020,10.2,03/07/2020,#N/A
01/08/2020,8.4,06/07/2020,1.45
01/09/2020,7.9,07/07/2020,1.43
01/10/2020,6.9,08/07/2020,1.42
01/11/2020,6.7,09/07/2020,1.39
01/12/2020,6.7,10/07/2020,1.41
01/01/2021,6.4,13/07/2020,1.42
01/02/2021,6.2,14/07/2020,1.41
01/03/2021,6,15/07/2020,1.41
01/04/2021,6,16/07/2020,1.41
01/05/2021,5.8,17/07/2020,1.46
01/06/2021,5.9,20/07/2020,1.46
01/07/2021,5.4,21/07/2020,1.48
01/08/2021,5.2,22/07/2020,1.48
01/09/2021,4.7,23/07/2020,1.49
01/10/2021,4.6,24/07/2020,1.51
01/11/2021,4.2,27/07/2020,1.52
01/12/2021,3.9,28/07/2020,1.51
01/01/2022,4,29/07/2020,1.53
